machine_id,n_points,duration_s,duration_days,avg_interval_s,cpu_mean,cpu_std,cpu_cv,cpu_p5,cpu_p25,cpu_p50,cpu_p75,cpu_p95,cpu_p99,mem_mean,mem_std,net_in_mean,net_out_mean,disk_mean,mkpi_mean,pct_idle,pct_low,pct_mid,pct_high,burstiness,spike_count,trend_per_hour,max_gap_hours,n_long_gaps,profile
m_1932,61570,687780,7.96,92,40.56,13.89,0.342,23,30,38,48,65,90,90.73,4.16,42.66,32.84,6.41,0.4,0.0,22.0,74.6,3.4,1.71,7,0.0353,5.5,54,stable_mid
m_1933,64049,691190,8.0,90,5.69,1.11,0.194,4,5,6,6,8,9,92.5,0.63,23.41,18.97,1.07,0.11,14.0,86.0,0.0,0.0,1.33,0,0.0047,26.1,28,stable_low
m_1934,62209,688640,7.97,100,42.54,13.09,0.308,24,33,41,51,66,80,89.94,6.52,40.63,30.63,8.16,0.57,0.0,15.9,81.0,3.1,1.61,117,0.0098,5.7,62,stable_mid
m_1935,62834,691190,8.0,99,38.67,13.28,0.343,21,29,37,46,62,82,91.17,4.0,48.48,36.13,6.35,0.62,0.0,27.0,70.1,2.8,1.68,269,0.0207,6.4,36,stable_mid
m_1936,61267,688790,7.97,101,39.98,13.15,0.329,22,30,38,48,63,80,90.85,4.44,45.3,36.19,8.06,0.54,0.0,23.4,74.1,2.5,1.66,50,0.0137,5.5,64,stable_mid
m_1937,62030,691190,8.0,100,38.27,15.33,0.4,20,27,35,45,68,89,90.91,3.42,42.69,31.05,10.21,0.45,0.0,32.2,63.0,4.8,1.94,3,0.0633,7.4,55,stable_mid
m_1938,61903,687910,7.96,100,32.35,13.48,0.417,15,22,30,40,57,75,87.3,6.0,45.13,31.08,9.38,0.52,0.0,48.9,49.4,1.6,1.9,35,-0.0418,5.5,30,stable_mid
m_1939,59290,691190,8.0,105,39.59,13.67,0.345,22,30,37,46,64,89,88.7,5.92,45.82,37.37,8.14,0.68,0.0,24.2,72.4,3.4,1.73,7,0.0489,7.4,81,stable_mid
m_1940,61143,683090,7.91,101,36.6,12.8,0.35,19,27,35,45,60,74,91.72,3.18,49.39,36.84,8.51,0.51,0.0,33.5,65.0,1.5,1.71,2,-0.0051,5.5,45,stable_mid
m_1941,59292,684270,7.92,104,32.62,13.02,0.399,15,23,31,40,56,72,88.59,7.78,34.82,23.47,6.13,0.36,0.0,45.3,53.5,1.2,1.81,16,0.0573,5.7,81,stable_mid
m_1942,61150,691190,8.0,102,44.26,11.7,0.264,28,35,43,52,65,76,91.3,3.32,45.26,37.1,9.11,0.8,0.0,8.6,89.2,2.3,1.51,22,0.0011,5.7,64,stable_mid
m_1943,60383,689120,7.98,103,45.28,12.68,0.28,26,36,45,54,67,76,89.96,5.43,44.14,34.32,8.15,0.51,0.0,10.6,86.6,2.9,1.49,10,0.0909,5.7,61,stable_mid
m_1944,63152,691190,8.0,98,38.1,12.99,0.341,21,29,36,46,62,79,90.74,4.01,37.88,26.7,6.6,0.56,0.0,28.3,69.5,2.2,1.72,104,0.0179,5.7,37,stable_mid
m_1945,63189,684290,7.92,97,44.84,10.93,0.244,29,37,44,52,65,75,91.83,3.05,45.22,38.9,7.67,0.61,0.0,5.4,92.5,2.1,1.48,16,-0.006,5.6,36,stable_mid
m_1946,61228,688510,7.97,101,4.61,0.73,0.159,4,4,5,5,6,6,78.47,0.98,16.7,12.2,1.02,0.41,45.8,54.2,0.0,0.0,1.2,0,0.0031,5.7,62,idle_pure
m_1947,60413,691190,8.0,103,42.78,12.93,0.302,24,33,41,51,66,78,89.22,4.8,48.72,39.37,8.51,0.73,0.0,15.5,81.7,2.9,1.61,14,0.0108,5.6,66,stable_mid
m_1948,60215,691190,8.0,103,39.46,12.76,0.323,22,30,38,47,63,75,91.23,4.01,48.84,43.03,7.88,0.47,0.0,24.0,73.9,2.1,1.66,37,0.0053,6.3,45,stable_mid
m_1949,62274,691190,8.0,100,43.48,13.6,0.313,25,33,42,52,67,88,90.7,4.28,43.74,35.68,9.84,0.71,0.0,14.8,81.1,4.0,1.6,9,0.0649,5.5,47,stable_mid
m_1950,60808,685200,7.93,101,40.79,12.89,0.316,23,31,39,49,64,77,90.12,5.03,32.9,26.17,8.28,0.85,0.0,20.7,76.6,2.7,1.64,68,0.0161,5.6,50,stable_mid
m_1951,61668,691190,8.0,101,41.72,13.49,0.323,24,32,39,50,67,80,91.78,3.26,43.7,36.6,8.98,0.76,0.0,18.9,77.5,3.6,1.72,238,-0.0112,5.6,52,stable_mid
m_1952,61104,691190,8.0,102,41.35,12.19,0.295,24,32,40,49,63,76,91.55,3.52,42.61,33.95,6.92,0.54,0.0,17.4,80.6,2.1,1.58,20,0.0115,6.5,56,stable_mid
m_1953,61462,691190,8.0,101,44.8,14.26,0.318,27,34,42,52,74,88,90.29,3.76,44.06,36.69,8.29,0.49,0.0,10.3,83.5,6.2,1.76,72,0.0607,6.8,59,stable_mid
m_1954,61051,691190,8.0,102,47.24,11.47,0.243,30,39,46,55,68,76,91.02,3.75,49.04,43.41,9.17,0.39,0.0,4.3,91.9,3.7,1.48,4,0.0282,5.4,54,stable_mid
m_1955,62909,691170,8.0,99,38.2,12.74,0.334,21,29,36,46,62,76,90.18,4.32,45.26,33.9,6.98,0.44,0.0,27.5,70.7,1.7,1.72,5,0.01,5.7,46,stable_mid
m_1956,62745,691180,8.0,99,46.57,10.47,0.225,31,39,46,54,65,73,91.6,3.17,44.67,36.18,7.63,0.67,0.0,3.3,94.8,1.9,1.41,18,0.0226,5.6,54,stable_mid
m_1957,60089,691190,8.0,104,43.18,12.98,0.3,25,33,42,52,67,78,89.01,4.76,54.31,47.11,8.03,0.71,0.0,15.0,81.6,3.4,1.6,38,0.018,6.7,90,stable_mid
m_1958,61175,686990,7.95,101,40.15,16.2,0.403,22,29,36,47,81,91,91.44,3.46,43.77,35.39,8.33,0.42,0.0,27.2,66.2,6.6,2.25,0,0.0517,5.6,55,stable_mid
m_1959,60187,689990,7.99,103,46.0,12.76,0.277,27,36,45,55,68,77,90.14,5.24,50.27,41.96,6.8,0.93,0.0,9.2,87.2,3.6,1.51,51,0.0034,7.0,45,stable_mid
m_1960,62790,689940,7.99,99,39.45,12.2,0.309,23,30,38,47,62,74,91.15,3.58,47.63,36.83,7.42,0.45,0.0,22.4,76.0,1.6,1.63,23,0.0175,6.0,49,stable_mid
m_1961,61802,691190,8.0,101,38.81,15.9,0.41,19,28,36,47,70,88,87.77,7.93,34.69,23.11,5.88,0.25,0.0,31.1,63.8,5.0,1.94,11,0.1147,5.6,55,stable_mid
m_1962,61766,679840,7.87,99,39.24,12.55,0.32,23,30,37,46,63,79,90.32,4.26,46.4,35.94,9.05,0.55,0.0,23.4,74.1,2.4,1.7,75,0.0071,5.7,45,stable_mid
m_1963,61486,691190,8.0,101,44.13,11.85,0.268,26,35,43,52,64,74,91.54,3.43,46.92,40.26,8.33,0.87,0.0,10.8,87.3,1.9,1.49,33,0.005,5.6,58,stable_mid
m_1964,62962,691190,8.0,99,45.68,10.65,0.233,30,38,45,53,64,73,91.68,3.24,44.93,38.61,7.4,0.47,0.0,4.6,93.8,1.6,1.42,24,0.0037,5.5,45,stable_mid
m_1965,58031,669070,7.74,104,9.56,21.49,2.249,0,0,0,0,55,90,18.19,33.16,0.26,0.2,0.69,0.0,79.8,4.1,12.3,3.8,55.0,0,0.2783,5.6,89,bursty
m_1966,58648,664800,7.69,102,7.79,16.32,2.096,0,0,0,0,45,58,17.75,32.51,0.27,0.21,0.66,0.0,80.1,3.6,16.1,0.2,45.0,0,0.2166,5.7,48,bursty
m_1967,60296,690320,7.99,103,31.81,13.21,0.415,14,22,30,40,56,71,89.53,4.66,35.42,25.29,5.04,0.44,0.0,48.9,49.9,1.1,1.87,13,-0.005,5.7,90,stable_mid
m_1968,62647,689410,7.98,99,35.67,14.76,0.414,18,25,33,43,62,95,91.4,3.29,34.89,24.33,6.05,0.51,0.0,39.3,57.6,3.1,1.88,43,0.0349,5.5,42,stable_mid
m_1969,60387,691190,8.0,103,31.77,13.58,0.428,15,22,29,39,58,74,88.98,4.79,41.03,30.21,7.61,0.55,0.0,51.4,46.9,1.6,2.0,47,0.0011,5.6,65,stable_mid
m_1970,60762,691190,8.0,102,42.87,12.18,0.284,25,34,41,51,64,73,92.06,3.18,42.53,36.74,9.86,0.8,0.0,13.3,84.9,1.8,1.56,18,0.0189,5.6,63,stable_mid
m_1971,60342,691190,8.0,103,6.08,0.39,0.064,6,6,6,6,7,7,33.02,1.69,0.35,0.45,1.0,1.0,0.0,100.0,0.0,0.0,1.17,0,0.0025,6.0,73,stable_low
m_1972,62352,691190,8.0,100,44.42,11.86,0.267,28,35,43,52,65,76,91.24,3.75,45.09,39.3,11.13,0.81,0.0,8.6,88.9,2.5,1.51,7,0.0042,6.5,37,stable_mid
m_1973,59759,676500,7.83,102,41.59,15.82,0.381,22,30,39,49,75,90,88.16,5.99,48.43,40.0,8.07,0.62,0.0,22.7,71.1,6.2,1.92,97,0.0387,5.6,54,stable_mid
m_1974,61433,691190,8.0,101,30.5,13.1,0.429,13,21,29,38,54,70,90.79,3.78,39.96,28.45,5.15,0.7,0.0,52.6,46.4,1.0,1.86,21,0.0041,5.5,58,stable_mid
m_1975,61108,658430,7.62,97,0.02,0.15,6.586,0,0,0,0,0,1,3.86,0.34,0.01,0.02,0.0,0.98,100.0,0.0,0.0,0.0,0.0,0,0.0005,5.6,36,bursty
m_1976,63701,691190,8.0,98,34.67,13.13,0.379,16,25,33,43,58,73,89.74,4.49,40.06,30.84,5.28,0.69,0.0,38.7,59.8,1.5,1.76,5,-0.0021,5.6,28,stable_mid
m_1977,61061,691190,8.0,102,39.3,12.82,0.326,22,30,37,47,63,77,91.88,3.3,41.73,34.19,7.88,0.56,0.0,24.5,73.2,2.2,1.7,15,0.0173,5.6,54,stable_mid
m_1978,62871,689930,7.99,99,44.57,11.99,0.269,26,36,44,53,65,76,91.7,3.68,44.78,38.47,7.88,0.71,0.0,10.5,87.2,2.3,1.48,18,0.0258,6.2,36,stable_mid
m_1979,61606,691180,8.0,101,39.32,15.59,0.396,21,28,36,46,68,92,91.33,3.42,40.92,31.05,7.96,0.79,0.0,29.0,66.2,4.8,1.89,8,0.0691,5.6,63,stable_mid
m_1980,62175,688520,7.97,100,0.3,0.46,1.537,0,0,0,1,1,1,5.0,0.0,0.02,0.02,0.0,0.09,100.0,0.0,0.0,0.0,1.0,0,0.0027,5.4,54,bursty
m_1981,63630,686410,7.94,97,43.19,11.6,0.269,27,34,42,51,63,76,91.18,3.81,48.88,37.55,8.42,0.71,0.0,10.8,87.2,2.0,1.5,3,0.0051,5.6,36,stable_mid
m_1982,61732,691190,8.0,101,36.58,14.35,0.392,18,26,34,44,62,90,90.14,4.49,41.91,31.0,6.13,0.61,0.0,34.9,62.3,2.7,1.82,4,0.0541,8.9,39,stable_mid
m_1983,61393,687910,7.96,101,34.5,12.9,0.374,17,25,33,42,58,72,90.05,4.45,40.32,31.36,3.68,0.63,0.0,39.7,59.0,1.3,1.76,5,0.0338,5.7,81,stable_mid
m_1984,60853,682780,7.9,101,39.0,10.98,0.282,23,31,38,46,58,70,91.69,3.5,51.09,40.44,6.14,1.01,0.0,19.8,79.1,1.1,1.53,0,0.0218,5.5,63,stable_mid
m_1985,62264,683860,7.92,99,34.75,12.42,0.357,18,25,33,42,57,71,89.82,4.65,43.11,32.46,5.32,0.51,0.0,38.9,60.0,1.1,1.73,3,0.0174,5.4,62,stable_mid
m_1986,62388,691170,8.0,100,31.18,16.48,0.529,11,20,28,39,59,93,82.02,18.0,11.33,7.94,5.51,0.6,0.1,53.3,43.1,3.5,2.11,18,0.0038,5.7,54,stable_mid
m_1987,63008,691190,8.0,99,44.08,11.37,0.258,28,35,42,52,64,76,91.49,3.43,47.28,40.14,9.25,0.84,0.0,7.3,90.5,2.2,1.52,9,0.0112,5.6,45,stable_mid
m_1988,59292,684610,7.92,104,40.08,12.19,0.304,24,31,38,48,62,74,91.76,3.44,45.18,36.86,6.67,0.75,0.0,20.2,78.0,1.8,1.63,7,0.0341,6.8,60,stable_mid
m_1989,62652,691190,8.0,99,37.64,13.15,0.349,20,28,36,46,61,74,88.48,7.4,35.14,24.34,6.71,0.57,0.1,30.3,67.9,1.8,1.69,10,0.0631,7.6,36,stable_mid
m_1990,59945,684410,7.92,103,35.31,16.63,0.471,16,23,32,43,67,93,90.47,3.89,41.25,29.12,5.72,0.51,0.0,42.2,53.2,4.6,2.09,11,0.0614,5.6,54,stable_mid
m_1991,60076,691190,8.0,104,39.52,13.36,0.338,21,29,38,48,64,78,89.76,4.82,49.54,39.34,7.64,0.72,0.0,25.2,72.4,2.4,1.68,6,-0.0334,6.3,54,stable_mid
m_1992,61155,686050,7.94,101,41.0,12.92,0.315,23,31,39,50,65,75,91.82,3.32,41.46,35.21,9.25,0.57,0.0,20.7,76.9,2.5,1.67,10,0.02,5.7,54,stable_mid
m_1993,62240,691180,8.0,100,3.55,0.65,0.183,3,3,3,4,5,5,91.18,2.45,24.37,19.13,1.01,0.0,93.3,6.7,0.0,0.0,1.67,0,0.003,5.6,46,idle_pure
m_1994,62019,691190,8.0,100,33.09,12.49,0.377,17,24,31,40,56,74,91.23,3.88,41.22,32.37,7.57,0.42,0.0,46.1,52.5,1.4,1.81,66,0.0118,5.6,36,stable_mid
m_1995,60845,684040,7.92,101,43.35,11.37,0.262,27,35,42,51,64,75,91.82,3.14,47.52,38.71,8.32,0.9,0.0,9.2,88.7,2.0,1.52,0,0.018,5.5,65,stable_mid
m_1996,62878,691190,8.0,99,36.72,13.25,0.361,18,27,35,45,60,77,89.11,6.46,34.63,24.24,6.28,0.58,0.0,32.3,65.7,1.9,1.71,168,0.0786,5.8,39,stable_mid
m_1997,62674,691190,8.0,99,39.64,12.46,0.314,22,30,38,48,62,75,89.19,5.35,45.64,37.21,3.74,0.45,0.0,22.7,75.4,1.8,1.63,1,0.0174,5.7,54,stable_mid
m_1998,58774,691190,8.0,106,7.32,15.73,2.148,0,0,0,0,43,59,18.48,32.02,0.24,0.19,0.77,0.0,80.0,5.8,13.6,0.5,43.0,22,0.1998,13.8,36,bursty
m_1999,59713,691190,8.0,104,46.16,11.92,0.258,30,37,44,54,68,78,88.57,5.76,49.22,41.89,8.98,0.8,0.0,4.7,91.3,4.0,1.55,46,-0.0025,5.4,72,stable_mid
m_2000,61856,686110,7.94,100,52.22,11.02,0.211,35,44,51,60,71,78,88.75,4.83,52.9,46.95,9.79,1.01,0.0,0.6,92.9,6.5,1.39,5,-0.007,6.3,56,stable_high
m_2001,63660,688790,7.97,97,17.74,4.28,0.241,11,13,19,21,23,25,94.57,1.62,31.0,31.13,3.28,1.0,0.0,100.0,0.0,0.0,1.21,0,0.0162,5.6,27,stable_mid
m_2002,61419,691190,8.0,101,33.06,15.7,0.475,15,22,30,40,60,93,91.23,3.41,42.06,33.07,5.19,0.36,0.0,49.2,47.4,3.4,2.0,8,0.0632,5.5,56,stable_mid
m_2003,60768,689980,7.99,102,41.2,12.71,0.309,24,31,39,50,64,76,87.02,6.28,47.48,39.01,10.8,0.71,0.0,19.3,78.4,2.3,1.64,14,0.0356,5.7,81,stable_mid
m_2004,58931,685120,7.93,105,27.21,12.59,0.463,11,18,25,34,50,67,90.73,3.78,38.28,26.28,4.62,0.65,0.1,63.2,36.0,0.8,2.0,19,-0.0257,5.4,89,stable_mid
m_2005,61604,691180,8.0,101,45.12,12.17,0.27,28,36,43,53,69,76,91.55,3.3,44.26,34.35,7.94,0.56,0.0,7.1,88.4,4.5,1.6,14,0.0232,5.6,63,stable_mid
m_2006,60974,687960,7.96,101,42.8,11.84,0.277,26,34,41,50,64,75,91.61,3.33,42.34,33.33,7.07,0.38,0.0,11.8,85.7,2.5,1.56,61,0.018,5.5,53,stable_mid
m_2007,60432,691190,8.0,103,50.92,10.82,0.212,34,43,50,59,69,76,90.95,3.61,47.74,41.75,8.14,0.8,0.0,1.4,94.1,4.4,1.38,2,-0.0037,5.7,63,stable_high
m_2008,59977,689620,7.98,103,45.09,11.29,0.25,29,37,44,53,65,76,91.25,3.77,43.74,34.52,8.55,0.73,0.0,6.7,91.0,2.3,1.48,29,0.0026,5.6,68,stable_mid
m_2009,61764,691180,8.0,101,30.75,13.05,0.425,14,21,29,39,55,69,90.23,4.33,39.88,28.44,3.18,0.84,0.0,52.9,46.2,1.0,1.9,9,-0.0055,5.9,55,stable_mid
m_2010,59646,691180,8.0,104,33.57,12.44,0.371,17,24,31,41,57,72,90.17,4.21,42.21,32.21,5.81,0.52,0.0,43.5,55.3,1.2,1.84,12,-0.0001,7.0,55,stable_mid
m_2011,62518,686100,7.94,99,30.88,12.54,0.406,14,21,29,38,54,69,87.97,6.39,49.17,35.62,5.35,0.5,0.0,52.3,46.8,0.9,1.86,8,-0.0202,5.4,54,stable_mid
m_2012,61064,691190,8.0,102,36.7,16.43,0.448,17,25,33,45,70,90,88.2,5.38,49.21,35.86,12.1,0.45,0.0,38.9,56.1,5.0,2.12,41,0.0771,5.7,54,stable_mid
m_2013,60356,691190,8.0,103,43.52,12.88,0.296,27,34,41,51,66,88,91.96,3.33,45.17,39.58,27.48,0.6,0.0,11.1,85.3,3.6,1.61,35,0.0255,5.6,45,stable_mid
m_2014,64627,691190,8.0,96,37.09,14.96,0.403,19,27,34,44,65,90,90.0,4.49,50.25,38.37,5.96,0.42,0.0,34.0,61.9,4.1,1.91,6,0.0633,5.5,11,stable_mid
m_2015,62936,690670,7.99,99,31.53,12.2,0.387,15,23,30,39,53,69,90.69,3.57,38.53,27.93,5.18,0.71,0.0,49.0,50.0,0.9,1.77,10,0.011,5.7,54,stable_mid
m_2016,61085,691070,8.0,102,31.64,12.99,0.411,14,22,30,39,55,71,90.75,3.63,39.5,27.99,5.29,0.53,0.0,49.2,49.6,1.1,1.83,27,0.0097,5.5,72,stable_mid
m_2017,59973,691190,8.0,104,30.26,12.91,0.427,13,20,29,38,54,69,91.34,3.35,37.16,26.13,4.86,0.58,0.0,52.8,46.2,1.0,1.86,6,0.0207,5.6,72,stable_mid
m_2018,57156,689980,7.99,109,35.81,13.38,0.374,18,26,34,44,60,75,91.38,3.61,42.95,33.19,7.69,0.45,0.0,37.0,61.4,1.6,1.76,68,0.0349,7.3,79,stable_mid
m_2019,63606,691010,8.0,98,35.32,13.21,0.374,18,26,33,42,60,79,90.47,4.06,36.9,26.9,6.74,0.4,0.0,38.2,59.7,2.1,1.82,60,0.0153,5.5,28,stable_mid
m_2020,60196,682690,7.9,102,36.21,13.08,0.361,18,26,34,44,60,77,91.83,3.33,42.33,32.54,6.85,0.39,0.0,34.3,63.9,1.8,1.76,119,-0.0365,7.2,63,stable_mid
m_2021,60526,691190,8.0,103,32.47,12.79,0.394,16,23,30,40,56,72,90.91,4.15,42.32,30.68,5.64,0.43,0.0,47.8,51.1,1.2,1.87,11,0.0068,5.8,73,stable_mid
m_2022,64298,691190,8.0,97,36.03,14.54,0.404,17,25,34,44,62,87,88.27,5.59,44.57,34.85,5.79,0.52,0.0,37.2,59.8,3.0,1.82,21,0.0232,5.7,18,stable_mid
m_2023,61596,689110,7.98,101,44.73,12.69,0.284,27,35,43,53,67,78,90.22,4.38,52.34,43.68,8.23,0.66,0.0,10.2,86.3,3.5,1.56,19,-0.0041,5.4,42,stable_mid
m_2024,63313,691190,8.0,98,31.67,12.93,0.408,15,22,30,40,55,72,89.74,4.36,36.1,26.43,5.82,0.58,0.0,49.2,49.6,1.2,1.83,7,0.002,5.6,43,stable_mid
m_2025,61898,689630,7.98,100,34.36,14.55,0.423,17,24,31,41,60,93,90.97,3.57,43.91,34.78,6.32,0.28,0.0,43.6,53.4,3.0,1.94,37,0.0359,5.6,37,stable_mid
m_2026,59916,673030,7.79,101,41.07,11.78,0.287,25,33,39,48,62,77,91.08,3.75,45.52,39.26,3.65,0.3,0.0,14.8,82.8,2.4,1.59,21,0.0166,5.7,54,stable_mid
m_2027,62354,691190,8.0,100,39.12,16.48,0.421,20,27,36,47,70,95,92.08,2.98,41.14,31.6,6.77,0.5,0.0,30.9,63.9,5.2,1.94,52,0.0491,5.5,29,stable_mid
m_2028,61315,687960,7.96,101,39.02,13.84,0.355,21,28,37,48,65,80,85.68,8.77,46.22,36.48,9.47,0.52,0.0,28.2,68.9,3.0,1.76,67,0.0018,5.8,48,stable_mid
m_2029,59220,672880,7.79,102,43.91,12.98,0.295,26,34,42,52,68,80,92.13,2.97,39.28,29.69,8.16,0.62,0.0,12.3,83.6,4.1,1.62,174,0.0063,5.6,51,stable_mid
m_2030,63929,691190,8.0,97,45.76,12.13,0.265,29,36,44,54,69,78,91.36,4.13,39.95,36.1,9.89,0.71,0.0,5.8,89.8,4.4,1.57,0,-0.0285,5.5,27,stable_mid
m_2031,61557,691190,8.0,101,37.79,16.3,0.431,19,26,34,45,68,94,92.25,3.01,40.4,31.75,8.61,0.65,0.0,35.4,59.8,4.8,2.0,2,0.083,5.6,54,stable_mid
m_2032,63138,687770,7.96,98,32.06,12.82,0.4,15,22,30,40,55,70,90.75,3.68,39.38,27.84,5.48,0.51,0.0,47.6,51.4,1.0,1.83,8,0.0045,5.6,45,stable_mid
m_2033,60604,691180,8.0,103,49.74,11.22,0.226,33,41,49,58,69,77,88.58,6.45,46.57,39.3,14.9,0.57,0.0,1.5,94.0,4.5,1.41,8,0.0152,5.4,80,stable_mid
m_2034,60785,691180,8.0,102,36.14,11.84,0.328,21,27,34,43,58,75,91.08,3.98,47.71,35.14,7.7,0.63,0.0,32.6,65.9,1.5,1.71,7,0.0087,6.9,45,stable_mid
m_2035,62072,691190,8.0,100,41.4,12.56,0.303,24,32,40,49,65,79,89.71,5.43,49.93,41.58,10.28,0.56,0.0,17.4,79.7,3.0,1.62,46,0.0048,5.6,66,stable_mid
m_2036,61763,691190,8.0,101,48.09,12.37,0.257,29,39,47,57,69,77,88.43,5.74,48.55,41.13,11.25,0.77,0.0,5.3,90.2,4.5,1.47,4,0.0034,5.7,49,stable_mid
m_2037,62129,690520,7.99,100,41.24,13.93,0.338,23,31,39,48,66,91,91.27,3.92,44.86,34.72,7.29,0.69,0.0,19.4,76.7,3.9,1.69,10,0.0376,5.7,29,stable_mid
m_2038,62666,687910,7.96,99,41.59,11.28,0.271,24,34,41,49,61,71,92.35,3.32,35.52,29.82,10.01,0.84,0.0,14.7,84.1,1.1,1.49,13,-0.0061,6.4,36,stable_mid
m_2039,61336,691000,8.0,101,50.12,9.92,0.198,33,43,51,57,66,75,90.71,3.7,47.99,42.34,13.9,0.45,0.0,1.6,96.1,2.3,1.29,15,0.0039,8.1,45,stable_high
m_2040,60887,672880,7.79,99,34.15,15.78,0.462,16,23,31,41,62,92,86.2,12.17,39.91,29.51,5.53,0.39,0.0,45.9,50.1,4.1,2.0,6,0.0578,5.6,46,stable_mid
m_2041,60828,691190,8.0,102,38.8,13.53,0.349,21,29,36,47,65,79,91.12,3.44,39.64,28.18,6.66,0.3,0.0,27.0,69.7,3.3,1.81,281,0.0176,5.6,45,stable_mid
m_2042,61839,684290,7.92,100,32.52,13.15,0.404,16,23,30,40,57,74,89.72,4.49,41.18,29.35,5.21,0.76,0.0,47.9,50.7,1.4,1.9,29,0.0196,5.7,54,stable_mid
m_2043,63426,691190,8.0,98,32.9,12.6,0.383,15,24,31,40,55,72,90.73,3.73,41.55,32.0,4.91,0.41,0.0,43.4,55.4,1.2,1.77,22,0.0162,5.6,36,stable_mid
m_2044,62749,691070,8.0,99,37.72,12.23,0.324,21,28,36,45,60,74,91.31,4.23,42.05,34.5,8.01,0.65,0.0,28.3,70.1,1.6,1.67,41,0.0362,5.6,40,stable_mid
m_2045,60816,691190,8.0,102,40.83,16.15,0.396,20,29,38,49,74,90,89.8,6.1,41.39,34.5,8.3,0.58,0.0,25.8,68.5,5.8,1.95,160,0.0845,5.6,54,stable_mid
m_2046,58433,683110,7.91,105,42.21,10.9,0.258,27,34,41,49,61,74,91.31,3.53,46.16,39.39,8.3,0.71,0.0,11.3,87.2,1.5,1.49,11,0.0061,5.7,71,stable_mid
m_2047,63711,691190,8.0,98,40.49,12.1,0.299,24,31,39,48,62,76,90.66,4.3,46.36,37.12,6.69,0.6,0.0,18.8,79.3,2.0,1.59,33,0.0236,5.5,37,stable_mid
m_2048,61625,691070,8.0,101,42.93,13.39,0.312,25,33,41,50,68,83,86.82,10.61,45.38,39.66,6.51,0.68,0.0,14.0,81.4,4.7,1.66,8,0.0552,5.5,68,stable_mid
m_2049,54795,601310,6.96,99,8.66,17.48,2.018,0,0,0,0,48,61,18.83,33.37,0.28,0.23,1.17,0.0,78.7,3.6,17.4,0.3,48.0,2,0.264,5.5,27,bursty
m_2050,60376,691190,8.0,103,32.95,13.86,0.421,15,22,31,41,58,75,87.06,10.6,40.27,28.4,5.02,0.44,0.0,46.3,52.0,1.7,1.87,21,0.0332,5.7,46,stable_mid
m_2051,59131,684800,7.93,104,47.98,11.08,0.231,31,39,47,56,67,76,88.24,5.64,49.28,41.96,13.09,0.54,0.0,2.7,94.4,2.9,1.43,0,-0.001,5.4,72,stable_mid
m_2052,62290,691190,8.0,100,41.31,15.98,0.387,22,30,38,49,72,93,88.91,5.79,42.59,31.26,7.8,0.47,0.0,23.7,70.9,5.4,1.89,70,0.0659,5.7,56,stable_mid
m_2053,61567,689720,7.98,101,46.57,12.57,0.27,29,37,45,54,68,86,91.61,3.27,53.96,46.54,7.75,0.6,0.0,6.1,89.6,4.3,1.51,38,0.0209,6.1,46,stable_mid
m_2054,61994,691190,8.0,100,39.69,14.82,0.373,22,29,36,47,70,87,91.78,2.93,42.01,34.97,6.66,0.53,0.0,26.3,68.7,5.1,1.94,86,0.0623,5.9,33,stable_mid
m_2055,62151,691190,8.0,100,29.51,13.15,0.446,12,20,27,37,54,69,91.69,3.33,38.4,27.94,6.2,0.33,0.0,56.7,42.3,1.0,2.0,9,-0.0474,8.9,27,stable_mid
m_2056,61134,691190,8.0,102,4.98,1.32,0.265,3,4,5,6,7,8,88.79,0.62,23.5,17.93,1.09,0.0,37.4,62.6,0.0,0.0,1.4,0,0.0093,5.5,45,idle_pure
m_2057,62526,685820,7.94,99,27.49,12.7,0.462,11,18,25,35,50,66,90.55,3.96,38.7,27.78,6.69,0.4,0.0,62.0,37.2,0.8,2.0,13,-0.0326,5.7,27,stable_mid
m_2058,61631,691190,8.0,101,40.8,13.11,0.321,23,31,39,49,66,78,90.93,4.1,43.98,36.79,7.87,0.49,0.0,20.2,76.7,3.1,1.69,43,0.0059,6.3,45,stable_mid
m_2059,62202,691190,8.0,100,48.65,10.52,0.216,32,41,49,56,65,75,88.58,5.46,41.1,32.69,8.57,0.87,0.0,2.5,95.4,2.1,1.33,8,0.0062,5.7,38,stable_mid
m_2060,61761,691190,8.0,101,48.57,10.51,0.216,33,41,48,56,66,74,90.86,3.67,46.99,40.98,14.37,0.45,0.0,2.0,95.5,2.5,1.38,6,-0.0159,5.7,52,stable_mid
m_2061,62668,691190,8.0,99,40.26,14.83,0.368,22,29,38,48,67,91,88.68,5.26,46.44,36.06,7.6,0.48,0.0,25.5,70.3,4.2,1.76,115,0.0476,5.6,45,stable_mid
m_2062,62049,691190,8.0,100,35.93,12.05,0.335,19,27,34,43,57,73,91.84,3.48,43.9,35.43,7.37,0.99,0.0,33.1,65.7,1.2,1.68,63,0.0177,5.5,54,stable_mid
m_2063,60988,691180,8.0,102,38.32,16.98,0.443,19,26,35,46,71,96,91.86,3.21,36.02,26.27,6.28,0.46,0.0,34.4,60.3,5.2,2.03,70,0.0825,7.4,41,stable_mid
m_2064,63055,689110,7.98,98,37.23,12.96,0.348,21,27,35,45,61,79,92.12,2.92,39.6,30.03,7.37,0.49,0.0,32.2,65.8,2.0,1.74,35,0.0251,5.6,44,stable_mid
m_2065,62854,684290,7.92,98,36.89,14.01,0.38,19,27,35,44,61,89,89.83,4.69,43.43,31.67,6.83,0.33,0.0,33.3,63.7,3.0,1.74,7,0.0481,5.7,37,stable_mid
m_2066,58675,687190,7.95,105,40.59,12.28,0.302,24,31,39,48,63,76,91.52,3.65,43.1,33.27,7.68,0.62,0.0,19.2,78.7,2.1,1.62,2,-0.0064,6.8,64,stable_mid
m_2067,61761,677590,7.84,99,40.67,12.76,0.314,24,31,38,48,65,77,91.74,3.17,43.23,34.33,9.39,0.91,0.0,20.2,77.3,2.6,1.71,15,-0.0102,5.6,36,stable_mid
m_2068,59127,691070,8.0,105,34.5,13.04,0.378,17,25,32,42,59,74,90.17,4.32,43.92,33.45,7.89,0.52,0.0,41.0,57.5,1.4,1.84,4,-0.0034,8.7,45,stable_mid
m_2069,61466,688500,7.97,101,37.25,12.41,0.333,21,28,35,45,60,76,87.86,6.87,47.37,38.13,7.12,0.62,0.0,30.6,67.6,1.8,1.71,21,0.0148,5.6,63,stable_mid
m_2070,59885,685840,7.94,103,16.96,5.42,0.32,8,11,19,21,24,26,94.46,2.08,29.57,30.09,3.05,1.0,0.0,99.9,0.1,0.0,1.26,0,0.0063,5.9,72,stable_mid
m_2071,63128,685840,7.94,98,42.71,14.78,0.346,23,32,40,51,70,89,91.02,3.95,51.1,41.15,8.22,0.63,0.0,17.4,77.3,5.3,1.75,66,0.034,5.6,34,stable_mid
m_2072,60623,691190,8.0,103,45.19,11.31,0.25,29,37,44,53,66,76,91.79,3.32,38.72,30.36,8.19,0.86,0.0,5.3,92.2,2.5,1.5,0,0.0326,5.7,82,stable_mid
m_2073,60132,687910,7.96,103,39.07,13.39,0.343,21,29,37,47,64,79,88.94,5.44,48.93,40.33,8.83,0.62,0.0,26.2,70.9,2.9,1.73,41,-0.0421,5.8,81,stable_mid
m_2074,61364,688510,7.97,101,45.71,10.89,0.238,30,37,45,53,65,74,91.58,3.14,45.42,38.33,10.83,0.87,0.0,4.4,93.7,1.9,1.44,5,0.0186,5.7,72,stable_mid
m_2075,61079,685200,7.93,101,40.96,16.06,0.392,21,30,38,48,78,90,89.89,4.59,49.47,38.14,6.81,0.46,0.0,24.4,69.1,6.4,2.05,265,0.0641,5.6,57,stable_mid
m_2076,61392,688000,7.96,101,42.08,14.33,0.341,23,31,40,51,67,88,87.29,7.23,40.25,30.29,7.18,0.6,0.0,20.1,75.8,4.1,1.68,139,0.0367,5.6,64,stable_mid
m_2077,60404,691190,8.0,103,9.89,3.05,0.308,5,7,10,12,15,17,93.76,0.87,22.61,18.83,3.15,1.0,0.0,99.9,0.0,0.0,1.5,0,0.0094,5.9,72,stable_low
m_2078,58321,679800,7.87,105,35.32,12.76,0.361,18,26,33,43,59,72,90.65,3.95,43.41,33.19,6.4,0.56,0.0,37.6,61.0,1.4,1.79,3,-0.0011,5.8,72,stable_mid
m_2079,61823,689430,7.98,100,30.24,12.97,0.429,13,20,28,38,54,69,90.16,3.98,38.88,27.15,4.98,0.44,0.0,53.8,45.2,1.0,1.93,12,0.0087,6.7,46,stable_mid
m_2080,61416,691190,8.0,101,42.4,11.57,0.273,27,34,41,49,64,77,87.93,6.34,42.67,36.01,8.61,0.92,0.0,10.9,86.7,2.5,1.56,7,0.0325,5.8,55,stable_mid
m_2081,61830,691190,8.0,101,44.33,11.44,0.258,28,36,43,52,65,74,91.44,3.74,46.63,36.29,10.72,0.78,0.0,8.5,89.4,2.1,1.51,0,0.0418,5.5,63,stable_mid
m_2082,63226,691190,8.0,98,42.37,13.95,0.329,23,32,40,51,68,80,87.61,6.63,51.14,43.5,9.84,0.83,0.0,18.9,76.9,4.2,1.7,73,0.013,5.6,39,stable_mid
m_2083,61393,691190,8.0,101,29.76,14.13,0.475,12,19,27,37,55,79,90.52,3.91,33.77,22.35,4.55,0.38,0.0,57.0,41.1,1.8,2.04,256,-0.0275,5.7,63,stable_mid
m_2084,61323,690680,7.99,101,43.06,12.72,0.295,25,33,41,51,66,78,90.26,4.42,40.09,33.35,9.64,0.63,0.0,14.0,82.8,3.2,1.61,14,0.0043,5.4,45,stable_mid
m_2085,61753,687250,7.95,100,4.99,1.21,0.242,3,4,5,6,7,8,90.83,0.64,22.71,19.45,1.16,0.27,32.7,67.3,0.0,0.0,1.4,0,0.0041,5.8,36,idle_pure
m_2086,61239,691180,8.0,102,42.56,12.48,0.293,24,33,41,51,65,75,91.6,3.57,44.66,36.2,9.58,0.57,0.0,15.5,82.1,2.3,1.59,22,0.0144,5.8,45,stable_mid
m_2087,60335,691180,8.0,103,7.23,1.14,0.158,5,6,7,8,9,10,89.62,0.69,28.58,23.27,6.05,0.01,0.1,99.9,0.0,0.0,1.29,0,0.0021,5.5,54,stable_low
m_2088,63155,691190,8.0,98,43.9,13.57,0.309,26,34,42,52,68,87,88.14,5.87,45.24,36.65,8.45,0.85,0.0,13.2,82.5,4.4,1.62,23,0.0315,5.6,36,stable_mid
m_2089,61283,691190,8.0,101,38.98,12.45,0.319,21,30,37,47,61,73,91.15,3.64,39.84,32.46,8.56,0.65,0.0,24.5,74.0,1.5,1.65,8,-0.0053,5.7,45,stable_mid
m_2090,61649,691180,8.0,101,40.9,16.34,0.4,21,29,38,49,72,94,91.19,3.51,44.54,33.43,7.3,0.32,0.0,25.4,69.0,5.6,1.89,16,0.1092,5.6,58,stable_mid
m_2091,59718,691190,8.0,104,32.59,13.16,0.404,15,23,31,40,57,74,90.97,4.11,42.27,31.9,5.85,0.63,0.0,46.2,52.4,1.3,1.84,16,0.0172,5.4,63,stable_mid
m_2092,63203,691190,8.0,98,41.33,12.06,0.292,24,32,40,50,63,73,91.91,3.51,47.28,45.36,9.47,0.6,0.0,17.5,80.8,1.7,1.58,1,-0.0154,5.6,35,stable_mid
m_2093,61644,691190,8.0,101,48.04,10.51,0.219,32,40,47,55,66,76,90.91,3.74,44.45,37.17,12.11,0.35,0.0,1.9,95.5,2.6,1.4,13,-0.004,5.7,45,stable_mid
m_2094,59857,687910,7.96,103,39.09,13.29,0.34,22,29,37,47,64,80,91.3,3.71,44.24,34.27,7.75,0.69,0.0,26.2,71.4,2.4,1.73,46,0.014,5.5,81,stable_mid
m_2095,63353,691180,8.0,98,30.71,12.23,0.398,14,22,29,38,53,67,90.66,3.92,42.1,31.14,5.4,0.56,0.0,51.8,47.3,0.9,1.83,1,-0.0319,6.1,41,stable_mid
m_2096,62718,691190,8.0,99,41.12,13.52,0.329,24,31,39,48,65,90,91.96,3.33,43.27,36.28,8.99,0.7,0.0,19.1,77.4,3.4,1.67,1,0.0465,6.7,36,stable_mid
m_2097,60709,691190,8.0,102,45.08,12.05,0.267,27,36,44,53,66,77,90.07,4.5,42.86,37.98,8.46,0.83,0.0,8.8,88.3,2.9,1.5,4,-0.0181,5.7,63,stable_mid
m_2098,60883,686990,7.95,102,41.7,12.3,0.295,25,32,40,49,64,77,90.41,5.12,44.79,37.36,12.45,0.52,0.0,16.2,81.2,2.5,1.6,36,0.007,8.2,64,stable_mid
m_2099,61047,690120,7.99,102,43.45,13.04,0.3,25,33,42,52,67,77,88.7,4.6,46.03,39.16,9.57,0.74,0.0,15.2,81.5,3.2,1.6,60,-0.0462,6.5,57,stable_mid
m_2100,60357,691190,8.0,103,45.46,11.2,0.246,29,37,44,53,65,76,88.25,4.76,40.24,32.37,12.13,0.71,0.0,5.4,92.1,2.5,1.48,42,0.0115,6.4,72,stable_mid
m_2101,60140,691190,8.0,103,8.06,17.02,2.112,0,0,0,0,47,63,18.37,32.0,0.26,0.21,0.94,0.0,79.5,4.8,15.0,0.6,47.0,4,0.2114,5.6,81,bursty
m_2102,62519,691180,8.0,99,33.67,12.72,0.378,17,24,32,41,57,71,90.11,4.37,42.27,31.61,6.29,0.62,0.0,43.2,55.6,1.2,1.78,11,0.0167,5.6,54,stable_mid
m_2103,64219,688890,7.97,97,33.92,13.21,0.389,17,24,31,41,59,76,91.26,3.5,36.21,26.56,6.68,0.42,0.0,44.3,54.1,1.6,1.9,36,0.0183,6.1,18,stable_mid
m_2104,61957,691190,8.0,100,37.25,13.91,0.373,18,27,35,46,63,76,86.92,7.14,32.35,22.8,10.96,0.55,0.0,33.6,64.4,2.0,1.8,20,0.0268,5.5,48,stable_mid
m_2105,60561,683050,7.91,101,43.5,12.37,0.284,27,34,42,51,66,79,90.89,4.42,48.08,39.22,9.58,0.66,0.0,11.0,85.6,3.3,1.57,59,0.0303,6.5,42,stable_mid
m_2106,61581,683870,7.92,100,40.26,14.75,0.366,22,29,38,48,67,92,85.29,13.85,6.88,4.84,8.17,0.44,0.0,25.6,70.4,4.0,1.76,14,0.0781,5.6,48,stable_mid
m_2107,54597,605780,7.01,100,9.28,19.84,2.137,0,0,0,0,50,89,18.77,33.12,0.27,0.22,0.93,0.0,78.6,4.3,14.5,2.6,50.0,46,0.2873,5.6,27,bursty
m_2108,60693,684290,7.92,101,36.85,13.39,0.363,19,27,34,45,62,78,90.47,3.92,44.74,34.52,8.52,0.49,0.0,34.0,63.9,2.1,1.82,56,0.0247,6.1,64,stable_mid
m_2109,62483,691190,8.0,100,42.32,15.51,0.366,22,31,40,51,72,89,87.12,6.32,34.66,26.88,7.41,0.63,0.0,21.3,73.1,5.5,1.8,62,0.0716,5.5,33,stable_mid
m_2110,60399,691180,8.0,103,39.46,13.7,0.347,21,29,37,48,65,79,91.7,3.41,41.24,32.79,8.43,0.46,0.0,26.5,70.5,2.9,1.76,36,0.0201,5.6,71,stable_mid
m_2111,63270,691190,8.0,98,40.62,12.24,0.301,24,31,39,48,63,76,91.63,3.24,47.06,38.84,7.46,0.51,0.0,19.2,78.9,1.9,1.62,4,-0.0013,5.5,39,stable_mid
m_2112,62985,691190,8.0,99,4.88,0.98,0.2,4,4,5,5,7,8,88.49,0.5,22.8,18.49,1.11,0.02,36.6,63.4,0.0,0.0,1.4,0,0.0049,6.6,35,idle_pure
m_2113,62014,689410,7.98,100,46.06,13.41,0.291,27,36,44,55,71,82,90.4,4.57,43.69,35.49,8.61,0.66,0.0,8.7,85.0,6.3,1.61,129,0.0035,5.5,54,stable_mid
m_2114,62235,690120,7.99,100,43.17,12.85,0.298,25,33,42,52,66,79,91.29,3.35,42.42,33.21,7.92,0.87,0.0,14.3,82.5,3.2,1.57,45,0.0058,5.7,53,stable_mid
m_2115,62166,688870,7.97,100,53.09,10.47,0.197,37,45,53,61,70,77,90.77,3.82,49.82,41.81,48.32,0.75,0.0,0.4,94.1,5.4,1.32,10,-0.0072,7.9,50,stable_high
m_2116,61145,691190,8.0,102,34.7,13.05,0.376,17,25,33,43,58,73,90.3,3.94,41.58,32.03,5.89,0.49,0.0,38.9,59.7,1.4,1.76,12,0.0069,5.6,45,stable_mid
m_2117,60590,686700,7.95,102,32.77,12.74,0.389,16,23,30,40,56,73,88.84,5.02,43.33,32.39,11.27,0.49,0.0,47.2,51.5,1.3,1.87,24,-0.0135,5.4,68,stable_mid
m_2118,59532,691190,8.0,104,42.2,12.15,0.288,26,33,40,50,65,77,91.42,3.18,44.45,40.74,7.64,0.75,0.0,13.2,84.1,2.7,1.62,14,0.018,9.5,45,stable_mid
m_2119,61260,691190,8.0,102,45.87,10.61,0.231,30,38,45,53,65,73,89.07,4.8,46.49,42.11,9.9,0.85,0.0,3.8,94.2,1.9,1.44,1,0.0112,6.1,66,stable_mid
m_2120,60406,691190,8.0,103,46.18,14.76,0.32,28,36,43,54,75,91,91.23,3.66,45.66,35.62,7.63,0.44,0.0,8.1,84.8,7.0,1.74,18,0.0741,5.6,72,stable_mid
m_2121,62698,691190,8.0,99,43.2,13.08,0.303,25,33,41,51,67,80,91.25,3.54,52.64,43.88,8.47,0.77,0.0,14.4,81.6,4.0,1.63,75,0.019,5.7,36,stable_mid
m_2122,59610,681890,7.89,103,38.33,13.89,0.362,19,28,36,48,63,78,91.19,3.69,46.95,36.48,7.92,0.71,0.0,30.6,67.1,2.3,1.75,70,0.0469,5.7,63,stable_mid
m_2123,61836,691190,8.0,101,3.57,0.76,0.213,3,3,3,4,5,6,90.6,0.87,20.74,16.03,1.03,0.0,89.3,10.7,0.0,0.0,1.67,0,0.0037,5.5,56,idle_pure
m_2124,60915,691190,8.0,102,44.62,12.85,0.288,27,35,43,53,69,81,91.68,3.29,43.54,34.97,7.56,0.62,0.0,9.6,85.7,4.7,1.6,165,0.0228,5.6,72,stable_mid
m_2125,61022,685260,7.93,101,44.8,12.34,0.276,27,36,43,53,67,78,90.51,4.41,46.12,35.24,7.71,0.43,0.0,8.7,87.5,3.8,1.56,122,0.0051,5.6,59,stable_mid
m_2126,62616,691190,8.0,99,47.05,12.58,0.267,28,37,46,56,68,78,87.23,6.36,50.15,41.76,10.47,0.88,0.0,6.7,89.1,4.2,1.48,74,-0.0104,5.7,45,stable_mid
m_2127,59367,685180,7.93,104,40.68,11.34,0.279,25,32,39,48,61,73,91.33,3.62,40.14,32.54,7.67,0.8,0.0,15.8,82.8,1.4,1.56,1,0.0198,5.5,63,stable_mid
m_2128,62991,691190,8.0,99,41.25,13.27,0.322,23,31,39,49,64,85,90.15,4.75,40.78,33.41,9.73,0.73,0.0,18.7,78.0,3.3,1.64,55,0.0322,5.6,42,stable_mid
m_2129,58919,691190,8.0,106,48.48,11.16,0.23,31,40,48,57,66,75,90.43,3.96,51.45,45.6,8.81,0.92,0.0,3.7,93.8,2.5,1.38,0,0.0395,7.1,75,stable_mid
m_2130,60160,691180,8.0,103,28.87,14.8,0.513,12,19,26,35,53,92,90.95,3.62,36.33,25.41,4.95,0.89,0.0,61.0,36.4,2.6,2.04,14,0.0243,5.7,63,stable_mid
m_2131,61512,691190,8.0,101,30.19,12.24,0.405,15,21,28,37,53,68,89.98,4.76,38.99,29.04,5.02,0.7,0.0,55.6,43.5,0.9,1.89,5,0.013,5.5,63,stable_mid
m_2132,62178,687850,7.96,100,44.77,11.95,0.267,27,36,44,53,65,77,89.89,5.13,40.26,32.4,6.87,0.79,0.0,9.3,87.9,2.8,1.48,23,0.0132,6.7,41,stable_mid
m_2133,60866,691000,8.0,102,33.35,13.33,0.4,15,24,31,41,58,73,89.71,4.56,39.48,27.8,5.5,0.52,0.0,44.3,54.3,1.4,1.87,9,0.0309,6.1,45,stable_mid
m_2134,61139,690420,7.99,102,39.83,18.34,0.461,19,27,35,47,82,88,91.85,3.32,36.52,30.17,9.84,0.85,0.0,34.1,54.0,11.9,2.34,1242,0.0448,6.1,63,stable_mid
m_2135,62131,691190,8.0,100,45.63,11.04,0.242,30,37,44,53,66,75,91.54,3.26,42.43,35.06,7.02,0.53,0.0,4.4,93.2,2.4,1.5,48,-0.004,5.8,38,stable_mid
m_2136,63085,691190,8.0,99,40.81,13.18,0.323,23,31,39,49,65,79,89.66,4.7,46.42,36.06,8.44,0.54,0.0,21.0,76.0,3.0,1.67,50,0.0045,5.4,20,stable_mid
m_2137,60201,687910,7.96,103,37.09,13.79,0.372,18,27,35,45,62,81,90.46,4.11,49.71,41.12,8.27,0.52,0.0,32.8,64.8,2.4,1.77,259,0.0528,5.6,58,stable_mid
m_2138,61907,691190,8.0,100,39.46,12.69,0.322,21,30,38,47,62,78,92.12,3.14,40.77,32.3,8.31,0.91,0.0,22.2,75.3,2.5,1.63,106,0.0157,7.1,46,stable_mid
m_2139,62265,691190,8.0,100,33.62,12.45,0.37,17,24,32,41,57,71,90.03,4.14,41.59,29.92,5.86,0.51,0.0,42.9,55.9,1.2,1.78,4,0.0062,6.2,45,stable_mid
m_2140,62070,691190,8.0,100,44.95,14.15,0.315,26,34,43,53,71,88,88.76,5.54,48.3,40.96,10.1,0.58,0.0,12.1,81.9,6.0,1.65,21,0.031,5.6,47,stable_mid
m_2141,61155,691070,8.0,102,30.2,12.29,0.407,14,21,28,37,53,69,90.41,4.05,39.88,29.48,4.78,0.83,0.0,54.8,44.2,1.0,1.89,16,0.0056,6.8,45,stable_mid
m_2142,62988,688530,7.97,98,39.58,14.6,0.369,22,29,37,47,66,93,89.68,4.75,46.36,35.46,7.58,0.49,0.0,26.3,69.7,4.0,1.78,39,0.0458,5.6,36,stable_mid
m_2143,60147,691190,8.0,103,47.58,9.76,0.205,33,40,47,54,65,71,92.04,2.95,43.69,35.69,7.46,0.99,0.0,1.3,97.1,1.6,1.38,0,0.0081,6.8,56,stable_mid
m_2144,61829,681880,7.89,99,31.02,12.95,0.418,15,21,29,38,56,71,86.04,9.89,40.23,29.2,5.17,0.61,0.0,53.0,45.9,1.1,1.93,8,-0.0177,5.6,36,stable_mid
m_2145,62388,689110,7.98,99,42.42,12.98,0.306,24,32,41,51,66,78,88.85,4.93,50.2,42.44,7.59,0.53,0.0,16.5,80.4,3.0,1.61,37,0.0011,6.6,50,stable_mid
m_2146,62428,691190,8.0,100,41.19,13.26,0.322,24,31,39,49,67,80,91.34,3.68,41.78,32.33,8.61,0.56,0.0,19.2,77.2,3.6,1.72,64,-0.0013,5.6,27,stable_mid
m_2147,61686,691190,8.0,101,41.75,13.94,0.334,23,31,39,51,67,81,88.05,6.2,44.79,36.44,8.14,0.58,0.0,20.4,75.8,3.8,1.72,99,0.0111,7.4,48,stable_mid
m_2148,64291,691190,8.0,97,32.6,13.02,0.399,15,23,31,40,57,71,89.97,4.67,38.21,27.36,7.98,0.5,0.0,47.0,51.8,1.2,1.84,25,0.0157,5.6,27,stable_mid
m_2149,61528,691190,8.0,101,10.7,2.97,0.277,6,8,11,13,15,17,94.06,0.86,31.49,27.08,1.83,0.98,0.0,100.0,0.0,0.0,1.36,0,0.0029,5.8,62,stable_low
m_2150,62501,691190,8.0,100,35.61,13.41,0.377,17,26,34,43,60,76,90.2,4.63,39.79,29.76,7.71,0.41,0.0,36.6,61.6,1.8,1.76,48,0.0006,5.7,47,stable_mid
m_2151,62286,687910,7.96,99,38.22,12.93,0.338,20,28,37,46,61,76,90.22,4.89,45.28,36.08,7.23,0.44,0.0,28.5,69.6,1.9,1.65,56,0.0002,5.5,36,stable_mid
m_2152,61287,691190,8.0,101,37.82,15.87,0.42,20,27,34,45,68,93,90.87,3.57,35.73,25.41,6.37,0.48,0.0,34.3,60.9,4.8,2.0,3,0.0835,5.6,60,stable_mid
m_2153,61282,691180,8.0,102,35.07,13.49,0.385,16,25,33,43,60,74,91.79,3.44,40.16,30.19,7.48,0.42,0.0,38.7,59.8,1.6,1.82,62,-0.006,5.7,63,stable_mid
m_2154,61816,682690,7.9,99,39.3,12.62,0.321,22,30,37,46,63,77,91.15,3.76,42.59,32.23,7.55,0.51,0.0,23.2,74.1,2.7,1.7,202,0.0028,5.7,53,stable_mid
m_2155,63066,691070,8.0,99,4.9,3.13,0.639,2,3,4,6,8,9,52.16,0.8,6.65,6.88,0.61,0.14,52.1,47.7,0.2,0.0,2.0,1,0.0031,5.6,36,idle_pure
m_2156,59454,691190,8.0,105,39.73,12.13,0.305,23,31,38,47,62,76,91.52,3.4,39.65,30.21,8.98,1.06,0.0,21.2,76.9,1.9,1.63,61,0.0087,5.7,90,stable_mid
m_2157,61565,691190,8.0,101,42.29,14.67,0.347,23,31,40,51,70,87,89.84,4.71,45.1,38.2,9.72,0.8,0.0,20.4,74.5,5.1,1.75,239,0.0433,5.5,54,stable_mid
m_2158,59839,690680,7.99,104,3.83,1.04,0.271,2,3,4,4,6,7,85.11,1.05,11.24,7.48,1.06,0.18,77.9,22.1,0.0,0.0,1.5,0,0.0035,6.9,66,idle_pure
m_2159,60887,687910,7.96,102,39.57,11.88,0.3,23,31,38,47,61,75,91.82,3.14,48.71,39.3,6.76,0.46,0.0,20.9,77.5,1.6,1.61,65,0.0031,5.6,81,stable_mid
m_2160,60168,691190,8.0,103,37.04,12.14,0.328,20,28,36,44,59,72,91.62,3.19,47.0,35.77,6.54,0.41,0.0,30.5,68.3,1.3,1.64,0,-0.0237,6.2,72,stable_mid
m_2161,63187,691190,8.0,98,6.19,0.75,0.121,5,6,6,7,7,8,84.79,0.6,28.35,22.92,1.08,0.01,0.2,99.8,0.0,0.0,1.17,0,0.0038,5.5,36,stable_low
m_2162,63735,691190,8.0,98,40.08,11.13,0.278,25,32,39,47,60,72,91.06,3.66,40.33,34.16,7.28,0.93,0.0,17.6,81.1,1.2,1.54,5,0.0378,5.6,27,stable_mid
m_2163,60723,691190,8.0,102,43.31,12.03,0.278,27,34,42,51,65,77,91.29,3.84,52.96,43.57,7.74,0.57,0.0,11.0,86.4,2.6,1.55,6,0.0267,5.6,54,stable_mid
m_2164,61958,691190,8.0,100,40.12,13.15,0.328,22,30,38,48,64,78,91.57,3.59,43.43,36.34,11.34,0.46,0.0,23.1,74.2,2.6,1.68,34,0.0147,5.6,54,stable_mid
m_2165,64380,691190,8.0,97,42.11,12.29,0.292,25,33,41,50,64,76,90.75,3.77,51.15,41.48,8.15,0.38,0.0,15.1,82.5,2.4,1.56,96,0.0069,5.6,18,stable_mid
m_2166,59492,691060,8.0,105,39.39,12.73,0.323,22,30,37,47,63,79,92.4,2.84,41.32,34.42,7.96,0.67,0.0,22.8,74.4,2.8,1.7,75,-0.0035,7.5,98,stable_mid
m_2167,61167,691190,8.0,102,5.12,1.18,0.23,4,4,5,6,7,8,89.75,0.5,22.04,17.1,1.02,0.0,32.9,67.1,0.0,0.0,1.4,0,0.0033,10.1,18,stable_low
m_2168,61594,691190,8.0,101,35.9,11.38,0.317,21,27,34,43,57,70,91.42,3.37,48.06,38.33,6.73,0.6,0.0,32.8,66.1,1.1,1.68,2,0.0194,5.6,63,stable_mid
m_2169,63120,684610,7.92,98,37.26,12.79,0.343,21,28,35,45,60,79,91.82,3.35,46.43,34.87,6.69,0.39,0.0,31.6,66.3,2.1,1.71,67,0.0127,8.0,27,stable_mid
m_2170,62696,691180,8.0,99,45.81,12.53,0.274,29,37,44,53,70,82,89.86,4.55,43.08,35.78,9.09,0.42,0.0,5.3,89.5,5.2,1.59,0,0.0364,5.6,38,stable_mid
m_2171,61803,685230,7.93,100,41.09,14.6,0.355,22,30,39,49,67,90,91.41,3.55,44.39,33.27,7.67,0.57,0.0,23.0,72.7,4.3,1.72,33,0.0407,5.7,45,stable_mid
m_2172,61958,679810,7.87,99,37.19,13.86,0.373,19,27,35,46,63,79,87.87,5.91,40.51,30.75,8.51,0.42,0.0,33.8,63.8,2.4,1.8,94,-0.0129,5.6,20,stable_mid
m_2173,63949,691180,8.0,97,33.07,12.55,0.38,17,24,31,40,56,72,89.71,4.75,40.81,29.16,6.14,0.48,0.0,44.7,54.0,1.2,1.81,7,0.0077,5.6,28,stable_mid
m_2174,60835,679830,7.87,101,43.27,13.53,0.313,25,33,41,52,69,80,90.5,4.0,52.43,48.9,9.64,0.83,0.0,14.9,80.6,4.5,1.68,257,-0.0105,6.2,42,stable_mid
m_2175,59968,689930,7.99,104,8.42,17.64,2.095,0,0,0,0,49,65,18.52,32.15,0.27,0.23,0.96,0.0,79.5,3.6,16.2,0.7,49.0,0,0.2247,5.6,66,bursty
m_2176,62154,691190,8.0,100,46.94,11.33,0.241,30,38,46,55,67,75,91.39,3.7,44.37,36.05,9.28,0.42,0.0,4.0,93.1,2.9,1.46,17,0.0042,5.7,54,stable_mid
m_2177,61657,691190,8.0,101,37.49,16.48,0.44,18,26,34,45,70,93,91.01,4.23,48.34,37.58,6.92,0.46,0.0,36.1,58.8,5.0,2.06,58,0.0673,5.6,57,stable_mid
m_2178,61478,691190,8.0,101,15.87,4.1,0.258,9,13,16,19,23,26,95.06,1.5,33.15,31.77,3.65,0.99,0.0,99.9,0.1,0.0,1.44,0,-0.013,5.7,63,stable_mid
m_2179,61611,688870,7.97,101,45.34,11.07,0.244,30,37,44,53,65,76,91.53,3.38,44.46,34.55,7.97,0.58,0.0,4.4,93.2,2.4,1.48,0,0.0045,5.7,63,stable_mid
m_2180,58833,680580,7.88,104,38.4,12.85,0.335,21,29,36,46,62,76,89.3,5.08,47.8,39.23,8.55,0.68,0.0,27.5,70.4,2.1,1.72,20,-0.0207,5.6,81,stable_mid
m_2181,61251,691190,8.0,102,39.43,12.2,0.31,23,30,37,47,62,74,91.54,3.42,49.17,39.95,7.34,0.6,0.0,22.3,76.0,1.7,1.68,6,0.0113,5.6,51,stable_mid
m_2182,62369,687470,7.96,99,40.39,12.74,0.315,24,31,38,49,64,78,91.73,3.35,35.14,26.48,7.33,0.86,0.0,21.5,76.2,2.3,1.68,63,0.0168,5.4,45,stable_mid
m_2183,64155,691090,8.0,97,36.91,14.23,0.385,19,27,34,44,61,92,90.88,3.76,43.36,32.9,3.96,0.46,0.0,33.9,63.2,2.9,1.79,0,0.0399,5.6,36,stable_mid
m_2184,61618,691190,8.0,101,26.61,11.84,0.445,11,18,25,34,48,61,90.99,3.37,35.83,24.7,4.46,0.55,0.0,64.5,34.9,0.6,1.92,0,-0.0142,5.7,55,stable_mid
m_2185,62980,689120,7.98,98,44.53,11.46,0.257,28,36,43,52,65,78,91.61,3.21,45.23,37.16,9.91,0.83,0.0,7.2,90.3,2.5,1.51,33,0.0045,5.8,46,stable_mid
m_2186,60547,691180,8.0,103,47.82,10.63,0.222,32,39,48,55,66,73,88.48,4.76,43.65,35.18,9.72,0.89,0.0,2.4,95.5,2.1,1.38,0,0.0136,6.2,45,stable_mid
m_2187,62819,689080,7.98,99,41.57,12.2,0.294,24,32,40,50,63,74,91.8,3.25,51.14,40.9,6.18,0.66,0.0,17.3,80.7,2.0,1.58,3,-0.0087,5.4,39,stable_mid
m_2188,61213,689100,7.98,101,37.32,12.71,0.341,20,28,35,45,60,74,90.09,5.46,47.95,37.31,8.04,0.56,0.0,30.9,67.5,1.6,1.71,17,0.0279,6.6,54,stable_mid
m_2189,61383,691070,8.0,101,42.62,11.6,0.272,26,34,41,50,64,75,89.69,4.85,48.96,53.34,6.45,0.84,0.0,11.6,86.3,2.1,1.56,37,0.0123,5.5,54,stable_mid
m_2190,64175,691190,8.0,97,44.29,11.54,0.26,28,35,43,52,65,74,91.4,3.5,38.93,33.65,10.24,0.82,0.0,8.2,89.7,2.1,1.51,0,0.0094,5.6,24,stable_mid
m_2191,60923,691190,8.0,102,38.24,12.1,0.316,22,29,36,46,60,75,92.07,3.04,38.21,31.45,8.07,0.58,0.0,25.9,72.3,1.8,1.67,69,-0.0092,5.6,63,stable_mid
m_2192,61732,691030,8.0,101,37.21,13.08,0.351,20,27,35,45,62,77,89.13,4.67,43.87,34.06,7.84,0.48,0.0,32.5,65.4,2.1,1.77,112,-0.013,5.5,36,stable_mid
m_2193,60443,691190,8.0,103,19.52,14.18,0.726,5,7,16,29,46,59,86.19,6.63,18.7,12.64,2.79,0.6,4.1,71.6,24.0,0.4,2.88,3,-0.0171,6.7,62,erratic
m_2194,61444,688790,7.97,101,41.3,11.87,0.288,24,32,40,49,63,74,92.07,3.18,43.12,36.06,10.66,0.99,0.0,16.6,81.5,1.9,1.58,1,0.0051,5.6,72,stable_mid
m_2195,61465,679800,7.87,100,39.82,15.81,0.397,21,29,37,46,71,93,91.44,3.54,42.62,32.56,5.64,0.43,0.0,26.4,68.3,5.3,1.92,11,0.0632,5.9,27,stable_mid
m_2196,60123,689990,7.99,103,45.97,11.15,0.242,30,38,45,54,65,75,91.43,3.84,44.62,38.47,9.26,0.72,0.0,4.8,92.9,2.3,1.44,9,0.0233,5.6,56,stable_mid
m_2197,60375,691190,8.0,103,40.64,14.26,0.351,23,30,38,48,67,90,91.91,3.58,42.91,35.6,9.84,0.6,0.0,22.0,73.8,4.3,1.76,38,0.0475,7.6,56,stable_mid
m_2198,62961,691190,8.0,99,41.63,11.75,0.282,25,33,40,49,63,74,91.9,3.19,40.43,32.83,8.86,0.73,0.0,15.0,83.3,1.7,1.58,5,0.0202,5.6,34,stable_mid
m_2199,61482,686110,7.94,100,36.1,12.13,0.336,20,27,34,43,59,73,92.2,2.96,38.84,29.4,6.13,0.38,0.0,34.1,64.5,1.4,1.74,44,0.0371,5.7,63,stable_mid
m_2200,61764,691190,8.0,101,33.01,12.38,0.375,17,24,31,40,56,72,90.2,4.19,40.43,29.15,5.91,0.51,0.0,45.2,53.6,1.2,1.81,11,0.0183,5.7,72,stable_mid
m_2201,58799,691190,8.0,106,45.2,11.94,0.264,27,36,45,54,65,73,87.79,7.81,48.06,38.21,4.37,0.64,0.0,9.0,89.3,1.7,1.44,3,0.0263,5.7,69,stable_mid
m_2202,63176,691190,8.0,98,39.31,15.67,0.399,20,28,36,47,68,92,91.3,3.62,45.7,36.94,6.45,0.41,0.0,28.8,66.4,4.8,1.89,9,0.0572,5.4,45,stable_mid
m_2203,62952,685200,7.93,98,39.12,13.92,0.356,21,28,37,48,65,79,88.63,4.96,47.74,39.07,8.54,0.53,0.0,28.4,68.4,3.2,1.76,57,-0.016,5.6,45,stable_mid
m_2204,58672,691190,8.0,104,44.05,15.27,0.347,24,33,42,53,74,89,90.91,4.03,48.26,35.96,10.05,0.69,0.0,16.6,77.0,6.4,1.76,61,0.0865,7.5,61,stable_mid
m_2205,58721,688790,7.97,106,38.41,14.92,0.388,18,28,36,47,66,82,90.56,4.31,38.54,28.1,6.98,0.36,0.0,30.1,66.0,3.9,1.83,295,-0.0078,5.6,94,stable_mid
m_2206,62639,689410,7.98,99,38.59,12.39,0.321,22,29,37,46,62,75,91.67,3.34,47.12,35.26,6.86,0.66,0.0,25.7,72.6,1.7,1.68,3,0.0158,6.5,36,stable_mid
m_2207,61314,685390,7.93,101,44.71,12.65,0.283,26,35,44,53,68,75,91.55,3.41,45.44,32.43,6.18,0.36,0.0,10.2,86.2,3.6,1.55,9,-0.0083,5.6,54,stable_mid
m_2208,63290,690680,7.99,98,42.28,12.22,0.289,25,33,41,50,65,74,91.91,3.32,43.1,37.04,9.2,0.75,0.0,14.9,82.9,2.2,1.59,2,0.0193,5.5,27,stable_mid
m_2209,61958,691020,8.0,100,35.01,13.28,0.379,18,25,33,43,61,72,91.12,3.41,42.03,31.64,5.38,0.28,0.0,40.3,58.3,1.4,1.85,71,-0.0117,5.8,57,stable_mid
m_2210,61315,689710,7.98,101,35.28,12.9,0.366,18,26,33,43,59,77,91.78,3.27,42.22,30.92,6.78,0.55,0.0,37.9,60.5,1.6,1.79,23,0.0202,5.7,45,stable_mid
m_2211,63802,691190,8.0,97,46.01,11.07,0.241,29,38,46,54,64,75,90.88,3.73,44.58,37.22,7.51,0.82,0.0,5.8,92.2,2.0,1.39,17,-0.0199,5.7,43,stable_mid
m_2212,60610,690480,7.99,103,26.48,13.22,0.499,10,17,24,34,51,71,90.96,3.54,31.99,21.45,4.18,0.39,0.1,66.0,32.8,1.2,2.12,112,-0.0004,5.4,55,stable_mid
m_2213,62373,673010,7.79,97,41.64,13.9,0.334,24,32,39,49,67,88,89.59,4.88,47.08,38.01,8.19,0.51,0.0,18.5,77.5,4.0,1.72,80,0.0411,5.7,19,stable_mid
m_2214,56810,691190,8.0,109,7.1,15.27,2.15,0,0,0,0,41,59,18.47,31.34,0.23,0.18,0.81,0.0,79.5,7.8,12.2,0.5,41.0,85,0.1984,14.3,46,bursty
m_2215,63103,691190,8.0,99,43.61,13.28,0.305,26,33,42,52,69,78,89.23,5.7,47.2,39.08,7.26,0.59,0.0,14.0,81.3,4.7,1.64,7,0.0381,5.5,45,stable_mid
m_2216,60720,682690,7.9,101,48.71,11.15,0.229,32,40,48,57,68,76,90.32,4.14,48.6,41.74,9.75,0.87,0.0,2.7,93.8,3.5,1.42,0,0.0107,5.7,72,stable_mid
m_2217,61179,691190,8.0,102,44.22,11.39,0.258,28,36,42,52,65,76,91.57,3.46,44.41,36.95,8.35,0.51,0.0,7.3,90.3,2.4,1.55,8,0.001,5.6,72,stable_mid
m_2218,58938,691180,8.0,106,46.99,11.88,0.253,29,38,46,56,66,74,90.84,4.9,53.2,50.44,11.17,0.84,0.0,6.1,91.4,2.5,1.43,13,-0.003,5.6,81,stable_mid
m_2219,63326,687660,7.96,98,47.94,11.04,0.23,31,40,47,56,67,76,89.12,4.8,48.15,41.49,9.61,0.87,0.0,3.3,93.7,3.0,1.43,12,0.0217,5.6,45,stable_mid
m_2220,58101,691190,8.0,107,42.98,16.12,0.375,23,31,40,51,78,89,88.32,5.23,23.88,19.91,10.2,0.72,0.0,20.2,72.2,7.5,1.95,82,0.0586,8.8,54,stable_mid
m_2221,61530,691190,8.0,101,15.57,4.74,0.304,8,11,17,19,22,24,84.17,1.9,28.23,28.9,2.91,1.0,0.0,100.0,0.0,0.0,1.29,0,0.0063,6.5,45,stable_mid
m_2222,60384,684700,7.92,102,33.41,13.79,0.413,14,23,32,42,58,72,88.39,5.52,36.53,27.36,6.18,0.64,0.0,43.9,54.6,1.4,1.81,20,0.0099,7.9,46,stable_mid
m_2223,59490,689400,7.98,104,39.63,13.75,0.347,21,29,37,48,66,80,91.55,3.72,41.06,31.27,6.23,0.48,0.0,25.5,70.8,3.6,1.78,109,-0.0106,6.3,79,stable_mid
m_2224,60831,691190,8.0,102,41.95,12.51,0.298,25,32,40,50,65,79,92.09,3.05,47.04,40.35,11.84,0.69,0.0,16.3,80.7,2.9,1.62,11,0.0287,6.4,54,stable_mid
m_2225,61063,691180,8.0,102,41.44,12.11,0.292,24,32,40,49,64,75,92.04,2.99,44.98,40.15,9.88,0.57,0.0,16.6,81.3,2.0,1.6,3,-0.0227,5.4,47,stable_mid
m_2226,59419,691190,8.0,105,38.54,15.52,0.403,19,26,35,48,68,84,87.69,5.26,42.86,32.18,9.47,0.34,0.0,34.3,61.2,4.4,1.94,120,-0.0431,5.7,81,stable_mid
m_2227,60966,691190,8.0,102,41.77,12.09,0.29,25,33,40,50,64,76,91.28,3.54,42.43,32.95,7.32,0.35,0.0,15.3,82.6,2.1,1.6,1,0.0163,5.6,54,stable_mid
m_2228,63548,691190,8.0,98,34.2,12.53,0.366,18,25,32,42,57,71,89.35,5.15,40.33,30.18,5.93,0.67,0.0,41.3,57.6,1.1,1.78,7,-0.0025,6.6,18,stable_mid
m_2229,59990,677700,7.84,102,27.69,13.8,0.498,11,18,25,35,52,84,90.84,3.43,40.2,30.54,4.73,0.65,0.0,63.2,35.1,1.7,2.08,21,0.0141,6.2,50,stable_mid
m_2230,59314,683100,7.91,104,36.04,12.21,0.339,20,27,34,43,58,78,91.46,3.49,45.25,35.46,6.12,0.7,0.0,33.2,65.1,1.8,1.71,95,0.0281,5.6,54,stable_mid
m_2231,50175,524340,6.07,94,9.94,19.57,1.969,0,0,0,0,53,77,20.58,34.75,0.35,0.33,0.78,0.0,76.7,4.4,16.4,2.5,53.0,22,0.3312,5.3,9,bursty
m_2232,60941,691190,8.0,102,38.63,17.42,0.451,18,26,35,46,77,96,91.93,3.28,40.25,29.66,6.58,0.44,0.0,33.7,60.5,5.9,2.2,335,0.0716,6.1,72,stable_mid
m_2233,61505,691190,8.0,101,44.13,13.75,0.312,26,34,42,52,68,89,90.3,4.18,43.72,33.49,7.61,0.54,0.0,12.4,83.3,4.3,1.62,9,0.0307,5.7,49,stable_mid
m_2234,60604,688680,7.97,102,39.61,15.59,0.394,21,29,37,47,70,91,92.11,2.84,44.62,35.48,8.42,0.43,0.0,27.9,67.1,5.0,1.89,1,0.0993,7.5,61,stable_mid
m_2235,58938,682700,7.9,104,39.71,12.52,0.315,23,30,38,47,63,77,92.24,2.85,43.43,37.87,11.62,0.65,0.0,23.0,74.8,2.3,1.66,59,0.0212,5.7,54,stable_mid
m_2236,61373,691190,8.0,101,38.37,12.99,0.338,21,28,36,47,62,75,91.1,3.92,45.19,34.39,9.03,0.61,0.0,28.7,69.4,1.8,1.72,28,0.0281,5.7,53,stable_mid
m_2237,61568,691190,8.0,101,45.39,12.92,0.285,28,36,43,53,69,85,91.68,3.42,56.07,45.53,6.09,0.53,0.0,7.1,87.9,5.0,1.6,9,0.0423,5.7,63,stable_mid
m_2238,62360,691190,8.0,100,51.5,11.05,0.215,34,43,51,60,70,77,90.82,3.58,44.57,37.11,10.68,0.48,0.0,1.1,93.4,5.5,1.37,22,0.0122,6.0,54,stable_high
m_2239,61556,691190,8.0,101,48.86,15.49,0.317,28,37,46,58,78,84,89.38,4.48,48.9,43.29,9.16,0.97,0.0,7.1,78.5,14.4,1.7,72,0.0113,5.5,55,stable_mid
m_2240,61296,690120,7.99,101,41.93,13.62,0.325,23,32,40,51,67,79,89.16,5.35,53.17,43.96,8.22,0.67,0.0,19.0,77.4,3.6,1.68,62,-0.0191,5.8,56,stable_mid
m_2241,61693,691190,8.0,101,6.86,1.04,0.151,5,6,7,7,8,10,82.76,0.57,19.99,13.8,1.11,0.32,0.1,99.9,0.0,0.0,1.14,0,0.0036,5.5,68,stable_low
m_2242,62569,691190,8.0,99,42.7,11.6,0.272,27,34,41,50,64,78,90.96,4.13,49.37,39.07,6.92,0.42,0.0,10.6,86.7,2.8,1.56,28,0.0009,5.5,54,stable_mid
m_2243,59773,691190,8.0,104,38.32,12.04,0.314,22,29,36,45,60,78,90.98,3.77,38.85,28.2,7.43,0.65,0.0,25.3,72.8,1.9,1.67,41,0.0232,5.6,72,stable_mid
m_2244,62846,691190,8.0,99,41.12,12.82,0.312,23,31,39,49,64,78,91.01,3.83,48.0,40.01,6.22,0.63,0.0,19.1,78.3,2.6,1.64,11,0.023,5.7,47,stable_mid
m_2245,62521,682750,7.9,98,38.28,12.19,0.318,22,29,37,46,60,72,91.76,3.27,49.44,39.02,7.44,0.66,0.0,27.0,71.8,1.2,1.62,4,0.0376,5.6,45,stable_mid
m_2246,61786,686110,7.94,100,43.64,12.44,0.285,26,34,42,52,66,77,92.01,3.34,42.09,34.58,9.63,0.83,0.0,12.4,84.6,3.0,1.57,32,0.0182,5.6,58,stable_mid
m_2247,62159,691190,8.0,100,39.41,12.43,0.315,22,30,37,47,62,77,91.85,3.37,40.14,31.4,9.24,0.69,0.0,22.5,75.5,2.0,1.68,67,0.0109,5.6,54,stable_mid
m_2248,62612,691190,8.0,99,43.86,11.7,0.267,27,35,42,51,66,76,91.73,3.42,38.41,32.33,9.24,0.81,0.0,9.0,88.4,2.7,1.57,46,0.0318,5.4,48,stable_mid
m_2249,63564,687470,7.96,97,34.03,12.78,0.376,17,24,32,41,58,73,90.65,3.81,36.12,27.44,5.93,0.61,0.0,42.2,56.5,1.3,1.81,36,0.0383,6.5,18,stable_mid
m_2250,60949,688900,7.97,102,38.35,12.78,0.333,21,29,37,46,62,78,90.91,3.81,44.54,36.66,7.49,0.76,0.0,26.9,70.5,2.5,1.68,101,-0.0437,5.7,54,stable_mid
m_2251,63282,691190,8.0,98,0.0,0.01,1.487,0,0,0,0,0,0,3.3,0.46,0.01,0.01,0.0,1.0,100.0,0.0,0.0,0.0,0.0,0,-0.0,5.8,37,bursty
m_2252,59849,691190,8.0,104,42.86,12.27,0.286,26,34,41,51,66,77,91.41,3.72,46.15,38.45,7.84,0.52,0.0,12.4,84.6,3.0,1.61,15,0.0167,5.6,72,stable_mid
m_2253,60833,688510,7.97,102,37.14,16.06,0.432,17,25,34,45,66,95,88.66,5.19,48.28,35.25,7.04,0.37,0.0,36.4,59.3,4.2,1.94,129,0.0378,5.5,72,stable_mid
m_2254,61542,691190,8.0,101,29.9,12.26,0.41,14,21,28,37,53,67,90.46,3.61,39.43,28.18,5.06,0.54,0.0,55.6,43.6,0.8,1.89,5,0.0164,5.4,65,stable_mid
m_2255,62050,689990,7.99,100,38.06,11.86,0.312,22,29,36,45,59,73,92.02,3.06,35.17,26.9,7.33,0.55,0.0,26.0,72.7,1.4,1.64,1,0.0189,5.6,54,stable_mid
m_2256,60628,689990,7.99,102,32.97,16.94,0.514,15,22,29,40,63,96,90.25,3.87,38.49,27.72,5.01,0.43,0.0,51.2,44.4,4.4,2.17,9,0.0866,5.5,89,stable_mid
m_2257,61823,685110,7.93,100,40.4,12.34,0.305,24,31,39,48,63,78,91.28,3.67,47.41,38.79,7.54,0.54,0.0,19.4,78.4,2.2,1.62,6,0.0129,5.6,38,stable_mid
m_2258,60871,682790,7.9,101,45.98,11.21,0.244,30,38,45,54,65,75,91.84,3.09,48.39,41.52,10.73,0.89,0.0,4.9,92.8,2.4,1.44,20,0.0144,5.6,50,stable_mid
m_2259,62097,689100,7.98,100,35.86,16.11,0.449,17,25,33,43,65,94,90.01,4.55,41.01,31.41,5.61,0.5,0.0,40.1,55.5,4.3,1.97,11,0.0758,5.7,45,stable_mid
m_2260,61349,691070,8.0,101,42.84,12.87,0.3,25,33,41,50,67,82,91.5,3.51,41.07,32.44,7.93,0.88,0.0,14.3,81.8,3.9,1.63,193,0.0157,5.5,49,stable_mid
m_2261,61142,674850,7.81,99,32.33,13.23,0.409,15,22,30,41,56,72,89.75,4.58,40.46,29.36,5.51,0.71,0.0,47.1,51.7,1.2,1.87,11,-0.0003,5.4,45,stable_mid
m_2262,62686,685200,7.93,98,46.79,10.42,0.223,31,39,46,54,65,74,91.6,3.19,45.79,38.19,7.7,0.77,0.0,2.8,95.2,1.9,1.41,0,0.0182,5.6,27,stable_mid
m_2263,60497,677860,7.85,101,31.47,12.59,0.4,14,22,30,39,54,69,90.76,3.64,39.85,28.85,5.9,0.51,0.0,49.2,49.9,0.9,1.8,6,0.0151,7.4,48,stable_mid
m_2264,61388,689990,7.99,101,42.15,13.03,0.309,24,32,40,51,66,77,88.36,5.41,49.11,42.61,8.64,1.1,0.0,17.3,79.8,3.0,1.65,103,-0.0204,5.5,62,stable_mid
m_2265,61492,687850,7.96,101,32.2,13.42,0.417,14,22,30,40,57,72,82.3,18.35,10.64,7.38,5.46,0.51,0.0,48.7,50.0,1.3,1.9,11,0.0114,7.7,37,stable_mid
m_2266,62453,681000,7.88,98,39.1,12.24,0.313,23,30,37,47,62,75,90.64,4.03,36.97,26.63,6.86,0.6,0.0,23.5,74.6,1.9,1.68,27,-0.0126,5.6,36,stable_mid
m_2267,62772,691190,8.0,99,32.32,14.75,0.456,14,22,30,40,59,85,90.34,3.75,35.6,24.93,5.04,0.38,0.0,50.0,47.4,2.6,1.97,453,0.0113,5.5,36,stable_mid
m_2268,57873,690120,7.99,107,43.27,12.42,0.287,25,34,42,52,65,77,91.07,3.99,48.3,39.2,7.41,0.9,0.0,13.3,84.4,2.4,1.55,2,0.0007,6.6,90,stable_mid
m_2269,63837,691190,8.0,97,33.95,12.73,0.375,17,24,32,42,58,71,86.65,10.14,41.21,29.44,3.21,0.53,0.0,42.3,56.5,1.2,1.81,9,0.0278,5.7,21,stable_mid
m_2270,60452,691190,8.0,103,42.08,11.72,0.278,26,33,40,49,63,75,91.76,3.34,44.68,39.6,10.13,0.79,0.0,13.3,84.7,1.9,1.58,1,0.0121,5.6,63,stable_mid
m_2271,61749,682700,7.9,99,40.89,11.75,0.287,24,32,39,48,62,74,91.12,3.79,45.34,37.34,6.65,0.53,0.0,16.9,81.4,1.7,1.59,0,0.0177,6.6,56,stable_mid
m_2272,61465,691190,8.0,101,35.2,13.73,0.39,16,25,33,43,61,76,91.73,3.22,39.04,29.5,10.65,0.52,0.0,38.5,59.4,2.1,1.85,54,0.0285,5.6,57,stable_mid
m_2273,59416,691190,8.0,105,39.25,12.31,0.314,23,30,37,47,61,76,91.39,4.04,40.83,32.68,7.01,0.65,0.0,23.6,74.6,1.8,1.65,19,0.0578,5.8,64,stable_mid
m_2274,64282,691190,8.0,97,38.62,12.25,0.317,22,29,37,46,61,74,88.92,6.17,40.49,31.81,8.59,0.56,0.0,25.3,73.1,1.6,1.65,9,-0.0202,5.6,27,stable_mid
m_2275,60027,691190,8.0,104,28.72,13.13,0.457,11,19,27,37,52,68,88.42,7.08,32.82,23.81,4.72,0.73,0.0,57.3,41.7,0.9,1.93,10,-0.0227,7.3,81,stable_mid
m_2276,63070,691180,8.0,99,43.94,13.66,0.311,26,34,42,52,70,85,92.1,3.14,41.53,35.53,43.65,0.63,0.0,12.6,82.3,5.0,1.67,0,0.0779,5.4,45,stable_mid
m_2277,61646,691190,8.0,101,41.31,12.31,0.298,24,32,40,49,64,78,91.36,3.43,44.32,34.57,8.12,0.94,0.0,16.7,80.9,2.5,1.6,93,0.0384,6.1,54,stable_mid
m_2278,61435,691190,8.0,101,36.4,16.21,0.445,18,25,33,44,65,94,90.66,3.99,47.79,36.17,7.32,0.49,0.0,40.2,55.5,4.3,1.97,13,0.0481,5.6,47,stable_mid
m_2279,62882,690520,7.99,99,45.69,17.56,0.384,24,33,41,55,80,88,91.04,3.65,47.27,38.19,8.08,0.85,0.0,16.9,68.5,14.5,1.95,617,0.062,6.1,54,stable_mid
m_2280,60029,682750,7.9,102,37.12,12.2,0.329,21,28,35,44,60,73,91.99,3.06,40.07,28.69,7.85,0.51,0.0,30.3,68.3,1.3,1.71,5,0.0486,5.6,63,stable_mid
m_2281,56105,668710,7.74,107,8.8,18.1,2.056,0,0,0,0,50,68,20.5,31.3,0.32,0.29,1.1,0.0,79.0,3.6,16.6,0.8,50.0,3,0.2529,13.1,66,bursty
m_2282,62881,687470,7.96,98,39.35,12.56,0.319,23,30,37,47,63,76,89.67,5.71,45.72,35.17,7.6,0.62,0.0,23.8,74.1,2.1,1.7,7,0.004,5.5,37,stable_mid
m_2283,62748,689990,7.99,99,45.4,11.31,0.249,29,37,44,53,65,75,91.83,3.32,49.07,41.65,10.24,0.86,0.0,5.7,91.8,2.6,1.48,18,0.018,5.6,27,stable_mid
m_2284,61262,691190,8.0,102,33.28,13.82,0.415,15,23,31,42,59,74,89.12,5.13,40.86,29.63,5.89,0.73,0.0,45.9,52.5,1.6,1.9,18,-0.0067,5.7,45,stable_mid
m_2285,61967,683100,7.91,99,32.41,13.93,0.43,13,22,31,41,57,74,88.64,5.17,41.02,30.17,5.82,0.56,0.0,46.9,51.6,1.5,1.84,57,0.0076,5.8,45,stable_mid
m_2286,58932,689070,7.98,105,33.5,12.58,0.376,17,24,31,41,57,73,88.9,4.99,40.85,28.72,6.13,0.76,0.0,43.8,55.0,1.3,1.84,15,-0.0002,5.7,95,stable_mid
m_2287,63948,687470,7.96,97,42.06,12.45,0.296,25,33,40,50,65,78,91.1,4.1,52.71,42.87,6.73,0.52,0.0,15.6,81.9,2.6,1.62,50,-0.0164,5.6,36,stable_mid
m_2288,60544,691190,8.0,103,43.58,13.63,0.313,25,33,41,52,70,82,87.04,8.74,48.13,38.6,6.92,0.49,0.0,13.7,81.0,5.3,1.71,33,0.0605,5.6,62,stable_mid
m_2289,62057,691190,8.0,100,40.9,14.28,0.349,23,31,38,48,67,90,89.24,5.59,49.04,39.26,7.38,0.65,0.0,21.7,74.3,4.1,1.76,44,0.0485,6.2,54,stable_mid
m_2290,58599,691190,8.0,106,31.1,13.04,0.419,14,21,29,39,55,71,90.74,3.62,41.92,31.12,5.74,0.58,0.0,51.5,47.4,1.1,1.9,11,-0.0339,6.2,73,stable_mid
m_2291,60224,691190,8.0,103,44.83,12.34,0.275,26,35,44,54,66,75,91.02,4.09,28.91,25.65,8.66,0.81,0.0,10.7,86.6,2.7,1.5,22,0.0262,5.7,62,stable_mid
m_2292,61727,683860,7.92,100,41.15,11.71,0.284,24,32,40,49,61,72,89.11,5.46,47.42,41.07,9.49,0.66,0.0,16.6,82.2,1.3,1.52,4,0.0029,5.6,54,stable_mid
m_2293,61232,691190,8.0,101,40.57,12.14,0.299,24,31,39,48,63,76,91.33,3.56,45.9,34.04,8.02,0.52,0.0,18.8,79.2,2.0,1.62,4,-0.0057,5.8,54,stable_mid
m_2294,60524,691190,8.0,103,53.48,9.47,0.177,37,47,54,60,69,74,90.56,3.61,47.21,43.44,11.64,0.82,0.0,0.8,95.5,3.7,1.28,18,-0.0005,6.3,56,stable_high
m_2295,58547,679750,7.87,104,40.08,14.44,0.36,20,29,38,50,67,77,88.58,5.62,74.76,66.39,6.54,0.26,0.0,26.5,70.2,3.3,1.76,77,-0.0144,6.9,72,stable_mid
m_2296,60655,691190,8.0,103,38.6,12.09,0.313,22,30,37,46,61,73,91.25,3.92,48.51,42.75,7.82,0.77,0.0,24.6,73.8,1.5,1.65,1,0.0021,5.7,63,stable_mid
m_2297,61588,689930,7.99,101,33.75,12.24,0.363,18,25,32,41,56,72,91.7,3.57,45.33,34.93,6.61,0.36,0.0,42.0,56.8,1.2,1.75,67,-0.0385,5.6,36,stable_mid
m_2298,63427,691190,8.0,98,41.43,15.24,0.368,23,30,38,49,72,89,91.36,3.55,44.59,36.03,5.93,0.64,0.0,22.3,72.3,5.4,1.89,22,0.0775,5.5,40,stable_mid
m_2299,61836,691190,8.0,101,41.9,16.47,0.393,22,30,39,50,79,92,91.51,3.66,45.97,39.02,6.91,0.53,0.0,23.0,70.4,6.6,2.03,137,0.0849,8.1,63,stable_mid
m_2300,62325,691190,8.0,100,43.32,12.06,0.278,26,34,42,51,65,75,91.57,3.43,45.6,37.57,9.17,0.61,0.0,12.1,85.4,2.5,1.55,55,0.0094,7.1,36,stable_mid
m_2301,62037,691070,8.0,100,43.0,12.22,0.284,26,34,41,51,65,78,90.92,3.58,50.21,39.74,7.51,0.5,0.0,11.4,85.8,2.7,1.59,16,0.0493,5.7,54,stable_mid
m_2302,60761,691190,8.0,102,40.42,13.26,0.328,23,30,38,49,66,77,89.13,4.47,49.0,40.33,8.06,0.79,0.0,22.6,74.5,2.9,1.74,53,-0.0065,5.6,47,stable_mid
m_2303,63187,691190,8.0,98,42.2,14.45,0.342,24,32,39,51,68,92,92.11,3.22,42.98,34.07,8.68,0.55,0.0,18.7,76.7,4.5,1.74,10,0.0326,5.5,54,stable_mid
m_2304,63187,683330,7.91,97,42.76,11.76,0.275,26,34,41,50,65,76,92.21,3.18,43.53,36.56,9.3,0.66,0.0,11.9,85.7,2.4,1.59,1,-0.0058,5.6,35,stable_mid
m_2305,61577,691190,8.0,101,45.22,14.65,0.324,27,34,42,54,74,89,91.8,3.47,38.94,30.25,9.79,0.6,0.0,11.1,82.6,6.3,1.76,6,0.068,5.6,48,stable_mid
m_2306,61678,691190,8.0,101,35.98,12.98,0.361,19,26,34,43,61,77,91.11,4.06,33.45,24.46,7.6,0.49,0.0,35.5,62.6,1.9,1.79,8,-0.028,6.1,45,stable_mid
m_2307,63289,676810,7.83,96,15.98,4.61,0.289,8,12,18,19,22,24,45.1,1.32,12.41,16.13,2.77,1.0,0.0,100.0,0.0,0.0,1.22,0,0.0045,5.6,18,stable_mid
m_2308,62216,691190,8.0,100,31.63,16.54,0.523,12,20,29,39,60,93,90.59,4.03,38.06,27.25,4.87,0.46,0.0,52.3,44.0,3.7,2.07,28,0.0622,5.7,60,stable_mid
m_2309,59976,685210,7.93,103,43.7,12.02,0.275,26,35,43,52,65,74,91.08,4.48,44.06,40.35,12.28,0.7,0.0,12.2,85.4,2.3,1.51,32,-0.0379,5.6,72,stable_mid
m_2310,62265,691190,8.0,100,38.75,17.12,0.442,18,27,35,47,73,94,88.39,6.01,47.96,37.88,8.29,0.49,0.0,33.8,60.6,5.7,2.09,55,0.0663,5.6,49,stable_mid
m_2311,59740,691070,8.0,104,39.59,16.09,0.406,21,28,36,47,72,93,91.44,3.71,38.37,28.95,7.44,0.52,0.0,28.7,65.9,5.4,2.0,24,0.058,9.4,68,stable_mid
m_2312,62245,685810,7.94,99,49.5,10.29,0.208,34,42,48,57,67,74,91.54,3.27,49.87,40.05,9.45,0.41,0.0,0.5,96.6,2.8,1.4,0,0.0063,5.7,45,stable_mid
m_2313,61868,689070,7.98,100,31.9,12.11,0.38,15,23,30,39,54,67,90.36,4.04,40.82,29.69,8.65,0.5,0.0,47.3,51.9,0.8,1.8,3,0.0071,5.8,56,stable_mid
m_2314,62417,691190,8.0,100,44.3,14.8,0.334,26,33,41,52,74,90,89.65,4.69,44.11,35.86,9.92,0.65,0.0,13.7,80.2,6.1,1.8,14,0.052,5.6,46,stable_mid
m_2315,57256,669290,7.75,105,8.17,16.86,2.065,0,0,0,0,46,59,18.31,33.12,0.27,0.23,0.7,0.0,79.7,3.1,17.0,0.2,46.0,0,0.2303,5.5,71,bursty
m_2316,60189,691070,8.0,103,22.73,16.32,0.718,3,9,19,34,53,66,86.15,8.03,18.41,12.26,4.47,0.72,11.3,56.7,31.4,0.6,2.79,1,0.0491,6.5,73,erratic
m_2317,63583,691190,8.0,98,50.3,11.59,0.23,34,42,49,58,72,81,91.09,3.66,47.92,38.33,7.78,0.67,0.0,1.4,92.5,6.1,1.47,0,0.0509,5.8,27,stable_high
m_2318,62754,685250,7.93,98,34.37,14.35,0.417,16,24,32,42,60,87,87.19,6.24,47.85,34.49,5.69,0.42,0.0,43.4,54.0,2.6,1.88,6,0.0492,7.6,44,stable_mid
m_2319,61804,691190,8.0,101,47.5,14.51,0.305,27,37,46,57,75,88,91.56,3.36,45.62,37.36,10.92,0.6,0.0,8.1,84.8,7.2,1.63,62,0.0524,5.6,54,stable_mid
m_2320,61262,688480,7.97,101,42.53,11.56,0.272,26,34,41,50,63,74,91.83,3.14,40.51,34.05,9.27,0.77,0.0,12.3,85.7,2.0,1.54,17,0.0217,6.1,55,stable_mid
m_2321,61659,691190,8.0,101,41.8,12.66,0.303,23,32,41,50,64,75,92.39,2.98,44.95,36.85,9.29,1.07,0.0,18.0,79.8,2.1,1.56,73,-0.0017,5.6,54,stable_mid
m_2322,62088,691190,8.0,100,42.81,14.5,0.339,22,32,41,52,68,85,91.18,3.72,34.97,24.42,7.18,0.3,0.0,18.9,76.9,4.2,1.66,11,0.0476,5.7,45,stable_mid
m_2323,61397,691190,8.0,101,38.34,12.25,0.32,22,29,37,46,60,72,91.58,3.48,42.25,34.43,6.82,0.66,0.0,26.4,72.2,1.4,1.62,7,0.0516,5.6,36,stable_mid
m_2324,61740,688900,7.97,100,15.45,4.97,0.322,8,10,16,19,22,24,92.08,2.22,27.92,27.83,2.29,1.0,0.0,100.0,0.0,0.0,1.38,0,0.0049,5.6,45,stable_mid
m_2325,61621,691190,8.0,101,39.28,13.7,0.349,21,29,37,48,65,79,91.16,3.79,36.81,27.7,8.89,0.42,0.0,27.5,69.5,3.0,1.76,95,0.0286,5.7,46,stable_mid
m_2326,59955,685570,7.93,103,33.05,13.32,0.403,16,23,31,41,57,75,88.71,5.04,44.45,32.46,7.21,0.5,0.0,45.9,52.6,1.6,1.84,43,-0.0218,5.7,54,stable_mid
m_2327,59851,686410,7.94,103,43.21,12.48,0.289,26,34,41,52,66,78,85.31,8.43,45.1,33.5,7.7,0.85,0.0,12.8,84.2,3.0,1.61,47,0.0033,5.8,60,stable_mid
m_2328,61252,689990,7.99,101,34.07,15.32,0.45,15,23,31,41,61,91,89.05,4.63,41.35,29.73,10.3,0.37,0.0,44.5,52.1,3.5,1.97,19,0.0595,5.6,55,stable_mid
m_2329,61741,691190,8.0,101,34.07,14.45,0.424,16,24,32,41,60,90,91.14,3.2,45.78,32.26,5.84,0.44,0.0,43.5,53.7,2.7,1.88,3,0.0547,5.8,40,stable_mid
m_2330,63143,690120,7.99,98,41.29,12.35,0.299,24,32,40,49,64,77,88.72,5.73,45.81,34.99,7.68,0.61,0.0,17.0,80.7,2.3,1.6,41,0.0017,5.6,36,stable_mid
m_2331,60304,691190,8.0,103,47.18,12.78,0.271,29,38,46,55,69,86,91.35,3.57,45.59,38.42,11.27,0.71,0.0,6.2,89.3,4.5,1.5,30,0.0425,5.6,73,stable_mid
m_2332,62250,691190,8.0,100,45.34,10.87,0.24,29,37,44,53,64,73,91.84,3.37,39.83,33.61,8.39,0.82,0.0,5.5,92.8,1.7,1.45,1,0.0495,5.6,36,stable_mid
m_2333,60140,691190,8.0,103,37.64,14.38,0.382,19,27,35,46,64,81,86.32,6.38,42.5,32.02,9.86,0.49,0.0,33.7,63.3,3.1,1.83,115,0.0211,5.5,62,stable_mid
m_2334,60594,682510,7.9,101,40.16,12.1,0.301,23,31,39,48,62,73,91.67,3.42,44.04,37.27,7.27,1.02,0.0,20.3,78.1,1.7,1.59,56,0.02,5.6,47,stable_mid
m_2335,62493,683100,7.91,98,37.14,18.39,0.495,16,24,33,46,76,96,86.95,5.78,43.42,31.97,8.7,0.48,0.0,41.1,52.6,6.3,2.3,94,0.0725,5.6,33,stable_mid
m_2336,61209,691190,8.0,102,31.89,14.18,0.445,12,21,30,41,57,73,90.7,3.8,35.08,23.96,5.07,0.55,0.1,47.6,50.8,1.4,1.9,37,-0.021,5.6,68,stable_mid
m_2337,61393,691190,8.0,101,48.32,11.63,0.241,31,39,47,56,68,78,89.49,4.88,48.48,42.25,9.13,0.82,0.0,3.2,92.7,4.1,1.45,2,0.0224,5.5,46,stable_mid
m_2338,59180,691190,8.0,105,39.94,13.3,0.333,22,30,38,48,65,79,89.54,4.71,50.55,37.27,8.06,0.62,0.0,23.1,74.0,2.9,1.71,29,0.0073,5.6,95,stable_mid
m_2339,62616,691180,8.0,99,27.85,13.95,0.501,10,17,25,36,55,69,85.75,6.99,38.36,27.55,5.32,0.4,0.1,62.0,37.0,0.9,2.2,42,-0.0054,5.7,45,stable_mid
m_2340,59588,691070,8.0,104,39.18,13.2,0.337,22,30,37,46,62,87,91.64,3.39,46.34,36.12,6.66,0.71,0.0,23.9,73.1,3.0,1.68,2,0.0272,5.7,72,stable_mid
m_2341,60686,691190,8.0,102,41.58,13.02,0.313,24,32,40,50,65,77,91.55,3.7,43.45,34.98,8.97,0.61,0.0,18.8,78.6,2.6,1.62,70,0.0139,8.3,70,stable_mid
m_2342,61536,688520,7.97,101,4.94,0.99,0.2,3,4,5,6,7,7,90.53,0.5,22.3,17.93,5.03,0.0,31.6,68.4,0.0,0.0,1.4,0,0.0057,5.4,54,idle_pure
m_2343,60638,691190,8.0,103,39.59,16.09,0.406,19,28,37,48,70,93,91.03,4.1,42.2,32.87,8.86,0.51,0.0,29.3,65.5,5.2,1.89,218,0.0418,6.8,63,stable_mid
m_2344,59194,691190,8.0,105,49.24,12.63,0.256,31,40,48,58,71,88,90.7,4.24,52.17,43.9,6.5,0.46,0.0,2.7,91.5,5.9,1.48,0,0.0028,6.9,99,stable_mid
m_2345,61473,689440,7.98,101,43.67,11.13,0.255,28,35,42,51,63,75,91.05,3.89,44.4,34.85,6.93,0.65,0.0,8.6,89.6,1.8,1.5,2,0.0113,6.8,56,stable_mid
m_2346,60979,689420,7.98,102,41.37,12.05,0.291,25,32,40,49,64,78,91.37,3.43,47.28,37.4,7.05,0.91,0.0,15.7,81.8,2.4,1.6,103,0.0072,5.7,72,stable_mid
m_2347,62154,691190,8.0,100,43.73,13.49,0.309,25,34,42,52,68,85,91.16,3.7,44.54,36.84,6.64,0.65,0.0,12.9,82.8,4.3,1.62,61,0.043,5.8,45,stable_mid
m_2348,61267,691190,8.0,102,42.44,11.27,0.265,26,34,41,49,63,74,92.17,3.22,45.0,38.17,8.77,0.5,0.0,11.9,86.3,1.8,1.54,54,0.0067,5.7,72,stable_mid
m_2349,60529,680950,7.88,101,38.6,13.33,0.345,20,29,37,47,62,77,86.67,6.96,38.22,28.53,7.4,0.56,0.0,27.5,70.4,2.1,1.68,163,0.0177,5.6,45,stable_mid
m_2350,60496,690120,7.99,103,35.06,16.06,0.458,17,24,31,41,67,92,91.42,3.61,33.15,23.89,6.68,0.5,0.0,44.6,50.8,4.6,2.16,42,0.0855,5.8,54,stable_mid
m_2351,59690,685080,7.93,103,40.0,11.93,0.298,23,31,39,48,61,74,84.02,10.82,48.2,37.14,4.92,0.65,0.0,20.4,78.0,1.5,1.56,6,0.0187,6.9,73,stable_mid
m_2352,59656,690480,7.99,104,36.59,16.17,0.442,16,26,34,44,64,100,82.54,18.17,29.43,22.97,3.53,0.63,0.0,35.9,60.2,3.8,1.88,7,-0.0277,5.6,73,stable_mid
m_2353,59447,691190,8.0,105,48.67,11.53,0.237,32,40,48,57,69,77,91.37,3.54,46.34,36.88,9.14,0.42,0.0,2.5,92.9,4.6,1.44,7,0.0004,5.4,79,stable_mid
m_2354,61393,691190,8.0,101,33.85,13.67,0.404,16,24,32,42,60,75,89.25,4.67,41.77,31.15,7.36,0.89,0.0,43.8,54.4,1.7,1.88,15,0.0055,5.5,36,stable_mid
m_2355,60043,684800,7.93,103,35.4,13.72,0.388,17,25,33,44,61,76,91.5,3.75,26.15,18.19,6.55,0.48,0.0,38.5,59.6,1.9,1.85,35,0.0345,6.2,45,stable_mid
m_2356,61444,691190,8.0,101,49.07,10.1,0.206,34,42,49,56,66,75,90.78,3.48,48.47,43.87,11.5,0.89,0.0,1.4,96.2,2.4,1.35,1,0.0195,5.6,56,stable_mid
m_2357,62185,691180,8.0,100,39.2,12.66,0.323,22,30,37,47,62,77,91.53,3.5,43.45,35.65,7.04,0.39,0.0,24.5,73.5,1.9,1.68,100,0.0053,5.6,61,stable_mid
m_2358,62858,690680,7.99,99,43.97,11.81,0.269,28,35,42,52,66,77,91.63,3.31,40.82,32.25,8.24,0.84,0.0,8.6,88.6,2.8,1.57,7,0.0115,6.0,45,stable_mid
m_2359,62886,687460,7.96,98,38.2,13.33,0.349,19,28,36,46,62,78,91.16,3.53,43.74,34.57,7.34,0.58,0.0,28.3,69.4,2.3,1.72,95,0.0268,5.4,54,stable_mid
m_2360,61294,691190,8.0,101,47.3,12.0,0.254,30,38,46,56,67,77,89.91,4.58,52.89,46.31,11.24,0.61,0.0,4.9,91.9,3.2,1.46,66,-0.022,5.6,54,stable_mid
m_2361,63342,690680,7.99,98,44.37,13.9,0.313,26,34,42,53,69,87,91.39,3.59,41.07,32.71,7.72,0.73,0.0,12.2,83.2,4.7,1.64,71,0.0613,5.7,27,stable_mid
m_2362,62116,691190,8.0,100,40.5,15.27,0.377,22,30,38,48,72,89,91.26,3.48,45.77,34.02,6.99,0.54,0.0,24.2,70.4,5.5,1.89,83,0.0613,5.7,54,stable_mid
m_2363,62491,691190,8.0,100,41.33,12.48,0.302,24,32,40,49,64,76,89.53,4.53,44.44,36.37,11.93,0.59,0.0,18.2,79.4,2.4,1.6,12,-0.0013,6.4,45,stable_mid
m_2364,59785,684800,7.93,103,45.83,10.93,0.239,30,38,45,54,65,73,91.16,3.72,45.24,35.03,7.26,0.88,0.0,4.8,93.3,1.9,1.44,27,0.0296,5.8,83,stable_mid
m_2365,62176,691190,8.0,100,48.62,12.26,0.252,31,39,47,56,71,82,91.58,3.23,45.54,39.08,8.47,0.62,0.0,2.7,91.5,5.8,1.51,22,0.0451,5.5,63,stable_mid
m_2366,64530,691180,8.0,96,40.8,13.49,0.331,21,30,39,50,65,75,90.43,3.85,73.86,65.68,5.25,0.2,0.0,22.5,74.9,2.6,1.67,17,-0.0188,5.7,10,stable_mid
m_2367,59885,687850,7.96,103,44.57,13.9,0.312,26,34,42,53,70,88,91.62,3.26,42.37,35.17,7.43,0.73,0.0,11.4,83.5,5.1,1.67,53,-0.0109,5.7,63,stable_mid
m_2368,60815,681000,7.88,101,47.31,14.73,0.311,26,36,46,57,75,87,90.47,4.1,48.52,38.56,5.72,0.48,0.0,10.2,82.8,7.0,1.63,140,0.0538,5.5,58,stable_mid
m_2369,60994,689020,7.97,102,1.99,11.41,5.738,0,0,0,0,0,90,5.62,7.3,0.02,0.02,0.13,0.26,95.4,2.5,0.7,1.4,0.0,5,0.0616,5.9,62,bursty
m_2370,61225,690110,7.99,101,39.81,12.98,0.326,22,30,38,48,64,76,91.6,3.42,39.44,30.11,8.16,0.59,0.0,23.7,74.1,2.2,1.68,12,0.0121,5.6,52,stable_mid
m_2371,61637,677570,7.84,99,39.43,12.29,0.312,23,30,37,47,62,78,91.48,3.45,44.58,36.03,6.41,0.68,0.0,22.3,75.4,2.3,1.68,100,-0.0239,5.6,45,stable_mid
m_2372,62943,691190,8.0,99,30.95,14.3,0.462,14,21,28,38,56,89,90.68,3.86,38.46,28.83,8.88,0.53,0.0,54.2,43.4,2.4,2.0,4,0.0475,5.7,32,stable_mid
m_2373,61946,691180,8.0,100,44.89,11.05,0.246,29,37,44,52,64,74,90.99,4.17,51.79,44.94,8.05,0.84,0.0,6.7,91.3,2.0,1.45,3,0.0047,5.8,64,stable_mid
m_2374,60890,689990,7.99,102,29.71,12.61,0.424,13,20,28,37,53,67,83.96,10.69,23.99,15.7,4.54,0.8,0.0,55.4,43.8,0.8,1.89,3,0.0189,5.5,72,stable_mid
m_2375,62862,691190,8.0,99,5.22,1.03,0.197,4,5,5,6,7,8,81.26,0.77,21.58,16.87,1.06,0.02,21.8,78.2,0.0,0.0,1.4,0,0.0037,6.0,27,stable_low
m_2376,60180,690990,8.0,103,42.02,13.51,0.322,24,32,40,50,66,87,86.3,6.96,50.05,40.14,6.45,0.76,0.0,17.1,78.8,4.1,1.65,50,0.0543,6.1,66,stable_mid
m_2377,60682,678200,7.85,101,2.78,0.64,0.228,2,2,3,3,4,4,85.21,0.82,20.58,15.53,1.02,0.2,99.2,0.8,0.0,0.0,1.33,0,0.0036,5.6,30,idle_pure
m_2378,60539,686990,7.95,102,31.18,12.51,0.401,15,22,29,39,54,68,90.22,4.37,39.17,27.47,5.72,0.42,0.0,50.9,48.2,0.9,1.86,6,0.0224,5.5,66,stable_mid
m_2379,61536,691190,8.0,101,37.69,13.6,0.361,19,28,36,46,62,78,91.62,3.44,40.8,30.74,7.41,0.42,0.0,30.3,67.5,2.3,1.72,46,0.0096,5.6,55,stable_mid
m_2380,62524,690680,7.99,99,43.32,11.8,0.272,27,34,42,51,64,74,90.8,3.94,46.08,37.82,6.43,0.76,0.0,11.0,87.0,2.0,1.52,1,0.0257,5.5,64,stable_mid
m_2381,60829,691190,8.0,102,46.25,12.94,0.28,29,37,44,54,69,87,91.42,3.5,47.34,39.19,8.57,0.78,0.0,6.5,88.5,4.9,1.57,3,0.0408,6.7,45,stable_mid
m_2382,60484,690680,7.99,103,47.55,10.61,0.223,31,40,47,55,65,74,91.85,3.21,48.21,43.69,8.98,0.8,0.0,3.3,94.7,2.0,1.38,0,0.0221,5.6,63,stable_mid
m_2383,61675,691190,8.0,101,34.62,16.58,0.479,15,23,32,42,65,93,89.72,4.28,40.44,28.67,6.0,0.42,0.0,43.7,51.9,4.4,2.03,32,0.078,5.5,50,stable_mid
m_2384,62369,691190,8.0,100,39.84,11.98,0.301,24,31,38,47,62,75,90.34,4.53,43.5,35.28,8.36,0.64,0.0,20.3,77.8,1.9,1.63,2,0.0351,5.7,44,stable_mid
m_2385,62334,691190,8.0,100,45.81,11.41,0.249,29,37,45,54,65,74,91.61,3.32,44.26,38.7,9.07,0.7,0.0,6.0,91.8,2.3,1.44,0,0.0378,5.7,45,stable_mid
m_2386,60342,681880,7.89,102,44.07,14.39,0.327,25,33,42,53,71,88,91.57,3.47,44.07,37.5,10.39,0.64,0.0,14.4,80.0,5.6,1.69,111,0.0383,5.6,80,stable_mid
m_2387,61988,691190,8.0,100,32.78,13.01,0.397,15,23,31,41,56,73,90.38,3.87,39.35,28.49,5.55,0.76,0.0,44.7,54.1,1.3,1.81,15,0.0127,5.4,55,stable_mid
m_2388,61185,687850,7.96,101,41.8,15.67,0.375,22,30,39,51,71,92,88.23,5.28,48.47,34.74,9.33,0.42,0.0,23.5,70.8,5.7,1.82,85,0.0295,7.4,27,stable_mid
m_2389,62596,691180,8.0,99,39.46,15.33,0.388,20,29,37,47,70,88,91.69,3.27,47.87,36.88,7.69,0.64,0.0,27.1,67.7,5.2,1.89,89,0.0558,5.6,36,stable_mid
m_2390,61223,682500,7.9,100,39.54,12.83,0.324,22,30,37,47,63,79,91.41,3.46,36.4,26.82,7.01,0.57,0.0,23.8,73.5,2.7,1.7,92,0.0091,6.2,54,stable_mid
m_2391,59655,691190,8.0,104,32.45,12.97,0.4,15,23,30,40,56,73,89.19,5.56,41.52,30.21,5.6,0.5,0.0,47.3,51.3,1.4,1.87,18,0.0133,5.7,63,stable_mid
m_2392,61829,683860,7.92,100,42.32,13.34,0.315,24,32,41,51,67,80,92.02,3.2,42.51,32.74,8.43,0.55,0.0,16.9,79.4,3.7,1.63,65,0.0419,7.5,36,stable_mid
m_2393,60452,691190,8.0,103,32.48,12.86,0.396,16,23,30,40,57,72,90.18,3.76,43.69,32.96,5.83,0.56,0.0,48.1,50.7,1.2,1.9,13,-0.026,5.6,83,stable_mid
m_2394,60814,691190,8.0,102,3.13,2.65,0.848,2,3,3,3,4,21,82.95,0.71,22.66,17.71,1.05,0.55,98.2,1.4,0.3,0.0,1.33,0,-0.0053,5.9,35,erratic
m_2395,61558,689440,7.98,101,40.13,14.67,0.365,23,30,37,47,67,90,90.95,3.94,35.3,27.33,6.3,0.6,0.0,23.0,72.4,4.6,1.81,15,0.0792,5.5,63,stable_mid
m_2396,61855,689990,7.99,100,38.53,12.93,0.336,21,29,37,46,62,78,91.45,3.45,46.18,34.83,7.02,0.5,0.0,27.1,70.8,2.1,1.68,114,0.0094,5.5,46,stable_mid
m_2397,60198,682780,7.9,102,39.8,11.9,0.299,24,31,38,47,62,75,91.89,3.25,42.6,35.53,8.81,0.77,0.0,20.3,77.9,1.8,1.63,2,0.0166,5.6,63,stable_mid
m_2398,59422,685820,7.94,104,40.48,13.56,0.335,21,30,39,49,65,77,84.38,6.99,50.37,41.27,18.31,0.0,0.0,22.7,74.6,2.7,1.67,12,-0.008,5.6,91,stable_mid
m_2399,62732,691190,8.0,99,3.92,0.9,0.229,3,3,4,4,6,7,90.58,0.83,21.39,16.97,1.1,0.24,79.5,20.5,0.0,0.0,1.5,0,0.0043,5.5,45,idle_pure
m_2400,59783,682520,7.9,103,41.31,16.58,0.401,21,30,38,49,77,93,91.63,3.22,42.89,34.29,7.73,0.47,0.0,24.6,69.1,6.3,2.03,55,0.0447,5.6,63,stable_mid
m_2401,60462,691190,8.0,103,39.72,11.49,0.289,24,31,38,47,61,74,91.38,3.48,42.47,33.52,7.41,0.64,0.0,19.2,79.2,1.6,1.61,3,-0.0046,5.5,59,stable_mid
m_2402,59560,685210,7.93,104,16.87,5.19,0.308,8,12,18,21,24,26,93.76,1.75,29.62,28.9,2.79,1.0,0.0,99.9,0.1,0.0,1.33,0,0.0141,5.5,72,stable_mid
m_2403,62600,691190,8.0,99,43.27,14.6,0.337,25,33,41,52,71,88,91.51,3.18,50.71,43.19,6.42,0.56,0.0,16.1,78.7,5.2,1.73,0,0.0168,5.7,54,stable_mid
m_2404,62399,690120,7.99,100,39.0,12.24,0.314,23,30,37,47,62,75,91.74,3.42,42.6,36.5,9.02,0.72,0.0,24.1,74.2,1.8,1.68,9,0.0172,5.8,45,stable_mid
m_2405,61464,684800,7.93,100,32.13,13.27,0.413,15,22,30,40,57,74,90.48,3.87,36.82,25.22,5.44,0.68,0.0,49.7,48.9,1.4,1.9,19,-0.0001,5.6,63,stable_mid
m_2406,61681,691190,8.0,101,33.17,16.11,0.486,14,22,30,41,63,92,88.68,4.88,38.5,27.52,6.26,0.48,0.0,49.3,46.8,4.0,2.1,47,0.0581,5.6,63,stable_mid
m_2407,61871,691190,8.0,101,40.79,12.06,0.296,24,32,40,48,62,80,90.89,4.39,46.18,38.6,6.88,0.57,0.0,17.8,80.1,2.1,1.55,47,0.0234,6.9,46,stable_mid
m_2408,62497,691190,8.0,100,45.33,14.49,0.32,26,35,43,53,73,89,90.77,4.86,40.7,32.99,9.52,0.83,0.0,11.5,82.5,6.0,1.7,1,0.0531,5.8,36,stable_mid
m_2409,61543,691190,8.0,101,45.62,10.97,0.24,30,37,44,53,66,75,90.21,4.1,44.98,38.3,9.0,0.81,0.0,4.2,93.3,2.5,1.5,0,0.009,5.6,54,stable_mid
m_2410,62827,691190,8.0,99,47.23,13.09,0.277,29,38,45,55,73,83,90.8,4.03,46.03,38.66,9.88,0.66,0.0,5.1,88.8,6.1,1.62,23,0.0601,5.6,37,stable_mid
m_2411,62119,684280,7.92,99,50.09,10.02,0.2,34,43,50,57,66,75,91.35,3.21,49.3,44.79,11.69,0.87,0.0,1.6,96.0,2.5,1.32,7,0.0229,5.7,54,stable_high
m_2412,61339,690660,7.99,101,38.44,14.59,0.38,21,28,36,45,64,95,91.51,3.27,38.75,30.13,7.64,0.32,0.0,29.5,67.1,3.5,1.78,22,0.0437,5.7,63,stable_mid
m_2413,62511,691190,8.0,100,39.72,13.02,0.328,21,30,39,48,62,76,91.18,3.81,47.33,38.24,7.28,0.76,0.0,24.7,73.5,1.8,1.59,41,0.0481,5.7,45,stable_mid
m_2414,61937,691190,8.0,100,36.6,14.14,0.386,19,26,34,45,63,80,88.84,5.22,45.52,34.35,8.92,0.55,0.0,36.9,60.5,2.6,1.85,87,-0.0004,5.5,45,stable_mid
m_2415,61253,689110,7.98,101,38.81,16.75,0.432,19,27,35,47,73,93,89.76,4.81,48.9,35.92,8.32,0.49,0.0,33.7,60.6,5.7,2.09,74,0.1102,5.9,41,stable_mid
m_2416,61020,691190,8.0,102,43.54,12.88,0.296,25,34,42,52,67,78,92.04,3.1,43.39,35.82,11.13,0.52,0.0,13.4,83.4,3.2,1.6,44,-0.0057,5.6,63,stable_mid
m_2417,61840,691190,8.0,101,35.03,12.95,0.37,17,25,33,43,59,73,86.66,6.72,35.42,24.97,5.7,0.51,0.0,37.9,60.8,1.3,1.79,25,0.0332,5.4,47,stable_mid
m_2418,61643,691180,8.0,101,44.33,13.28,0.3,28,35,42,51,70,84,91.12,3.88,42.19,33.34,6.97,0.57,0.0,9.0,85.7,5.2,1.67,0,0.0568,5.6,62,stable_mid
m_2419,62464,691070,8.0,100,44.3,11.21,0.253,28,36,43,51,64,75,91.59,3.24,42.9,39.01,12.46,0.88,0.0,7.1,90.6,2.3,1.49,35,0.0065,5.6,58,stable_mid
m_2420,60572,681000,7.88,101,36.56,12.27,0.336,20,27,35,44,59,73,87.82,6.07,45.78,34.88,8.57,0.38,0.0,32.7,65.9,1.4,1.69,19,-0.0287,5.6,63,stable_mid
m_2421,62020,688500,7.97,100,39.28,12.5,0.318,22,30,37,48,62,75,91.52,3.65,39.27,30.67,6.84,0.98,0.0,24.8,73.7,1.6,1.68,6,-0.0175,5.5,54,stable_mid
m_2422,60822,684410,7.92,101,47.23,12.74,0.27,29,38,46,55,70,83,91.45,3.45,41.42,33.3,8.0,0.7,0.0,5.9,88.9,5.2,1.52,1,0.0777,5.9,63,stable_mid
m_2423,61287,691180,8.0,101,40.93,12.17,0.297,23,31,40,49,62,73,91.21,3.58,44.37,35.81,7.21,0.81,0.0,19.5,78.9,1.6,1.55,27,0.0245,7.3,66,stable_mid
m_2424,59895,688900,7.97,104,38.31,12.96,0.338,20,29,37,46,62,79,91.44,3.89,46.75,38.08,7.39,0.6,0.0,26.4,71.4,2.3,1.68,127,-0.0024,6.3,81,stable_mid
m_2425,60310,691070,8.0,103,40.94,13.04,0.319,23,31,39,49,65,78,91.12,3.79,44.02,35.35,7.84,0.78,0.0,20.3,76.8,2.9,1.67,39,0.0493,6.9,70,stable_mid
m_2426,62117,681890,7.89,99,38.58,13.68,0.355,20,28,37,47,63,80,91.63,3.21,48.88,36.93,6.01,1.04,0.0,28.6,69.0,2.4,1.7,121,0.0081,5.7,50,stable_mid
m_2427,60559,691180,8.0,103,44.6,12.22,0.274,27,35,43,52,67,77,88.36,6.13,49.66,39.89,6.85,0.88,0.0,8.9,87.7,3.4,1.56,54,0.0205,5.6,62,stable_mid
m_2428,61921,690480,7.99,100,39.76,14.29,0.359,20,29,38,48,65,88,91.19,4.23,42.76,35.78,8.5,0.75,0.0,25.5,71.2,3.3,1.71,58,0.0726,6.9,44,stable_mid
m_2429,61359,687250,7.95,101,43.99,12.26,0.279,27,34,42,52,67,76,91.79,3.33,45.27,39.74,12.53,0.73,0.0,10.7,86.3,3.0,1.6,13,0.0191,5.7,63,stable_mid
m_2430,61116,691190,8.0,102,47.06,12.25,0.26,30,38,46,55,69,79,88.89,5.33,51.51,44.12,9.18,1.04,0.0,5.0,90.3,4.8,1.5,2,0.0053,6.6,63,stable_mid
m_2431,60231,684610,7.92,102,41.12,13.05,0.317,23,31,39,49,65,77,88.18,7.45,53.42,42.09,8.94,0.52,0.0,20.0,77.3,2.7,1.67,117,-0.0109,5.6,56,stable_mid
m_2432,61646,679800,7.87,99,38.4,12.56,0.327,20,29,37,46,60,74,89.24,6.2,35.79,25.31,6.31,0.4,0.0,25.1,73.4,1.5,1.62,22,0.0713,5.6,28,stable_mid
m_2433,62543,691070,8.0,99,46.52,11.42,0.246,30,38,45,54,67,77,90.8,3.99,47.67,38.57,7.04,0.38,0.0,4.0,92.9,3.2,1.49,17,0.022,5.5,45,stable_mid
m_2434,61449,673790,7.8,99,43.31,11.85,0.274,27,34,42,51,65,74,91.3,3.55,45.21,37.67,8.49,0.57,0.0,11.2,86.6,2.2,1.55,5,0.0103,5.6,36,stable_mid
m_2435,61474,680950,7.88,100,39.13,12.59,0.322,22,29,37,47,62,76,91.9,3.3,49.01,38.1,7.14,0.7,0.0,25.0,73.1,1.8,1.68,52,0.0108,5.6,36,stable_mid
m_2436,64237,688790,7.97,96,27.5,12.39,0.451,12,18,25,35,50,66,87.29,9.73,37.66,26.84,4.97,0.42,0.0,63.3,35.9,0.8,2.0,3,0.0004,5.7,18,stable_mid
m_2437,62202,691190,8.0,100,37.89,12.4,0.327,21,29,36,45,61,74,90.78,4.39,42.85,35.56,7.48,0.65,0.0,27.5,70.8,1.7,1.69,65,0.039,5.6,37,stable_mid
m_2438,61283,686460,7.95,101,29.7,13.04,0.439,13,20,27,37,55,68,90.04,4.08,34.58,23.41,4.92,0.57,0.0,56.6,42.5,0.9,2.04,5,-0.0065,9.3,41,stable_mid
m_2439,62048,691190,8.0,100,33.65,15.68,0.466,15,23,31,41,61,92,90.39,3.63,41.38,31.57,6.27,0.58,0.0,46.5,49.9,3.7,1.97,4,0.053,5.6,38,stable_mid
m_2440,60232,688890,7.97,103,37.67,12.26,0.326,21,28,36,45,60,74,91.63,3.28,43.81,34.35,9.28,0.67,0.0,28.9,69.6,1.5,1.67,97,0.019,5.7,63,stable_mid
m_2441,61795,680090,7.87,99,42.97,13.65,0.318,25,33,41,51,68,86,91.7,3.4,43.4,37.35,6.97,0.81,0.0,15.1,80.6,4.3,1.66,204,0.0277,5.7,47,stable_mid
m_2442,62749,683860,7.92,98,46.15,12.0,0.26,29,37,45,55,67,75,91.33,3.77,48.33,36.8,5.56,0.24,0.0,6.3,90.5,3.2,1.49,1,0.0024,5.6,27,stable_mid
m_2443,59439,689110,7.98,104,39.58,13.04,0.33,22,30,37,47,65,76,89.66,4.97,43.13,35.42,10.0,0.72,0.0,24.4,72.8,2.8,1.76,66,-0.0068,5.7,63,stable_mid
m_2444,61760,691180,8.0,101,41.17,15.7,0.381,21,29,38,50,71,91,85.72,6.8,53.6,41.32,8.96,0.55,0.0,25.1,69.3,5.5,1.87,101,0.0443,5.5,45,stable_mid
m_2445,62727,691190,8.0,99,43.01,14.05,0.327,26,33,40,50,71,88,91.03,3.56,43.13,33.67,59.21,0.35,0.0,14.5,79.8,5.7,1.78,142,0.0589,5.6,63,stable_mid
m_2446,62647,686050,7.94,99,40.59,12.6,0.31,23,31,39,49,63,76,91.11,3.71,43.91,34.86,9.73,0.56,0.0,20.0,77.7,2.3,1.62,6,0.0088,5.7,45,stable_mid
m_2447,59200,691190,8.0,105,35.3,12.35,0.35,19,26,33,43,58,74,91.16,4.28,46.0,36.11,7.53,0.47,0.0,37.0,61.7,1.3,1.76,12,-0.02,6.9,76,stable_mid
m_2448,62115,687840,7.96,100,33.39,12.46,0.373,17,24,32,41,56,69,89.35,4.86,43.21,32.59,12.2,0.58,0.0,43.8,55.2,1.0,1.75,2,0.0131,5.6,54,stable_mid
m_2449,61537,691180,8.0,101,39.75,12.44,0.313,23,30,38,48,63,75,91.87,3.1,36.17,27.48,9.83,0.55,0.0,22.5,75.5,2.0,1.66,39,0.0172,5.6,48,stable_mid
m_2450,61895,691090,8.0,100,33.78,12.73,0.377,16,25,32,41,57,72,90.01,4.38,38.53,28.26,9.6,0.51,0.0,40.7,58.1,1.2,1.78,3,0.0026,5.7,36,stable_mid
m_2451,63408,688900,7.97,98,42.41,14.33,0.338,24,32,40,49,71,88,90.99,4.08,52.54,41.2,6.7,0.57,0.0,15.8,79.0,5.2,1.78,99,0.0602,5.5,36,stable_mid
m_2452,60393,691190,8.0,103,41.02,11.47,0.28,25,32,40,48,62,72,91.71,3.46,43.95,38.36,9.5,0.8,0.0,16.6,82.0,1.4,1.55,3,0.0286,5.7,46,stable_mid
m_2453,62809,691170,8.0,98,43.11,11.84,0.275,26,34,42,51,64,76,90.96,3.73,45.96,39.92,9.53,0.69,0.0,12.2,85.5,2.2,1.52,131,0.0333,5.7,37,stable_mid
m_2454,60785,688520,7.97,102,41.73,12.16,0.291,24,33,40,49,63,77,89.19,5.67,45.77,37.09,8.66,1.11,0.0,15.5,82.4,2.1,1.58,147,0.0119,5.9,54,stable_mid
m_2455,60737,687120,7.95,102,49.02,12.06,0.246,31,39,48,58,69,78,91.04,3.45,44.79,38.64,12.41,0.52,0.0,2.7,92.5,4.8,1.44,81,-0.0168,5.5,81,stable_mid
m_2456,60125,691180,8.0,103,51.17,9.76,0.191,36,44,51,58,67,73,91.85,3.08,45.15,37.72,13.29,0.52,0.0,0.7,96.7,2.6,1.31,5,0.0249,6.0,76,stable_high
m_2457,61121,691190,8.0,102,41.27,12.67,0.307,23,32,40,49,64,81,91.58,3.6,44.62,36.62,8.12,0.67,0.0,17.1,80.3,2.7,1.6,195,0.0083,5.6,62,stable_mid
m_2458,61350,689420,7.98,101,40.43,12.8,0.317,23,31,38,49,64,76,90.94,3.8,47.34,37.53,8.99,0.91,0.0,21.6,76.0,2.3,1.68,62,-0.0111,5.5,45,stable_mid
m_2459,60721,689410,7.98,102,20.22,4.72,0.234,12,16,22,24,26,28,94.58,1.55,32.36,32.7,3.41,1.0,0.0,99.6,0.4,0.0,1.18,0,0.0183,5.7,70,stable_mid
m_2460,62661,691190,8.0,99,38.66,14.39,0.372,18,28,37,48,65,76,88.04,8.3,72.77,63.88,12.35,0.21,0.0,30.1,67.4,2.5,1.76,56,-0.0519,5.5,45,stable_mid
m_2461,63161,691190,8.0,98,37.04,12.66,0.342,20,28,35,44,60,77,91.27,3.59,43.39,34.15,7.58,0.5,0.0,30.8,67.3,1.8,1.71,30,-0.0097,5.4,36,stable_mid
m_2462,61881,691190,8.0,100,29.44,13.17,0.447,13,20,27,37,54,70,90.43,3.74,36.91,26.89,4.9,0.48,0.0,57.8,41.1,1.1,2.0,16,0.0387,5.7,54,stable_mid
m_2463,61313,684610,7.92,100,47.18,12.56,0.266,29,38,46,55,70,79,90.96,4.06,42.4,34.72,4.22,0.66,0.0,5.0,89.5,5.4,1.52,8,0.0452,5.5,54,stable_mid
m_2464,61815,691190,8.0,101,37.16,12.74,0.343,21,28,35,45,61,77,90.76,4.05,51.13,40.02,6.39,0.52,0.0,31.5,66.7,1.8,1.74,65,-0.0029,5.6,45,stable_mid
m_2465,61717,691190,8.0,101,6.14,0.74,0.12,5,6,6,7,7,8,88.79,0.5,28.13,21.78,1.06,0.5,0.3,99.7,0.0,0.0,1.17,0,0.0025,5.6,60,stable_low
m_2466,60192,679910,7.87,102,32.24,16.27,0.504,14,21,29,39,61,93,90.09,4.44,38.78,25.41,5.29,0.54,0.0,52.8,43.4,3.8,2.1,13,0.0614,5.7,74,stable_mid
m_2467,61840,691190,8.0,101,44.56,10.9,0.245,28,37,44,52,63,74,90.49,4.35,39.84,32.19,9.07,1.05,0.0,6.4,91.8,1.8,1.43,0,0.0444,6.4,46,stable_mid
m_2468,61980,691190,8.0,100,42.82,13.12,0.306,24,33,41,51,67,78,89.79,4.69,42.6,35.37,5.0,0.75,0.0,16.2,80.3,3.5,1.63,62,0.0093,5.5,43,stable_mid
m_2469,62604,691190,8.0,99,39.2,14.33,0.366,19,28,37,48,66,77,89.37,4.92,72.4,62.66,12.68,0.21,0.0,28.5,68.5,3.0,1.78,48,-0.0414,5.6,45,stable_mid
m_2470,63969,691190,8.0,97,40.52,12.34,0.305,24,31,38,48,63,77,91.71,3.27,43.29,34.41,8.24,0.68,0.0,19.1,78.5,2.4,1.66,25,0.0052,5.6,36,stable_mid
m_2471,61387,691190,8.0,101,39.43,12.37,0.314,23,30,38,48,61,75,91.82,3.48,42.84,30.54,6.46,0.71,0.0,23.9,74.2,2.0,1.61,39,0.0169,5.6,55,stable_mid
m_2472,60972,691190,8.0,102,41.53,13.11,0.316,23,32,40,50,66,79,89.0,4.93,46.49,38.05,8.31,0.57,0.0,18.6,78.4,3.0,1.65,61,0.0038,5.7,66,stable_mid
m_2473,62665,691190,8.0,99,29.82,12.57,0.422,13,20,28,37,53,68,88.46,5.5,39.79,27.67,4.95,0.55,0.0,55.2,43.9,0.9,1.89,20,-0.0156,5.5,54,stable_mid
m_2474,63098,691190,8.0,99,46.52,16.58,0.356,25,33,42,62,75,79,92.02,3.61,43.08,39.13,9.17,0.86,0.0,15.1,69.6,15.3,1.79,363,0.0947,5.5,31,stable_mid
m_2475,62976,691190,8.0,99,31.41,14.53,0.463,14,21,29,39,56,89,89.74,4.44,40.63,29.2,5.44,0.44,0.0,52.0,45.9,2.1,1.93,21,0.0033,5.6,36,stable_mid
m_2476,62490,691190,8.0,100,37.3,17.29,0.464,18,25,33,44,70,97,90.99,3.84,39.44,28.72,4.65,0.36,0.0,38.3,56.5,5.2,2.12,13,0.0664,5.7,45,stable_mid
m_2477,62435,691190,8.0,100,47.58,11.73,0.247,31,39,46,55,68,82,91.62,3.31,44.88,37.37,10.37,0.47,0.0,3.0,92.9,4.1,1.48,15,0.0043,8.8,28,stable_mid
m_2478,60783,691190,8.0,102,45.28,11.84,0.261,28,36,44,54,66,74,90.49,4.43,50.34,43.26,6.76,0.85,0.0,8.0,89.7,2.3,1.5,13,0.0072,6.2,54,stable_mid
m_2479,58935,687900,7.96,105,45.37,11.16,0.246,29,37,44,53,65,75,91.65,3.44,46.49,36.96,9.72,0.55,0.0,6.1,91.7,2.2,1.48,1,0.002,5.6,81,stable_mid
m_2480,62471,689990,7.99,99,4.58,0.81,0.177,3,4,5,5,6,7,89.65,0.58,22.43,18.28,1.07,0.15,47.9,52.1,0.0,0.0,1.2,0,0.0026,7.9,20,idle_pure
m_2481,62963,689410,7.98,99,37.77,14.19,0.376,20,27,35,45,62,91,91.89,3.05,46.3,36.09,6.62,0.64,0.0,31.3,65.6,3.0,1.77,5,0.0541,5.6,36,stable_mid
m_2482,62489,691190,8.0,100,42.96,15.53,0.361,24,32,40,51,78,86,91.42,3.53,43.81,32.25,6.43,0.57,0.0,18.4,73.5,8.1,1.95,488,0.0498,5.6,37,stable_mid
m_2483,60768,689080,7.98,102,35.81,13.94,0.389,18,25,33,45,62,77,88.84,4.81,43.22,31.83,7.55,0.49,0.0,38.6,59.1,2.3,1.88,31,0.0168,6.3,46,stable_mid
m_2484,63402,691190,8.0,98,42.07,13.13,0.312,24,32,40,51,67,77,86.11,6.65,45.94,38.62,8.04,0.78,0.0,17.7,79.1,3.2,1.68,36,-0.0506,5.5,46,stable_mid
m_2485,60365,688930,7.97,103,41.61,14.12,0.339,22,31,39,50,69,81,91.73,3.13,50.72,39.9,6.58,0.6,0.0,20.7,74.6,4.7,1.77,306,-0.0011,7.0,69,stable_mid
m_2486,64175,691190,8.0,97,40.56,12.91,0.318,23,31,39,48,64,79,88.17,6.07,47.11,38.23,9.52,0.78,0.0,20.8,76.4,2.8,1.64,22,0.0006,5.6,29,stable_mid
m_2487,62103,691190,8.0,100,36.66,12.62,0.344,20,27,35,45,59,74,91.89,3.26,36.63,26.59,8.54,0.43,0.0,33.4,65.2,1.4,1.69,7,0.0481,7.1,53,stable_mid
m_2488,61729,687110,7.95,100,42.62,12.47,0.293,25,33,41,51,65,76,91.29,3.58,44.44,36.4,12.7,0.59,0.0,14.8,82.6,2.5,1.59,7,0.0165,6.2,65,stable_mid
m_2489,62424,691190,8.0,100,46.6,11.49,0.246,30,38,46,55,67,75,91.66,3.53,38.17,32.9,8.41,0.71,0.0,4.5,92.6,2.9,1.46,24,0.0246,9.4,36,stable_mid
m_2490,62539,691180,8.0,99,34.04,13.36,0.392,17,24,32,41,59,76,91.26,3.55,41.43,32.28,7.07,0.49,0.0,42.2,56.2,1.6,1.84,15,0.0161,5.4,52,stable_mid
m_2491,60117,691190,8.0,103,40.61,14.38,0.354,23,30,38,48,68,87,91.55,3.3,47.76,38.15,7.28,0.57,0.0,23.4,72.0,4.6,1.79,348,0.001,5.8,63,stable_mid
m_2492,62970,689720,7.98,99,44.19,13.42,0.304,25,34,42,54,68,76,91.78,3.65,43.83,36.55,8.12,0.65,0.0,13.0,83.5,3.5,1.62,152,-0.0028,5.6,44,stable_mid
m_2493,59260,681000,7.88,103,30.96,12.72,0.411,14,21,29,38,54,70,80.24,21.11,9.62,7.22,5.32,0.6,0.0,51.5,47.4,1.1,1.86,10,-0.0136,8.7,57,stable_mid
m_2494,61694,691180,8.0,101,42.56,12.47,0.293,25,33,41,51,64,74,88.78,6.55,16.7,13.53,8.17,0.84,0.0,14.6,83.1,2.2,1.56,20,0.0084,6.0,46,stable_mid
m_2495,61142,691180,8.0,102,43.52,13.13,0.302,25,34,42,52,68,79,90.95,3.77,51.01,42.56,6.42,0.8,0.0,13.4,82.4,4.2,1.62,167,-0.0106,5.5,45,stable_mid
m_2496,61532,691190,8.0,101,35.65,12.8,0.359,18,26,34,44,59,74,89.79,5.05,40.82,29.94,6.79,0.44,0.0,36.3,62.3,1.4,1.74,32,-0.0012,5.7,59,stable_mid
m_2497,63025,688520,7.97,98,37.63,14.7,0.391,18,27,35,46,65,81,87.92,5.55,43.84,31.45,8.29,0.39,0.0,34.0,62.7,3.3,1.86,120,0.0072,6.9,27,stable_mid
m_2498,58645,685840,7.94,105,41.49,14.31,0.345,23,31,39,49,67,91,91.65,3.34,47.15,38.04,7.45,0.42,0.0,19.7,76.0,4.3,1.72,144,0.0432,5.8,47,stable_mid
m_2499,61410,691190,8.0,101,44.21,14.14,0.32,25,34,42,52,70,90,89.05,5.03,46.11,37.24,10.33,0.64,0.0,12.9,81.9,5.2,1.67,22,0.0264,5.8,45,stable_mid
m_2500,61379,691180,8.0,101,38.64,12.9,0.334,22,29,37,46,62,79,90.19,4.29,44.08,36.48,6.27,0.73,0.0,26.6,71.1,2.3,1.68,53,0.015,5.6,51,stable_mid
m_2501,62368,685210,7.93,99,38.34,12.76,0.333,21,29,36,46,62,77,91.97,3.19,37.2,26.76,7.71,0.43,0.0,27.8,70.4,1.9,1.72,7,0.0169,5.4,36,stable_mid
m_2502,61302,691190,8.0,101,32.37,13.06,0.404,15,22,31,40,56,72,89.55,4.67,37.25,27.52,5.75,0.53,0.0,46.5,52.3,1.3,1.81,5,-0.008,5.7,64,stable_mid
m_2503,63890,691180,8.0,97,44.68,11.2,0.251,29,36,43,52,65,75,91.2,3.42,51.77,42.64,7.27,0.67,0.0,6.4,91.1,2.5,1.51,12,0.0128,5.6,30,stable_mid
m_2504,62371,687110,7.95,99,30.2,12.86,0.426,13,21,28,38,53,69,90.59,4.14,41.25,30.35,5.99,0.44,0.0,53.5,45.5,0.9,1.89,17,-0.0185,5.4,36,stable_mid
m_2505,61417,691190,8.0,101,45.55,11.16,0.245,30,37,44,53,66,75,91.92,3.23,44.85,39.37,9.07,0.75,0.0,5.0,92.6,2.5,1.5,23,0.0281,5.9,63,stable_mid
m_2506,62828,691190,8.0,99,32.07,12.67,0.395,16,23,30,39,56,73,90.07,4.07,39.69,28.18,5.36,0.56,0.0,48.8,49.9,1.3,1.87,18,-0.006,6.7,45,stable_mid
m_2507,62329,691190,8.0,100,35.74,16.03,0.448,17,24,32,43,65,91,89.68,4.43,44.03,32.84,6.12,0.55,0.0,41.4,54.3,4.3,2.03,2,0.0844,5.5,50,stable_mid
m_2508,63566,691190,8.0,98,40.86,17.19,0.421,20,28,37,50,76,94,88.14,5.87,42.21,33.25,9.64,0.45,0.0,28.9,64.4,6.7,2.05,55,0.0714,5.6,36,stable_mid
m_2509,63948,691190,8.0,97,42.8,15.64,0.365,24,31,40,50,75,91,88.89,5.23,53.02,45.38,8.82,0.54,0.0,19.4,73.9,6.6,1.88,40,0.0737,5.6,36,stable_mid
m_2510,62693,691190,8.0,99,46.77,11.25,0.241,30,38,46,55,65,75,86.95,6.04,39.62,31.27,10.23,0.51,0.0,4.6,93.2,2.2,1.41,2,0.0329,5.6,54,stable_mid
m_2511,60773,691190,8.0,102,34.76,12.81,0.369,18,25,33,42,58,73,90.66,3.89,43.87,33.1,5.41,0.75,0.0,39.5,59.0,1.4,1.76,12,0.0073,7.4,72,stable_mid
m_2512,58800,687110,7.95,105,45.28,12.58,0.278,27,36,44,54,68,77,91.49,3.52,44.52,36.78,9.56,0.67,0.0,9.4,86.9,3.8,1.55,100,0.013,5.4,62,stable_mid
m_2513,61848,691190,8.0,101,39.6,12.95,0.327,22,30,38,47,64,80,91.68,3.51,37.08,28.03,7.07,0.41,0.0,23.3,74.2,2.6,1.68,60,-0.019,6.1,57,stable_mid
m_2514,61896,691180,8.0,100,40.93,11.83,0.289,24,32,39,48,62,76,92.05,3.25,47.34,41.44,7.88,0.76,0.0,17.0,81.2,1.8,1.59,39,0.0054,5.9,72,stable_mid
m_2515,60072,686110,7.94,103,39.53,14.24,0.36,18,29,38,48,65,77,82.2,14.59,13.07,8.51,7.74,0.57,0.0,25.1,72.0,3.0,1.71,13,0.0991,5.6,54,stable_mid
m_2516,59733,691180,8.0,104,44.65,13.23,0.296,26,35,43,53,67,86,90.95,3.82,49.76,39.5,7.31,0.63,0.0,10.7,85.3,4.0,1.56,62,0.0304,8.8,72,stable_mid
m_2517,63122,691190,8.0,99,42.8,13.82,0.323,24,32,40,51,69,81,88.55,5.26,43.66,36.03,10.35,0.7,0.0,16.7,78.3,5.0,1.72,43,0.0032,6.2,36,stable_mid
m_2518,62189,680090,7.87,98,37.03,12.23,0.33,21,28,35,44,59,75,92.39,2.97,36.45,26.83,7.78,0.46,0.0,30.1,68.3,1.5,1.69,59,-0.004,6.8,36,stable_mid
m_2519,63354,691180,8.0,98,46.25,12.35,0.267,29,37,45,54,69,82,90.56,3.88,61.16,50.52,9.3,0.28,0.0,5.7,89.5,4.7,1.53,11,0.0406,5.6,38,stable_mid
m_2520,61579,689990,7.99,101,39.96,11.34,0.284,24,31,39,47,60,71,92.3,3.01,43.12,35.72,10.22,0.63,0.0,19.0,79.8,1.2,1.54,1,0.0011,8.1,45,stable_mid
m_2521,61142,688490,7.97,101,52.21,12.28,0.235,30,44,53,62,70,73,91.18,3.68,46.05,35.1,6.34,0.36,0.0,4.6,89.1,6.3,1.32,1,-0.0136,7.4,48,stable_high
m_2522,60790,691190,8.0,102,48.34,11.76,0.243,31,39,48,57,68,77,90.61,4.18,45.34,37.37,8.32,0.93,0.0,3.5,92.4,4.0,1.42,8,-0.0049,5.7,58,stable_mid
m_2523,62209,691190,8.0,100,43.66,14.02,0.321,25,33,42,52,70,85,91.44,3.75,45.77,39.84,9.73,0.68,0.0,14.4,80.4,5.1,1.67,4,0.082,6.2,36,stable_mid
m_2524,61133,691190,8.0,102,42.71,14.38,0.337,23,32,41,52,70,82,88.16,6.01,52.57,41.14,11.93,0.6,0.0,19.3,75.6,5.1,1.71,131,0.0204,5.5,62,stable_mid
m_2525,63055,691190,8.0,99,38.18,12.79,0.335,21,29,36,46,62,78,91.18,3.67,48.32,37.78,6.63,0.66,0.0,27.1,70.9,2.0,1.72,88,0.0081,5.7,39,stable_mid
m_2526,62148,691190,8.0,100,44.17,12.74,0.289,26,35,43,53,68,77,91.37,3.63,45.71,36.87,8.71,0.57,0.0,11.6,84.6,3.7,1.58,33,0.031,5.9,54,stable_mid
m_2527,62122,691190,8.0,100,42.31,12.84,0.303,25,32,41,50,66,80,90.47,3.93,43.82,35.27,7.13,0.81,0.0,16.0,80.7,3.2,1.61,145,0.0092,5.9,43,stable_mid
m_2528,62087,691180,8.0,100,47.58,13.28,0.279,29,38,46,55,74,85,91.01,3.8,46.48,38.41,10.01,0.7,0.0,5.2,88.4,6.3,1.61,20,0.0621,5.6,63,stable_mid
m_2529,61793,682900,7.9,99,39.35,12.08,0.307,23,30,37,46,62,74,91.18,3.43,37.27,27.9,7.1,0.72,0.0,21.6,76.6,1.8,1.68,1,0.0353,5.5,54,stable_mid
m_2530,62689,691180,8.0,99,32.0,15.3,0.478,12,20,29,41,61,77,81.84,10.97,19.19,12.36,7.24,0.83,0.1,50.3,47.4,2.1,2.1,87,-0.0096,5.6,45,stable_mid
m_2531,61453,684610,7.92,100,34.36,16.34,0.476,15,23,31,41,64,93,89.64,4.6,38.16,28.03,5.87,0.53,0.0,45.5,50.3,4.2,2.06,6,0.0671,5.4,36,stable_mid
m_2532,61607,685840,7.94,100,42.27,11.1,0.263,27,34,41,49,62,73,92.13,2.92,42.74,35.78,7.62,0.85,0.0,10.9,87.6,1.6,1.51,1,0.003,5.7,45,stable_mid
m_2533,60978,685060,7.93,101,42.21,14.71,0.349,24,32,40,49,70,90,91.69,3.36,46.47,37.21,7.02,0.59,0.0,17.6,77.4,5.0,1.75,28,0.0446,6.0,56,stable_mid
m_2534,60910,691190,8.0,102,40.65,12.85,0.316,23,31,39,49,64,78,91.27,3.49,44.17,33.78,7.11,0.49,0.0,20.6,77.0,2.4,1.64,10,0.0217,6.0,48,stable_mid
m_2535,60753,691190,8.0,102,38.64,13.93,0.361,20,28,36,47,64,81,88.12,5.59,47.9,36.37,8.24,0.69,0.0,29.2,67.7,3.1,1.78,126,0.0134,7.6,54,stable_mid
m_2536,59129,676240,7.83,103,39.14,13.5,0.345,22,29,37,47,62,89,92.3,3.03,39.52,31.82,9.27,0.74,0.0,25.7,71.2,3.0,1.68,30,0.0443,5.7,55,stable_mid
m_2537,63028,691190,8.0,99,42.01,12.57,0.299,24,32,41,50,65,76,91.39,3.68,40.52,32.95,8.91,0.83,0.0,17.0,80.6,2.5,1.59,0,-0.0325,5.6,40,stable_mid
m_2538,60994,670510,7.76,99,8.6,17.94,2.087,0,0,0,0,49,65,19.76,31.49,0.3,0.28,1.2,0.0,79.7,2.1,17.4,0.8,49.0,5,0.2278,5.9,45,bursty
m_2539,60640,691190,8.0,102,58.8,8.12,0.138,44,53,60,65,71,74,89.87,4.72,51.14,44.78,54.74,0.45,0.0,0.0,92.6,7.4,1.18,0,0.0156,5.7,80,stable_high
m_2540,9827,196370,2.27,179,28.39,11.96,0.421,13,20,27,34,50,69,46.35,16.12,0.84,0.45,4.05,0.0,0.0,60.6,38.4,1.0,1.85,1,0.3018,25.7,16,stable_mid
m_2541,60002,691190,8.0,103,53.92,10.6,0.197,37,46,54,61,73,79,90.87,3.69,48.41,42.84,48.53,0.5,0.0,0.3,92.5,7.2,1.35,9,0.0417,7.3,64,stable_high
m_2542,60776,685880,7.94,102,38.26,14.79,0.387,20,28,36,46,64,93,88.18,7.0,47.2,37.27,9.04,0.52,0.0,30.5,66.0,3.5,1.78,26,0.0318,5.6,54,stable_mid
m_2543,60549,691190,8.0,103,32.06,12.26,0.382,16,23,30,39,55,70,88.87,5.44,41.46,30.14,5.57,0.61,0.0,47.9,51.0,1.0,1.83,13,0.0003,5.6,64,stable_mid
m_2544,62261,687460,7.96,99,44.13,11.72,0.266,27,35,43,52,65,76,91.02,4.41,43.73,38.81,7.78,0.83,0.0,9.7,87.7,2.7,1.51,67,0.014,5.5,47,stable_mid
m_2545,63777,691180,8.0,98,42.02,14.83,0.353,22,31,40,51,68,90,91.1,3.99,46.34,35.64,7.55,0.57,0.0,20.5,75.0,4.6,1.7,134,0.0343,5.5,45,stable_mid
m_2546,59205,691190,8.0,105,37.2,13.52,0.363,19,27,35,46,62,77,91.78,3.45,45.56,31.82,7.53,0.36,0.0,33.5,64.6,1.9,1.77,19,0.0127,5.7,82,stable_mid
m_2547,64153,689970,7.99,97,47.6,18.29,0.384,26,34,42,56,86,89,91.0,3.68,42.59,34.3,8.21,0.51,0.0,11.9,72.0,16.1,2.05,7,-0.0056,5.6,27,stable_mid
m_2548,61204,691190,8.0,102,38.32,12.81,0.334,21,28,37,47,61,76,89.85,4.43,45.0,35.81,7.27,0.57,0.0,28.5,69.6,1.9,1.65,19,0.0411,5.9,47,stable_mid
m_2549,60444,691190,8.0,103,60.14,9.81,0.163,44,53,60,68,76,79,90.96,4.28,84.68,83.17,25.38,0.54,0.0,0.0,80.2,19.8,1.27,0,0.0099,6.0,66,stable_high
m_2550,63702,689100,7.98,97,33.71,13.24,0.393,16,24,32,42,58,74,87.05,9.04,42.36,29.67,5.92,0.48,0.0,43.8,54.7,1.4,1.81,21,0.0185,6.1,36,stable_mid
m_2551,62851,691180,8.0,99,45.09,13.77,0.305,26,35,43,53,72,84,87.86,6.53,47.99,39.42,56.44,0.18,0.0,10.4,83.7,5.9,1.67,0,0.0388,8.0,34,stable_mid
m_2552,60000,673030,7.79,101,28.74,13.32,0.463,11,19,27,37,53,68,90.8,3.81,39.83,28.05,4.94,0.39,0.0,58.2,40.8,0.9,1.96,5,-0.0011,5.6,54,stable_mid
m_2553,61843,682500,7.9,99,43.16,12.91,0.299,25,33,41,51,66,79,88.93,5.6,42.98,32.17,11.13,0.61,0.0,14.1,82.6,3.3,1.61,61,-0.0099,5.5,49,stable_mid
m_2554,63605,691180,8.0,98,38.21,13.4,0.351,20,28,36,46,63,78,89.32,4.67,38.31,26.93,7.55,0.41,0.0,28.9,68.6,2.5,1.75,82,0.0335,5.7,39,stable_mid
m_2555,62045,691190,8.0,100,42.24,12.43,0.294,25,33,41,50,64,77,91.42,3.45,39.09,30.7,10.74,0.7,0.0,15.0,82.6,2.4,1.56,8,0.0391,5.6,45,stable_mid
m_2556,62260,691070,8.0,100,48.87,14.0,0.286,27,38,48,59,72,84,90.72,3.8,43.66,36.34,14.28,0.7,0.0,8.2,85.1,6.6,1.5,103,0.0546,8.8,28,stable_mid
m_2557,62673,689980,7.99,99,39.79,13.78,0.346,21,29,37,48,65,81,89.37,5.35,37.56,30.09,8.78,0.62,0.0,25.5,71.6,3.0,1.76,133,0.0089,5.7,46,stable_mid
m_2558,61612,690650,7.99,101,32.67,12.71,0.389,16,24,31,40,57,71,90.38,4.1,37.32,25.37,4.94,0.58,0.0,46.2,52.6,1.2,1.84,4,0.0299,6.7,46,stable_mid
m_2559,61393,689420,7.98,101,40.32,13.09,0.325,22,31,38,48,64,78,90.66,4.09,39.26,30.68,8.02,0.55,0.0,21.7,75.3,3.1,1.68,14,0.0337,5.5,57,stable_mid
m_2560,59368,691190,8.0,105,45.88,10.98,0.239,30,37,45,53,66,74,92.02,3.36,41.56,36.05,9.39,0.9,0.0,4.1,93.6,2.3,1.47,13,0.0001,5.7,63,stable_mid
m_2561,60802,689400,7.98,102,40.43,13.41,0.332,21,30,39,49,64,79,91.0,3.5,43.94,36.04,7.34,0.6,0.0,22.3,74.7,3.0,1.64,56,0.0258,5.5,54,stable_mid
m_2562,63431,691190,8.0,98,45.47,14.23,0.313,27,35,43,54,74,85,90.52,4.09,42.7,34.06,8.0,0.65,0.0,10.3,83.1,6.6,1.72,65,0.0742,5.3,28,stable_mid
m_2563,62112,691190,8.0,100,44.76,10.81,0.242,29,37,44,52,64,76,90.94,3.8,44.28,37.83,8.64,0.97,0.0,5.2,92.7,2.2,1.45,22,0.0153,5.7,61,stable_mid
m_2564,63376,691190,8.0,98,34.25,16.52,0.482,15,23,31,42,64,94,89.85,4.51,36.06,24.37,4.93,0.42,0.0,45.3,50.6,4.1,2.06,33,0.0405,5.5,45,stable_mid
m_2565,60147,678180,7.85,101,42.66,13.69,0.321,25,33,40,50,68,87,83.67,11.21,45.47,36.45,6.64,0.54,0.0,14.9,80.5,4.6,1.7,43,0.0324,5.7,56,stable_mid
m_2566,61669,691190,8.0,100,31.47,12.57,0.399,14,22,30,39,54,69,90.62,3.64,41.42,31.54,5.2,0.53,0.0,49.5,49.5,1.0,1.8,4,-0.0102,5.4,66,stable_mid
m_2567,60768,676810,7.83,100,38.64,14.28,0.37,20,28,36,47,66,82,88.12,5.65,41.96,31.43,21.41,0.47,0.0,29.4,66.9,3.7,1.83,132,0.0011,5.7,50,stable_mid
m_2568,62942,689120,7.98,99,39.45,12.79,0.324,21,30,38,48,62,75,90.69,4.28,41.61,33.38,9.02,0.76,0.0,24.6,73.3,2.0,1.63,7,-0.0021,5.7,29,stable_mid
m_2569,60817,691190,8.0,102,32.75,13.8,0.422,14,23,31,41,58,74,87.45,6.46,41.71,29.56,7.05,0.64,0.0,46.7,51.8,1.5,1.87,53,0.0002,5.6,47,stable_mid
m_2570,61223,691190,8.0,102,40.56,12.42,0.306,24,31,39,48,63,79,91.1,3.92,41.34,32.57,9.32,0.59,0.0,19.0,78.5,2.5,1.62,49,0.0096,8.0,57,stable_mid
m_2571,64179,691190,8.0,97,35.5,12.87,0.363,19,26,33,43,60,73,91.49,3.42,18.43,12.1,8.53,0.3,0.0,37.7,60.9,1.5,1.82,1,0.0339,5.5,27,stable_mid
m_2572,61411,691020,8.0,101,35.2,13.77,0.391,17,25,33,43,61,77,91.28,3.53,41.03,32.47,8.74,0.55,0.0,39.6,58.4,2.0,1.85,59,0.0166,5.6,60,stable_mid
m_2573,60714,682780,7.9,101,40.56,12.24,0.302,24,31,39,48,63,75,91.56,3.63,45.32,37.31,9.22,0.69,0.0,19.3,78.6,2.1,1.62,23,-0.0193,5.6,72,stable_mid
m_2574,59358,691190,8.0,105,44.64,14.5,0.325,26,34,42,53,73,88,91.88,2.97,46.27,39.83,8.94,0.73,0.0,12.4,81.5,6.1,1.74,68,0.0673,10.1,56,stable_mid
m_2575,60921,691190,8.0,102,41.68,11.2,0.269,26,33,40,49,61,74,91.29,3.59,48.93,39.52,7.1,0.6,0.0,13.0,85.5,1.5,1.52,3,0.03,5.4,63,stable_mid
m_2576,60754,689110,7.98,102,35.21,14.09,0.4,17,25,33,42,60,89,90.72,3.49,45.27,34.31,6.98,0.53,0.0,39.1,58.2,2.7,1.82,11,0.0391,5.6,63,stable_mid
m_2577,61331,685870,7.94,101,44.73,12.89,0.288,26,35,44,53,66,85,88.96,8.32,44.5,38.53,6.95,0.74,0.0,10.4,85.9,3.6,1.5,30,0.0496,5.4,63,stable_mid
m_2578,63146,691190,8.0,99,47.4,10.52,0.222,32,39,46,55,66,75,90.68,3.76,48.93,45.26,9.13,1.07,0.0,2.0,95.6,2.4,1.43,0,0.0119,5.6,39,stable_mid
m_2579,63239,691190,8.0,98,40.95,15.14,0.37,22,30,38,48,73,89,91.83,3.23,40.22,31.06,7.78,0.55,0.0,22.1,72.3,5.6,1.92,72,0.0963,5.7,36,stable_mid
m_2580,60954,691190,8.0,102,32.74,12.72,0.388,16,23,30,40,57,71,88.62,5.12,48.98,36.34,10.54,0.47,0.0,46.8,52.0,1.2,1.9,30,0.0036,5.7,63,stable_mid
m_2581,62008,691190,8.0,100,36.06,15.18,0.421,17,25,34,44,61,96,90.79,4.62,32.54,23.02,6.62,0.48,0.0,36.8,60.1,3.1,1.79,13,0.0609,5.9,37,stable_mid
m_2582,60827,688890,7.97,102,38.68,13.51,0.349,20,29,37,47,63,79,91.13,3.85,40.97,31.76,6.73,0.51,0.0,27.7,69.8,2.5,1.7,124,-0.0166,5.6,54,stable_mid
m_2583,61848,683380,7.91,99,44.46,10.92,0.246,29,36,43,52,64,75,90.51,3.99,44.89,39.02,10.72,1.17,0.0,6.1,92.0,1.9,1.49,2,-0.0033,5.7,45,stable_mid
m_2584,61344,691190,8.0,101,35.4,11.89,0.336,19,27,34,42,57,71,90.24,4.0,37.47,28.23,5.27,0.51,0.0,34.9,63.9,1.2,1.68,20,-0.0066,5.6,54,stable_mid
m_2585,61244,691190,8.0,102,31.39,11.95,0.381,15,23,29,38,53,67,90.33,4.06,40.74,30.77,11.27,0.46,0.0,50.2,49.0,0.8,1.83,1,0.0237,6.6,87,stable_mid
m_2586,61018,691190,8.0,102,35.51,13.67,0.385,18,25,33,43,61,78,89.66,5.17,43.97,34.23,7.2,0.44,0.0,38.8,59.2,2.0,1.85,85,0.0079,5.6,63,stable_mid
m_2587,60223,691190,8.0,103,34.81,12.5,0.359,18,25,33,42,57,72,90.23,4.36,51.09,41.98,8.09,0.42,0.0,38.1,60.7,1.2,1.73,4,0.0028,5.7,63,stable_mid
m_2588,61025,690320,7.99,102,40.47,12.27,0.303,23,31,39,48,63,75,91.0,3.79,47.93,40.96,6.48,0.58,0.0,19.5,78.6,1.9,1.62,1,0.0029,5.8,72,stable_mid
m_2589,60870,691190,8.0,102,41.3,12.24,0.297,24,32,40,49,63,76,86.78,11.35,24.17,19.51,7.43,0.66,0.0,17.2,80.7,2.1,1.58,3,-0.0004,5.4,37,stable_mid
m_2590,59144,691070,8.0,105,41.58,11.95,0.287,25,33,40,49,63,75,88.24,6.81,45.27,37.71,7.83,0.57,0.0,15.3,82.6,2.1,1.58,66,0.0065,6.2,72,stable_mid
m_2591,62515,691190,8.0,99,42.4,12.04,0.284,26,33,41,50,64,77,90.88,3.85,35.61,26.48,8.72,0.54,0.0,13.1,84.5,2.5,1.56,0,0.001,5.8,58,stable_mid
m_2592,61053,691190,8.0,102,34.81,14.36,0.412,17,25,32,42,60,92,91.6,3.29,41.51,30.65,6.39,0.4,0.0,40.9,56.2,2.8,1.88,18,0.0381,5.4,54,stable_mid
m_2593,60973,689070,7.98,102,39.5,13.02,0.33,22,30,38,47,64,78,90.83,3.78,37.99,29.36,9.7,0.62,0.0,23.9,73.6,2.5,1.68,63,0.0052,5.5,63,stable_mid
m_2594,62527,691190,8.0,99,32.14,12.68,0.395,14,23,30,40,55,70,89.47,5.02,45.75,35.39,9.75,0.53,0.0,47.1,51.9,1.0,1.83,9,0.0144,6.1,45,stable_mid
m_2595,61998,691190,8.0,100,34.41,13.47,0.391,16,24,32,42,59,75,89.86,4.23,39.71,28.7,5.98,0.7,0.0,41.2,57.1,1.7,1.84,8,-0.005,5.7,50,stable_mid
m_2596,61677,689990,7.99,101,38.09,13.84,0.363,19,28,36,46,63,82,92.45,2.99,40.39,32.17,8.38,0.61,0.0,30.2,66.9,2.9,1.75,1,0.0534,5.6,54,stable_mid
m_2597,59839,691190,8.0,104,37.82,12.51,0.331,21,28,36,45,61,73,90.41,4.14,41.81,32.65,3.41,0.54,0.0,28.4,70.0,1.6,1.69,6,0.0107,5.6,94,stable_mid
m_2598,54274,605930,7.01,100,7.26,15.53,2.138,0,0,0,0,42,58,17.66,31.79,0.22,0.17,0.97,0.0,79.5,6.7,13.3,0.4,42.0,52,0.2257,5.6,36,bursty
m_2599,60433,691190,8.0,103,32.29,15.65,0.485,14,22,29,39,59,94,90.86,3.79,39.3,27.67,5.44,0.4,0.0,51.1,45.4,3.4,2.03,7,0.0389,5.5,67,stable_mid
m_2600,61855,691180,8.0,101,41.44,14.24,0.343,23,31,39,49,68,88,92.04,3.36,41.61,33.87,9.17,0.61,0.0,20.3,75.1,4.6,1.74,152,0.068,6.0,48,stable_mid
m_2601,58742,691180,8.0,106,31.61,13.38,0.423,14,21,29,40,57,69,90.52,3.64,41.85,31.78,5.59,0.58,0.0,50.9,48.1,1.0,1.97,5,-0.0164,6.2,75,stable_mid
m_2602,61925,691190,8.0,100,38.58,15.5,0.402,20,27,35,46,67,93,89.71,4.41,36.75,25.78,6.92,0.48,0.0,31.7,64.0,4.2,1.91,132,0.0373,5.6,63,stable_mid
m_2603,63033,690190,7.99,99,38.08,11.85,0.311,22,29,36,45,60,74,90.51,4.15,45.38,36.34,6.34,0.4,0.0,25.5,73.0,1.5,1.67,4,-0.0031,5.8,45,stable_mid
m_2604,61894,680990,7.88,99,34.76,11.9,0.342,19,26,33,42,56,71,90.39,3.94,42.48,32.7,9.6,0.7,0.0,38.2,60.7,1.1,1.7,6,0.0057,5.6,36,stable_mid
m_2605,63101,691190,8.0,99,34.87,16.56,0.475,15,24,32,42,65,95,90.62,3.58,44.74,34.28,5.8,0.46,0.0,42.4,53.2,4.4,2.03,20,0.0698,5.5,36,stable_mid
m_2606,63876,691070,8.0,97,44.93,12.27,0.273,28,36,43,53,67,77,92.03,3.2,45.79,40.38,9.67,0.69,0.0,8.3,88.2,3.5,1.56,112,0.0176,5.6,45,stable_mid
m_2607,61752,688870,7.97,100,38.93,12.51,0.321,22,29,37,46,62,77,88.7,5.42,45.53,36.12,8.1,0.84,0.0,25.1,72.8,2.2,1.68,48,0.0102,5.6,38,stable_mid
m_2608,61170,691190,8.0,102,34.36,16.0,0.466,16,23,31,42,62,93,86.98,8.67,36.87,26.67,5.57,0.49,0.0,45.3,50.9,3.8,2.0,12,0.0499,5.7,63,stable_mid
m_2609,62349,690510,7.99,100,38.7,12.6,0.326,22,29,37,46,62,76,91.53,3.62,42.21,33.36,7.04,0.57,0.0,25.9,72.2,1.9,1.68,11,0.0177,5.7,49,stable_mid
m_2610,60527,691190,8.0,103,38.94,12.78,0.328,22,29,37,46,63,77,87.87,6.47,48.31,37.03,9.19,0.47,0.0,25.1,72.7,2.3,1.7,20,-0.0274,5.6,94,stable_mid
m_2611,62133,691190,8.0,100,42.34,11.6,0.274,26,34,41,50,63,75,91.66,3.05,45.35,38.16,3.58,0.52,0.0,11.7,86.4,1.9,1.54,40,0.029,5.4,45,stable_mid
m_2612,59825,671260,7.77,101,42.68,13.56,0.318,25,33,40,50,67,90,90.3,4.68,38.87,28.95,9.08,0.74,0.0,14.5,81.4,4.1,1.68,9,0.0136,5.4,38,stable_mid
m_2613,62423,691190,8.0,100,40.63,13.5,0.332,24,31,38,48,64,89,90.7,3.89,45.14,35.12,3.71,0.5,0.0,19.8,76.8,3.4,1.68,1,0.0379,5.6,45,stable_mid
m_2614,62964,682500,7.9,98,38.83,11.73,0.302,23,30,37,46,60,76,91.8,3.54,40.26,30.96,6.88,0.41,0.0,23.0,75.2,1.8,1.62,69,0.0042,6.2,18,stable_mid
m_2615,60755,691180,8.0,102,37.68,13.31,0.353,20,28,35,45,63,80,91.56,2.77,43.08,34.63,8.26,0.72,0.0,29.7,67.3,3.0,1.8,358,0.0066,7.0,72,stable_mid
m_2616,59432,677820,7.85,103,33.74,15.47,0.459,16,23,31,41,60,93,90.31,4.42,41.32,31.19,6.37,0.43,0.0,46.2,50.2,3.6,1.94,4,0.0517,5.9,63,stable_mid
m_2617,62630,689980,7.99,99,41.78,11.54,0.276,25,33,41,50,62,73,91.38,3.68,48.91,38.28,6.43,0.71,0.0,14.8,83.8,1.4,1.51,42,0.0133,5.6,47,stable_mid
m_2618,61948,691190,8.0,100,35.03,17.14,0.489,14,23,32,44,66,94,87.88,5.64,41.3,29.63,5.74,0.35,0.0,43.4,52.3,4.3,2.06,58,0.0775,6.2,54,stable_mid
m_2619,62340,691190,8.0,100,48.43,12.96,0.268,29,38,47,59,70,80,91.6,3.61,44.14,38.45,8.93,0.72,0.0,5.5,89.1,5.4,1.49,162,0.0179,9.7,29,stable_mid
m_2620,63294,691190,8.0,98,15.92,4.33,0.272,9,12,17,19,22,23,92.11,1.24,28.09,27.47,2.87,1.0,0.0,100.0,0.0,0.0,1.29,0,0.012,5.7,39,stable_mid
m_2621,62963,690680,7.99,99,33.16,13.43,0.405,16,23,31,41,58,75,90.45,3.8,42.64,31.51,5.41,0.44,0.0,46.0,52.4,1.5,1.87,46,0.0002,5.7,44,stable_mid
m_2622,58636,678100,7.85,104,48.26,10.96,0.227,31,40,48,56,66,77,88.71,5.38,39.26,31.6,10.95,0.77,0.0,3.4,94.0,2.7,1.38,55,0.0224,5.7,72,stable_mid
m_2623,59082,687960,7.96,105,43.09,11.92,0.277,26,34,42,51,64,75,91.69,3.1,45.24,35.53,11.04,0.63,0.0,12.3,85.3,2.4,1.52,76,0.0453,10.1,81,stable_mid
m_2624,63406,681290,7.89,97,48.55,13.24,0.273,29,38,47,58,72,79,88.89,5.17,46.43,39.46,10.33,1.02,0.0,5.7,86.9,7.4,1.53,18,-0.0239,5.4,27,stable_mid
m_2625,63482,691190,8.0,98,41.26,11.75,0.285,25,33,40,48,62,76,91.2,3.48,47.27,40.06,6.76,0.67,0.0,15.4,82.8,1.9,1.55,1,0.0051,5.5,45,stable_mid
m_2626,60425,685260,7.93,102,41.15,12.62,0.307,24,31,39,49,65,75,88.41,5.8,47.88,41.99,8.07,0.68,0.0,18.8,78.9,2.3,1.67,34,-0.0151,5.7,63,stable_mid
m_2627,61786,691190,8.0,101,39.1,15.72,0.402,20,28,36,46,70,91,91.57,3.57,40.66,31.92,7.52,0.46,0.0,29.7,65.2,5.1,1.94,9,0.0629,6.2,45,stable_mid
m_2628,47341,677560,7.84,129,40.51,13.36,0.33,23,31,38,48,66,77,89.39,9.67,27.76,20.54,8.39,0.51,0.9,18.3,77.7,3.1,1.74,46,-0.0257,34.1,72,stable_mid
m_2629,60750,682690,7.9,101,37.65,15.73,0.418,19,27,34,45,69,90,85.14,11.96,10.65,8.79,6.2,0.72,0.0,34.5,60.5,5.0,2.03,19,0.0817,7.8,45,stable_mid
m_2630,62858,691190,8.0,99,34.04,13.28,0.39,16,24,32,42,58,73,90.79,3.68,42.63,31.61,11.37,0.62,0.0,41.1,57.6,1.3,1.81,6,0.0018,6.0,29,stable_mid
m_2631,62202,691190,8.0,100,39.9,14.58,0.365,21,29,37,47,68,91,90.77,4.12,43.51,36.48,11.82,0.62,0.0,25.7,69.9,4.4,1.84,35,0.0492,5.7,63,stable_mid
m_2632,64016,691190,8.0,97,33.23,12.15,0.366,17,24,31,40,56,71,90.16,4.29,41.83,31.02,5.5,0.55,0.0,43.7,55.2,1.1,1.81,7,0.0169,5.8,18,stable_mid
m_2633,60846,679810,7.87,101,45.09,10.73,0.238,29,37,44,52,64,74,90.47,4.71,46.03,44.76,9.1,0.92,0.0,5.0,92.9,2.0,1.45,16,0.0072,5.6,54,stable_mid
m_2634,61926,689980,7.99,100,34.72,13.08,0.377,18,25,32,42,59,77,91.7,3.28,48.58,36.65,6.2,0.42,0.0,40.4,57.8,1.8,1.84,68,0.0157,5.6,63,stable_mid
m_2635,62622,685820,7.94,99,38.76,12.88,0.332,22,29,37,47,62,78,90.41,4.68,42.04,32.62,7.44,0.62,0.0,27.0,70.9,2.1,1.68,67,-0.013,7.3,34,stable_mid
m_2636,60416,688090,7.96,102,37.43,16.44,0.439,18,26,34,45,68,93,91.34,3.45,37.71,28.35,5.73,0.45,0.0,35.5,59.7,4.8,2.0,11,0.0644,5.6,81,stable_mid
m_2637,61214,683330,7.91,100,42.84,11.89,0.278,26,34,41,50,64,78,91.76,2.98,45.73,38.33,3.71,0.47,0.0,11.2,86.2,2.6,1.56,5,0.0241,6.3,44,stable_mid
m_2638,61448,682700,7.9,100,42.76,11.3,0.264,27,34,41,50,63,75,91.08,3.91,45.28,37.72,8.28,0.68,0.0,10.4,87.7,1.9,1.54,32,0.003,5.6,54,stable_mid
m_2639,61723,691190,8.0,101,34.26,16.77,0.489,16,23,30,41,69,95,88.38,5.59,41.94,31.33,6.09,0.44,0.0,47.0,48.1,4.9,2.3,39,0.0503,5.6,47,stable_mid
m_2640,60962,689100,7.98,102,37.3,14.12,0.379,19,27,35,45,63,85,91.1,3.93,45.28,35.54,7.39,0.55,0.0,32.7,64.3,2.9,1.8,298,0.0021,5.9,66,stable_mid
m_2641,63168,691190,8.0,98,43.21,11.98,0.277,26,34,42,51,64,78,91.41,3.49,42.16,33.58,7.12,0.73,0.0,11.4,86.2,2.4,1.52,71,0.0084,5.5,45,stable_mid
m_2642,63402,691190,8.0,98,32.78,13.0,0.397,16,23,30,40,57,73,91.38,3.58,43.15,32.59,6.41,0.4,0.0,47.5,51.3,1.2,1.9,10,-0.0007,5.6,27,stable_mid
m_2643,63303,691190,8.0,98,43.06,12.07,0.28,26,34,42,51,65,76,92.05,3.21,46.67,38.44,9.68,0.77,0.0,12.3,85.0,2.7,1.55,54,0.0235,5.6,45,stable_mid
m_2644,62298,691000,8.0,100,35.37,11.8,0.333,20,27,33,42,57,70,89.65,4.33,40.95,32.74,4.9,0.78,0.0,36.1,62.8,1.1,1.73,3,0.0197,9.6,18,stable_mid
m_2645,61622,691190,8.0,101,43.76,11.88,0.272,27,35,42,51,65,78,91.24,3.72,46.09,37.24,7.63,1.11,0.0,9.7,87.5,2.8,1.55,45,-0.0081,5.5,45,stable_mid
m_2646,56291,606350,7.02,97,8.74,17.7,2.026,0,0,0,0,47,72,18.92,33.59,0.28,0.21,1.1,0.0,78.1,4.6,16.2,1.1,47.0,9,0.2523,5.8,18,bursty
m_2647,59544,691190,8.0,104,43.76,12.01,0.275,26,35,42,51,65,76,91.79,3.32,47.33,41.95,8.33,0.59,0.0,11.1,86.0,2.8,1.55,96,0.0122,5.7,63,stable_mid
m_2648,60163,679720,7.87,102,39.62,11.5,0.29,24,31,38,47,61,74,91.4,3.57,36.51,26.59,7.55,0.59,0.0,19.6,78.8,1.6,1.61,7,0.0123,5.6,48,stable_mid
m_2649,61940,684610,7.92,99,34.67,12.56,0.362,17,25,33,42,58,72,90.2,4.19,40.39,29.35,5.63,0.58,0.0,38.4,60.3,1.3,1.76,8,-0.0113,6.4,44,stable_mid
m_2650,62333,691190,8.0,100,43.85,13.13,0.299,26,34,42,52,68,81,88.46,5.28,39.82,30.04,8.28,0.38,0.0,12.2,83.7,4.1,1.62,61,0.023,5.5,42,stable_mid
m_2651,63525,689990,7.99,98,38.4,15.44,0.402,20,28,35,46,67,90,91.53,3.55,36.96,27.6,6.38,0.57,0.0,31.4,63.9,4.7,1.91,3,0.0784,5.5,27,stable_mid
m_2652,63034,691190,8.0,99,48.56,11.46,0.236,32,40,47,56,68,82,91.22,3.89,45.07,37.8,9.54,0.63,0.0,2.5,93.3,4.2,1.45,2,0.0234,5.6,36,stable_mid
m_2653,61912,691190,8.0,100,41.28,14.73,0.357,23,31,38,48,69,90,91.2,3.79,36.62,27.83,7.46,0.54,0.0,19.6,75.5,4.9,1.82,84,0.0883,6.6,37,stable_mid
m_2654,60201,689110,7.98,103,40.77,12.17,0.298,24,31,39,49,63,75,91.02,3.98,46.51,36.96,7.06,0.0,0.0,18.5,79.6,2.0,1.62,62,0.0266,5.6,63,stable_mid
m_2655,62391,691190,8.0,100,34.32,13.17,0.384,16,24,33,42,58,73,83.69,14.7,42.23,33.84,5.48,0.4,0.0,40.5,58.1,1.4,1.76,20,0.0277,5.5,48,stable_mid
m_2656,61962,691190,8.0,100,32.68,12.44,0.381,16,23,31,40,55,70,90.37,3.84,41.24,30.11,5.57,0.59,0.0,45.8,53.1,1.1,1.77,11,0.0003,5.8,37,stable_mid
m_2657,61323,691190,8.0,101,50.74,9.82,0.194,36,43,50,58,67,73,90.65,4.27,46.43,36.01,8.58,0.84,0.0,0.4,96.9,2.7,1.34,0,0.0246,6.6,54,stable_high
m_2658,62277,691190,8.0,100,34.87,14.71,0.422,17,24,32,42,61,91,88.97,5.0,39.79,28.58,6.96,0.57,0.0,41.8,55.4,2.8,1.91,19,0.0483,6.2,36,stable_mid
m_2659,60831,691190,8.0,102,35.35,12.59,0.356,18,26,34,43,58,73,89.94,4.33,44.68,32.13,5.46,0.49,0.0,36.7,61.9,1.4,1.71,3,0.0097,6.3,63,stable_mid
m_2660,61624,685870,7.94,100,34.51,12.39,0.359,18,25,32,42,58,73,89.62,4.38,37.75,27.71,6.14,0.82,0.0,40.1,58.7,1.2,1.81,0,0.0082,7.1,61,stable_mid
m_2661,60106,691190,8.0,103,44.73,12.76,0.285,28,36,43,51,71,83,91.08,3.72,44.29,37.07,8.34,0.86,0.0,7.4,87.4,5.2,1.65,5,0.0613,5.4,46,stable_mid
m_2662,62196,691190,8.0,100,30.76,12.75,0.415,13,21,29,39,54,66,88.9,5.28,38.94,27.49,4.7,0.46,0.0,51.3,48.0,0.7,1.86,3,0.0232,5.8,36,stable_mid
m_2663,59967,691190,8.0,104,35.65,16.09,0.451,16,24,33,44,65,92,89.08,5.14,43.98,34.16,6.33,0.46,0.0,40.8,55.1,4.1,1.97,53,0.0519,5.7,72,stable_mid
m_2664,60425,691180,8.0,103,44.25,11.68,0.264,28,35,42,52,65,76,91.77,2.91,52.5,43.07,14.62,0.7,0.0,7.8,89.7,2.5,1.55,7,0.0033,9.1,54,stable_mid
m_2665,62066,691190,8.0,100,39.95,13.36,0.334,21,30,38,49,64,77,88.66,5.19,48.29,40.41,6.73,0.51,0.0,24.2,73.2,2.6,1.68,33,0.0323,5.4,45,stable_mid
m_2666,61013,691190,8.0,102,35.83,12.17,0.34,19,27,34,43,58,73,91.99,3.37,44.27,38.76,5.81,1.32,0.0,34.1,64.5,1.5,1.71,57,0.0397,5.5,55,stable_mid
m_2667,60090,691180,8.0,104,38.45,13.48,0.351,21,29,36,46,63,83,91.02,3.77,38.04,27.76,8.54,0.47,0.0,28.1,68.7,3.2,1.75,268,0.0087,5.7,55,stable_mid
m_2668,60629,684600,7.92,102,38.15,14.77,0.387,20,27,35,47,66,84,89.05,5.3,39.89,29.19,8.45,0.52,0.0,33.5,63.1,3.4,1.89,79,0.0136,5.4,46,stable_mid
m_2669,62952,691190,8.0,99,43.59,13.27,0.304,25,34,42,51,66,83,89.29,5.43,44.44,38.01,5.5,0.56,0.0,13.3,82.4,4.3,1.57,10,0.0537,5.5,36,stable_mid
m_2670,59538,673510,7.8,102,35.58,12.88,0.362,18,26,34,43,59,74,90.92,3.5,43.49,33.05,5.91,0.48,0.0,36.5,61.8,1.6,1.74,3,0.01,6.1,54,stable_mid
m_2671,60363,678300,7.85,101,38.4,12.39,0.323,22,29,36,46,61,76,91.37,3.6,44.92,32.84,6.42,0.49,0.0,26.5,71.9,1.7,1.69,12,-0.0022,7.6,47,stable_mid
m_2672,60554,691190,8.0,103,41.24,12.62,0.306,24,32,40,49,64,77,91.88,3.13,45.52,37.68,8.53,0.78,0.0,18.5,79.2,2.4,1.6,67,0.0216,5.6,75,stable_mid
m_2673,62649,685840,7.94,99,40.94,12.61,0.308,24,32,39,48,64,78,91.02,3.72,49.76,38.76,7.1,0.57,0.0,18.7,78.5,2.8,1.64,59,-0.0074,5.7,45,stable_mid
m_2674,61869,691190,8.0,101,41.36,11.94,0.289,25,32,39,49,63,76,90.6,5.32,49.14,40.49,8.07,0.61,0.0,15.4,82.6,2.0,1.62,1,0.0155,6.1,36,stable_mid
m_2675,62353,691190,8.0,100,32.49,14.29,0.44,14,22,30,40,59,77,89.39,4.54,35.19,23.62,4.76,0.63,0.0,48.2,49.8,2.0,1.97,194,-0.0173,5.6,56,stable_mid
m_2676,62960,691190,8.0,99,30.27,12.89,0.426,13,20,28,38,54,68,85.93,8.56,30.51,20.38,4.73,0.5,0.0,54.4,44.7,0.8,1.93,1,0.0128,5.6,40,stable_mid
m_2677,60169,691190,8.0,103,40.0,13.37,0.334,22,30,38,48,65,79,89.23,5.48,50.38,37.92,8.04,0.54,0.0,24.1,73.1,2.8,1.71,82,0.0169,6.7,63,stable_mid
m_2678,61954,689410,7.98,100,55.23,9.2,0.167,39,49,56,62,69,75,89.94,4.17,48.6,43.48,40.82,0.58,0.0,0.2,95.4,4.4,1.23,6,-0.0048,5.7,54,stable_high
m_2679,60472,685820,7.94,102,38.44,12.76,0.332,21,29,37,46,62,78,91.54,3.88,23.08,18.69,11.07,0.59,0.0,26.7,71.0,2.3,1.68,181,0.0187,5.6,72,stable_mid
m_2680,61168,690110,7.99,102,46.15,10.86,0.235,31,38,45,53,66,76,91.3,3.63,46.89,41.97,8.39,0.79,0.0,3.3,94.0,2.7,1.47,17,0.0017,5.6,63,stable_mid
m_2681,60904,687470,7.96,102,20.65,15.03,0.728,4,7,18,30,48,65,89.22,6.82,15.55,10.33,4.72,1.09,13.8,60.0,25.5,0.7,2.67,59,0.073,5.6,54,bursty
m_2682,61022,686100,7.94,101,36.65,12.43,0.339,20,27,35,44,59,74,91.57,3.36,46.06,35.05,7.08,0.35,0.0,32.5,66.1,1.4,1.69,13,0.0043,5.4,63,stable_mid
m_2683,62432,691190,8.0,100,46.64,12.71,0.272,28,37,45,56,69,76,91.0,3.86,45.56,39.6,10.17,0.84,0.0,6.9,88.5,4.6,1.53,91,0.0025,5.6,47,stable_mid
m_2684,60319,691190,8.0,103,44.52,13.75,0.309,26,34,43,53,68,89,88.53,5.43,40.76,31.55,10.05,0.52,0.0,12.1,83.3,4.6,1.58,83,0.0474,5.7,63,stable_mid
m_2685,62113,689930,7.99,100,32.47,12.74,0.392,16,23,30,40,56,72,89.12,6.61,44.25,34.46,6.62,0.75,0.0,47.5,51.3,1.2,1.87,34,-0.0239,5.6,45,stable_mid
m_2686,63050,691190,8.0,99,39.0,13.71,0.351,22,29,37,46,63,90,91.04,4.11,47.41,40.58,6.38,0.43,0.0,26.0,71.1,2.9,1.7,11,0.0446,5.9,39,stable_mid
m_2687,58994,689700,7.98,105,37.88,13.73,0.363,20,28,35,46,64,80,89.06,5.32,53.28,42.72,7.55,0.59,0.0,30.7,66.3,2.9,1.83,83,0.0047,5.5,89,stable_mid
m_2688,62628,691190,8.0,99,44.98,12.05,0.268,28,35,44,53,66,77,91.18,4.56,44.88,30.75,9.36,0.73,0.0,7.8,89.4,2.8,1.5,1,0.0095,7.2,36,stable_mid
m_2689,61824,687960,7.96,100,43.3,11.75,0.271,27,34,42,51,64,76,91.38,3.5,47.51,39.84,7.46,0.82,0.0,10.7,87.0,2.3,1.52,3,-0.0017,5.7,38,stable_mid
m_2690,63019,691190,8.0,99,44.18,15.21,0.344,24,33,42,53,74,88,87.68,5.8,51.67,41.02,10.38,0.49,0.0,16.6,76.6,6.8,1.76,92,0.0347,5.6,36,stable_mid
m_2691,62065,691190,8.0,100,42.87,11.65,0.272,26,34,42,51,64,74,91.9,3.36,38.22,31.22,9.18,1.1,0.0,11.8,86.1,2.1,1.52,3,0.0181,5.6,54,stable_mid
m_2692,61569,691190,8.0,101,37.13,13.08,0.352,20,27,35,45,61,76,89.89,6.03,40.34,31.01,7.92,0.49,0.0,32.8,65.4,1.8,1.74,11,0.0533,5.7,72,stable_mid
m_2693,62972,691190,8.0,99,39.99,15.66,0.392,20,29,37,48,70,89,91.43,3.32,37.63,29.35,7.47,0.71,0.0,26.7,68.2,5.0,1.89,13,0.0797,5.9,46,stable_mid
m_2694,63417,691180,8.0,98,46.25,12.46,0.269,29,37,45,54,67,83,90.21,4.22,43.98,38.62,8.85,0.69,0.0,6.3,89.7,4.0,1.49,11,0.0355,6.3,36,stable_mid
m_2695,63765,691190,8.0,98,41.47,14.06,0.339,23,31,39,50,66,88,91.05,3.63,49.37,38.86,6.75,0.69,0.0,19.9,76.3,3.8,1.69,4,0.0462,5.5,45,stable_mid
m_2696,61715,691190,8.0,101,32.83,15.12,0.461,15,22,30,40,59,97,90.67,4.0,34.98,23.87,5.2,0.42,0.0,49.5,47.8,2.7,1.97,13,0.0787,5.6,61,stable_mid
m_2697,61688,691170,8.0,101,36.18,14.39,0.398,17,26,34,44,61,89,90.21,3.99,45.05,34.48,5.85,0.47,0.0,36.2,61.2,2.7,1.79,11,0.0037,5.6,37,stable_mid
m_2698,60919,691190,8.0,102,39.63,13.66,0.345,19,30,38,49,63,77,91.31,3.35,48.07,40.49,7.75,1.04,0.0,24.8,72.7,2.4,1.66,167,-0.0251,6.7,72,stable_mid
m_2699,61291,691190,8.0,101,45.43,12.96,0.285,27,36,44,54,68,86,90.93,4.12,45.38,38.86,9.53,0.71,0.0,8.8,87.0,4.2,1.55,32,0.0387,7.6,69,stable_mid
m_2700,59243,683100,7.91,104,53.9,11.71,0.217,34,45,55,64,71,74,91.06,3.94,47.97,38.23,5.51,0.3,0.0,1.5,89.6,8.9,1.29,0,0.0092,6.2,75,stable_high
m_2701,59825,691190,8.0,104,48.98,10.56,0.216,33,41,49,56,67,75,91.01,3.75,50.67,45.84,8.12,0.85,0.0,1.5,95.7,2.9,1.37,4,0.0002,6.1,90,stable_mid
m_2702,60454,690680,7.99,103,41.99,12.09,0.288,25,33,40,50,64,76,90.93,3.69,44.46,35.47,7.65,0.42,0.0,14.7,83.0,2.3,1.6,4,0.0318,5.6,70,stable_mid
m_2703,61970,688010,7.96,100,44.23,13.68,0.309,27,34,42,52,70,85,91.07,4.06,42.81,36.93,11.12,0.73,0.0,11.0,83.8,5.1,1.67,0,0.0866,5.6,45,stable_mid
m_2704,62290,691070,8.0,100,41.38,13.34,0.322,24,31,39,49,67,82,90.47,3.85,36.94,26.39,8.8,0.44,0.0,18.6,77.4,4.0,1.72,160,0.0221,5.6,45,stable_mid
m_2705,61635,672720,7.79,98,39.52,15.92,0.403,20,28,36,47,71,91,90.68,3.87,29.43,21.83,9.12,0.0,0.0,29.1,65.6,5.2,1.97,24,0.0883,5.6,27,stable_mid
m_2706,60820,691180,8.0,102,29.97,13.13,0.438,13,20,28,38,54,71,90.47,4.05,42.71,30.86,5.9,0.75,0.0,55.3,43.6,1.1,1.93,9,-0.0437,6.2,45,stable_mid
m_2707,61100,691190,8.0,102,31.73,15.36,0.484,14,21,29,39,59,94,90.7,4.13,40.55,30.01,5.94,0.42,0.0,52.3,44.9,2.7,2.03,14,0.0713,5.6,81,stable_mid
m_2708,61090,691190,8.0,102,50.25,10.72,0.213,34,42,50,58,68,74,90.64,4.09,45.1,36.99,8.32,0.58,0.0,1.6,94.9,3.5,1.36,0,0.0604,5.5,65,stable_high
m_2709,62675,691190,8.0,99,45.85,13.86,0.302,28,35,43,54,71,91,87.79,9.84,39.43,30.15,6.31,0.28,0.0,7.2,86.8,6.0,1.65,39,0.025,5.5,47,stable_mid
m_2710,61297,691190,8.0,101,44.87,13.1,0.292,27,35,43,53,68,85,91.7,3.35,45.98,41.3,9.29,0.77,0.0,10.1,85.8,4.1,1.58,2,0.0285,6.1,63,stable_mid
m_2711,57890,691190,8.0,107,41.67,13.64,0.327,23,31,40,51,66,79,88.85,5.05,46.03,37.54,10.51,0.5,0.0,20.2,76.4,3.3,1.65,47,0.0132,5.7,89,stable_mid
m_2712,61113,691190,8.0,102,49.81,10.03,0.201,35,42,49,56,68,75,89.51,4.4,47.25,37.33,5.51,0.31,0.0,0.3,95.9,3.7,1.39,1,0.0269,5.4,64,stable_mid
m_2713,62850,688680,7.97,99,46.87,11.92,0.254,30,38,46,55,68,77,88.85,6.16,54.73,47.28,7.59,0.77,0.0,4.6,91.5,3.9,1.48,22,0.0117,5.6,45,stable_mid
m_2714,61624,691190,8.0,101,42.57,12.86,0.302,25,33,40,51,66,78,90.84,4.33,46.38,35.55,8.4,0.62,0.0,14.9,82.2,3.0,1.65,38,-0.012,7.6,54,stable_mid
m_2716,61311,686860,7.95,101,42.68,12.05,0.282,26,33,41,51,64,76,91.95,3.24,42.86,34.49,10.19,0.65,0.0,13.4,84.4,2.2,1.56,4,0.0198,6.3,47,stable_mid
m_2717,62469,691190,8.0,100,43.48,11.27,0.259,28,35,42,51,63,75,90.13,4.77,42.94,37.24,8.36,0.97,0.0,8.6,89.5,1.9,1.5,18,0.0236,5.7,36,stable_mid
m_2718,63524,691190,8.0,98,43.93,11.37,0.259,27,35,43,52,63,74,90.84,4.13,44.34,37.81,7.95,0.72,0.0,8.9,89.3,1.8,1.47,2,-0.0032,5.6,36,stable_mid
m_2719,63405,691190,8.0,98,38.36,13.41,0.349,21,28,36,46,64,79,90.79,4.24,41.42,31.0,7.13,0.47,0.0,28.4,68.9,2.8,1.78,140,0.0265,5.6,36,stable_mid
m_2720,63399,691190,8.0,98,41.83,11.99,0.287,26,33,40,48,63,84,91.13,3.49,41.2,32.88,8.98,0.57,0.0,12.5,84.5,2.9,1.58,7,0.0059,5.6,36,stable_mid
m_2721,61703,691190,8.0,101,38.65,13.21,0.342,20,29,37,47,63,75,92.17,3.0,45.48,35.43,9.12,0.6,0.0,27.8,70.2,2.0,1.7,5,0.0129,5.6,55,stable_mid
m_2722,63354,687110,7.95,98,36.91,14.79,0.401,19,26,34,45,63,93,90.1,4.8,45.34,38.55,5.95,0.5,0.0,36.1,60.7,3.3,1.85,52,0.0825,5.6,30,stable_mid
m_2723,62909,691180,8.0,99,29.6,16.28,0.55,12,19,26,36,59,90,90.71,3.89,35.7,24.01,5.29,0.61,0.0,60.9,35.0,4.1,2.27,12,0.0776,7.9,27,stable_mid
m_2724,62175,691190,8.0,100,31.23,12.37,0.396,15,22,29,38,53,70,90.58,3.78,45.06,32.54,4.89,0.41,0.0,50.4,48.5,1.0,1.83,4,0.003,5.7,36,stable_mid
m_2725,62068,691190,8.0,100,30.75,12.62,0.411,15,21,29,38,54,71,89.22,5.07,41.5,31.69,9.42,0.52,0.0,52.9,46.0,1.1,1.86,1,-0.011,6.3,42,stable_mid
m_2726,61022,678470,7.85,100,43.52,11.81,0.271,26,35,42,51,64,77,91.68,3.47,42.37,34.59,8.3,0.84,0.0,10.7,86.9,2.5,1.52,54,0.0056,5.6,48,stable_mid
m_2727,59744,685820,7.94,103,44.55,11.32,0.254,29,36,43,52,65,75,91.79,3.13,44.02,36.49,10.33,0.84,0.0,6.5,91.3,2.3,1.51,5,0.003,5.7,79,stable_mid
m_2728,62947,691190,8.0,99,46.24,12.27,0.265,29,37,45,54,67,84,91.83,3.23,50.03,41.67,8.58,0.77,0.0,5.9,90.3,3.8,1.49,35,0.0444,5.6,27,stable_mid
m_2729,61503,691190,8.0,101,28.11,12.94,0.46,10,19,26,36,51,69,90.45,3.9,39.62,28.57,4.83,0.49,0.1,59.9,39.0,1.0,1.96,16,-0.01,5.6,77,stable_mid
m_2730,60999,691190,8.0,102,38.75,14.35,0.37,19,28,37,48,65,79,87.22,6.64,39.67,28.85,7.63,0.61,0.0,29.7,67.0,3.3,1.76,94,-0.0105,5.4,66,stable_mid
m_2731,61996,687770,7.96,100,49.12,12.5,0.255,31,40,48,57,74,84,91.08,3.8,47.62,40.99,3.76,0.53,0.0,3.2,90.1,6.7,1.54,26,0.0551,5.6,36,stable_mid
m_2732,62002,687460,7.96,100,48.55,10.45,0.215,32,41,48,56,66,74,91.13,4.02,47.38,40.42,9.67,0.74,0.0,1.6,96.1,2.3,1.38,0,-0.0096,5.5,45,stable_mid
m_2733,62205,691190,8.0,100,32.71,11.86,0.363,16,24,31,40,54,69,90.77,3.71,43.06,32.92,4.89,0.47,0.0,43.5,55.6,1.0,1.74,10,-0.021,5.7,45,stable_mid
m_2734,53095,685110,7.93,116,8.27,16.39,1.981,0,0,0,0,45,58,20.6,33.86,0.27,0.22,1.0,0.0,77.8,5.9,16.1,0.2,45.0,1,0.2178,13.9,83,bursty
m_2735,62077,678600,7.85,98,35.38,14.48,0.409,18,25,33,42,60,95,90.6,4.18,46.2,36.45,5.79,0.31,0.0,38.7,58.5,2.8,1.82,12,0.0463,5.5,29,stable_mid
m_2736,61556,691180,8.0,101,32.19,12.63,0.392,15,22,30,40,55,68,90.57,3.75,44.72,32.04,5.45,0.46,0.0,47.2,51.9,0.8,1.83,3,0.0246,5.5,52,stable_mid
m_2737,61991,690120,7.99,100,37.96,12.99,0.342,20,28,36,45,62,77,91.31,3.59,44.71,36.44,6.07,0.88,0.0,28.4,69.3,2.3,1.72,113,0.0216,5.8,63,stable_mid
m_2738,59738,691190,8.0,104,42.62,12.59,0.295,25,33,41,51,65,75,91.17,4.02,44.97,35.86,10.17,0.45,0.0,14.9,82.7,2.3,1.59,64,0.0179,7.0,63,stable_mid
m_2739,44894,523670,6.06,105,0.0,0.02,1.828,0,0,0,0,0,0,3.0,0.03,0.0,0.01,0.0,0.0,100.0,0.0,0.0,0.0,0.0,0,-0.0,5.7,42,bursty
m_2740,60583,689930,7.99,102,39.92,15.88,0.398,21,29,36,47,71,93,91.87,3.68,39.4,29.74,8.05,0.4,0.0,27.6,67.2,5.2,1.97,9,0.0729,6.2,52,stable_mid
m_2741,61933,688500,7.97,100,40.99,13.4,0.327,23,31,39,49,66,79,89.87,4.46,47.65,37.71,7.68,0.85,0.0,21.8,75.0,3.2,1.69,80,0.0369,5.6,46,stable_mid
m_2742,60487,691190,8.0,103,37.99,14.14,0.372,20,27,36,47,64,80,89.26,4.86,31.72,24.57,8.04,0.56,0.0,32.1,64.9,3.1,1.78,149,0.0137,5.6,72,stable_mid
m_2743,61807,691190,8.0,101,42.13,13.6,0.323,23,32,40,51,68,79,88.22,5.36,44.96,34.51,8.82,0.62,0.0,17.7,78.3,4.0,1.7,36,0.0126,5.6,52,stable_mid
m_2744,61214,685820,7.94,101,43.15,14.37,0.333,20,33,42,53,69,77,86.68,7.79,37.7,25.89,7.21,0.33,0.0,17.8,77.8,4.4,1.64,12,0.123,5.5,38,stable_mid
m_2745,60900,691190,8.0,102,31.68,12.69,0.401,15,22,30,39,55,69,89.92,4.62,35.5,23.85,5.47,0.65,0.0,49.8,49.2,1.0,1.83,7,0.0065,5.8,63,stable_mid
m_2746,61097,691190,8.0,102,36.86,12.9,0.35,20,27,35,45,60,76,90.82,4.5,47.46,36.84,6.54,0.71,0.0,32.6,65.7,1.7,1.71,64,0.0354,6.5,46,stable_mid
m_2747,63044,691190,8.0,99,37.26,14.35,0.385,18,27,35,46,64,80,90.32,4.6,41.7,31.91,6.81,0.53,0.0,33.8,63.1,3.1,1.83,153,0.0058,5.6,29,stable_mid
m_2748,60349,691190,8.0,103,42.92,13.8,0.321,23,33,41,52,69,80,91.6,3.27,42.14,32.99,6.64,0.81,0.0,16.7,78.7,4.5,1.68,239,0.0102,6.0,72,stable_mid
m_2749,60319,688890,7.97,103,43.23,11.74,0.272,26,34,42,51,64,74,88.34,5.9,52.18,44.36,8.6,0.65,0.0,11.4,86.6,2.0,1.52,41,0.0068,5.7,59,stable_mid
m_2750,63086,691190,8.0,99,33.9,14.53,0.429,16,23,31,41,59,91,90.61,3.56,40.06,28.9,3.21,0.43,0.0,44.8,52.4,2.7,1.9,10,0.0399,6.3,36,stable_mid
m_2751,61046,688500,7.97,101,0.7,0.46,0.649,0,0,1,1,1,1,4.09,0.45,0.01,0.01,0.01,0.03,100.0,0.0,0.0,0.0,1.0,0,0.0051,5.6,66,idle_pure
m_2752,61578,691190,8.0,101,29.76,11.99,0.403,14,21,28,37,52,64,90.16,4.17,40.63,30.38,5.22,0.39,0.0,54.8,44.5,0.7,1.86,10,0.0014,6.9,48,stable_mid
m_2753,62354,691190,8.0,100,39.87,15.65,0.393,20,28,37,48,70,92,91.55,3.3,46.12,34.92,7.03,0.45,0.0,28.3,66.5,5.2,1.89,361,0.04,5.6,54,stable_mid
m_2754,61928,691190,8.0,100,47.85,12.49,0.261,30,38,46,56,69,82,91.39,3.3,45.69,39.35,9.46,0.68,0.0,4.3,91.0,4.7,1.5,1,0.0579,5.5,57,stable_mid
m_2755,60050,689990,7.99,103,42.02,12.49,0.297,24,32,41,50,64,75,91.37,4.4,42.92,33.63,8.51,0.59,0.0,16.6,81.2,2.2,1.56,5,0.0066,5.7,63,stable_mid
m_2756,60641,691190,8.0,103,37.83,12.91,0.341,20,28,36,46,61,76,91.14,3.73,47.18,37.24,9.04,0.6,0.0,28.9,69.2,1.9,1.69,9,0.0048,7.9,63,stable_mid
m_2757,59986,691190,8.0,104,35.15,12.89,0.367,18,25,33,43,59,75,91.27,3.55,37.88,26.96,6.66,0.46,0.0,38.5,60.0,1.5,1.79,22,0.0217,5.5,66,stable_mid
m_2758,61545,691190,8.0,101,45.73,13.27,0.29,28,36,43,53,72,83,90.29,4.61,42.99,36.03,9.87,0.47,0.0,7.3,86.7,6.0,1.67,55,0.0508,5.6,63,stable_mid
m_2759,60658,682700,7.9,101,44.17,19.18,0.434,21,30,39,53,84,92,91.05,3.95,49.88,39.71,7.41,0.51,0.0,23.7,62.2,14.2,2.15,7,0.0427,6.3,50,stable_mid
m_2760,60686,691190,8.0,102,49.15,10.57,0.215,32,41,49,57,66,75,90.14,4.0,43.28,38.27,11.74,0.9,0.0,2.6,94.8,2.5,1.35,13,0.0092,9.3,38,stable_mid
m_2761,59837,688510,7.97,104,33.01,13.24,0.401,16,23,31,41,57,74,90.91,4.13,39.58,28.33,5.41,0.46,0.0,46.0,52.6,1.4,1.84,12,-0.0069,5.8,73,stable_mid
m_2762,60299,691190,8.0,103,31.05,12.61,0.406,15,22,29,38,54,71,83.02,15.46,40.61,29.15,6.17,0.48,0.0,51.3,47.6,1.1,1.86,7,0.0212,5.5,64,stable_mid
m_2763,62687,691180,8.0,99,21.14,3.63,0.172,15,18,22,24,27,28,92.71,1.07,30.15,29.66,2.89,1.0,0.0,99.7,0.3,0.0,1.23,0,0.0119,5.6,50,stable_mid
m_2764,60604,683860,7.92,102,43.6,12.21,0.28,26,34,42,52,65,76,90.73,3.64,47.99,40.95,6.5,0.87,0.0,12.2,85.4,2.4,1.55,46,0.0147,5.6,63,stable_mid
m_2765,60670,691190,8.0,103,43.58,15.5,0.356,24,33,41,51,75,92,91.28,3.66,47.79,39.53,8.38,0.4,0.0,16.9,76.7,6.4,1.83,31,0.0509,5.8,64,stable_mid
m_2766,61350,679810,7.87,100,31.84,12.59,0.395,15,23,30,39,55,70,91.1,3.45,40.81,29.51,5.23,0.49,0.0,49.4,49.6,1.1,1.83,1,-0.0128,5.6,54,stable_mid
m_2767,61229,677380,7.84,99,40.75,11.86,0.291,25,32,39,48,62,74,92.0,2.93,38.03,29.0,8.46,0.64,0.0,17.8,80.5,1.7,1.59,7,0.0031,6.6,42,stable_mid
m_2768,61080,688790,7.97,101,43.96,12.21,0.278,26,35,42,52,66,76,91.54,3.51,50.36,42.7,9.7,0.74,0.0,10.7,86.4,2.9,1.57,8,-0.0324,5.8,54,stable_mid
m_2769,62675,691190,8.0,99,25.06,12.1,0.483,10,16,23,31,48,64,89.53,4.41,37.18,26.58,4.33,0.72,0.0,71.1,28.2,0.7,2.09,9,0.0095,6.2,43,stable_mid
m_2770,60229,691190,8.0,103,35.63,12.87,0.361,18,26,34,43,59,72,85.93,10.04,47.06,33.99,5.52,0.46,0.0,36.4,62.3,1.4,1.74,4,0.0104,5.7,71,stable_mid
m_2771,59844,691190,8.0,104,44.36,14.19,0.32,26,34,42,52,73,86,90.26,4.07,49.15,41.48,3.91,0.39,0.0,12.7,81.5,5.9,1.74,5,0.0402,5.6,63,stable_mid
m_2772,60504,691190,8.0,102,39.04,12.52,0.321,22,30,37,46,61,80,91.18,3.81,47.4,36.4,7.03,0.44,0.0,24.3,73.5,2.2,1.65,78,-0.0035,5.8,43,stable_mid
m_2773,64699,690420,7.99,96,31.54,13.27,0.421,13,21,30,40,55,70,90.8,3.56,39.29,28.44,5.41,0.42,0.0,48.4,50.5,1.1,1.83,7,-0.0398,5.6,19,stable_mid
m_2774,61746,688510,7.97,100,37.51,15.97,0.426,19,26,34,45,67,94,90.59,3.98,41.85,30.63,5.43,0.47,0.0,35.3,60.2,4.5,1.97,7,0.0704,5.6,54,stable_mid
m_2775,61299,681000,7.88,100,36.09,13.64,0.378,17,26,34,44,62,76,89.58,4.58,36.9,24.98,5.25,0.24,0.0,35.6,62.3,2.1,1.82,145,0.0526,5.6,45,stable_mid
m_2776,62417,688900,7.97,99,41.78,12.38,0.296,24,33,40,49,64,77,91.81,3.37,42.88,38.76,8.93,1.19,0.0,15.5,81.5,2.9,1.6,232,-0.0019,5.5,47,stable_mid
m_2777,60380,688490,7.97,103,38.01,14.9,0.392,19,27,36,46,64,91,92.01,3.21,42.37,35.0,7.27,0.52,0.0,31.4,65.0,3.6,1.78,102,0.065,5.9,69,stable_mid
m_2778,62869,691190,8.0,99,27.69,12.64,0.456,11,18,26,34,51,68,89.7,4.68,34.99,24.01,5.13,0.66,0.0,62.6,36.6,0.9,1.96,26,0.0009,5.7,39,stable_mid
m_2779,62021,686030,7.94,100,30.37,14.05,0.463,13,19,28,39,56,73,92.36,2.96,43.72,36.5,5.8,0.29,0.0,53.7,44.9,1.3,2.0,6,-0.1331,6.3,58,stable_mid
m_2780,61379,677600,7.84,99,39.57,13.93,0.352,21,29,37,48,66,81,91.14,3.78,45.48,36.29,7.79,0.53,0.0,25.6,71.0,3.5,1.78,141,0.0084,5.8,36,stable_mid
m_2781,62422,691190,8.0,100,39.31,12.45,0.317,22,30,37,47,62,76,90.02,4.21,41.05,31.13,6.84,0.43,0.0,23.6,74.5,1.9,1.68,32,0.0002,5.5,47,stable_mid
m_2782,61112,691190,8.0,102,41.54,13.04,0.314,24,31,39,50,66,77,89.45,4.83,44.02,35.12,9.91,0.8,0.0,18.5,78.1,3.3,1.69,11,0.0019,5.7,55,stable_mid
m_2783,60842,691190,8.0,102,29.11,15.49,0.532,11,19,26,36,54,93,90.68,3.78,37.56,26.58,5.79,0.57,0.0,59.9,37.3,2.8,2.08,11,0.0426,5.5,54,stable_mid
m_2784,62851,691180,8.0,99,32.71,12.62,0.386,15,23,31,41,56,68,87.67,6.77,40.57,29.14,4.92,0.44,0.0,45.5,53.7,0.8,1.81,5,0.0126,5.6,56,stable_mid
m_2785,63800,691190,8.0,97,35.82,15.25,0.426,16,25,33,44,63,86,88.34,5.23,42.74,30.94,7.26,0.46,0.0,38.9,58.1,3.0,1.91,56,0.0338,6.5,27,stable_mid
m_2786,61623,691020,8.0,101,42.05,12.43,0.296,25,32,40,50,65,75,91.03,4.55,42.86,36.05,9.87,0.7,0.0,16.0,81.7,2.2,1.62,11,0.0394,5.5,54,stable_mid
m_2787,61608,691190,8.0,101,50.68,10.33,0.204,35,43,50,58,68,75,90.55,3.98,48.53,41.87,7.61,0.25,0.0,1.1,95.4,3.5,1.36,0,-0.0127,5.7,54,stable_high
m_2788,61588,689100,7.98,100,41.26,12.77,0.31,23,31,40,49,64,78,90.97,3.73,45.51,37.91,8.63,0.72,0.0,19.3,78.1,2.6,1.6,125,0.0325,5.5,38,stable_mid
m_2789,61084,691190,8.0,102,40.68,13.11,0.322,23,31,39,49,65,77,89.99,4.77,47.4,38.61,8.44,0.96,0.0,21.7,75.5,2.8,1.67,21,-0.0009,5.5,45,stable_mid
m_2790,61004,675000,7.81,100,43.01,12.4,0.288,26,34,41,51,66,77,91.44,3.54,44.72,34.68,7.07,0.61,0.0,13.1,84.1,2.8,1.61,0,0.0155,7.7,36,stable_mid
m_2791,59897,676120,7.83,102,33.85,13.23,0.391,16,24,32,42,58,71,90.64,3.53,50.26,36.66,5.32,0.46,0.0,42.6,56.2,1.2,1.81,8,-0.0245,5.8,72,stable_mid
m_2792,61096,691190,8.0,102,32.74,13.07,0.399,16,23,31,40,57,74,90.15,4.5,41.9,30.22,5.78,0.65,0.0,46.4,52.2,1.3,1.84,16,0.002,5.6,63,stable_mid
m_2793,61439,690320,7.99,101,32.18,12.57,0.391,16,23,30,40,56,68,90.33,3.76,38.76,27.53,5.51,0.78,0.0,48.6,50.5,0.9,1.87,6,0.023,6.1,63,stable_mid
m_2794,62973,691190,8.0,99,32.0,12.34,0.386,15,23,30,39,55,70,82.93,17.45,11.69,8.44,6.17,0.73,0.0,47.3,51.7,1.0,1.83,2,0.003,5.8,41,stable_mid
m_2795,63909,691070,8.0,97,39.69,13.7,0.345,21,29,38,48,65,80,90.84,3.89,46.86,36.23,7.1,0.69,0.0,25.4,71.8,2.8,1.71,111,0.0478,5.5,23,stable_mid
m_2796,62928,687990,7.96,98,36.79,13.0,0.353,19,27,35,45,60,76,92.23,2.78,35.09,26.49,8.74,0.62,0.0,32.8,65.4,1.8,1.71,60,0.0091,5.4,27,stable_mid
m_2797,62033,689110,7.98,100,3.42,0.67,0.195,3,3,3,4,5,5,85.84,0.79,21.52,16.8,1.04,0.02,94.1,5.9,0.0,0.0,1.67,0,0.0035,5.6,36,idle_pure
m_2798,61959,691190,8.0,100,38.85,11.81,0.304,23,30,37,46,61,72,91.74,3.06,39.55,31.34,7.36,0.79,0.0,23.5,75.1,1.4,1.65,23,0.0302,5.6,63,stable_mid
m_2799,62016,691180,8.0,100,42.64,16.68,0.391,22,31,39,50,81,93,92.01,3.19,41.09,32.51,8.4,0.43,0.0,21.1,71.8,7.1,2.08,224,0.0615,5.6,71,stable_mid
m_2800,61315,690320,7.99,101,38.92,13.17,0.338,21,29,37,47,63,80,90.9,4.27,44.85,35.11,6.62,0.56,0.0,26.1,71.3,2.6,1.7,84,0.008,7.3,48,stable_mid
m_2801,62122,691190,8.0,100,39.92,15.67,0.392,22,29,37,47,73,92,91.29,3.45,49.6,40.51,7.18,0.46,0.0,26.5,68.0,5.5,1.97,29,0.0709,5.6,63,stable_mid
m_2802,58806,691190,8.0,106,46.48,12.15,0.261,29,37,45,55,67,78,89.84,4.4,40.89,31.54,9.22,0.69,0.0,5.7,90.6,3.7,1.49,56,0.0113,5.7,56,stable_mid
m_2803,61109,687910,7.96,101,31.91,13.28,0.416,15,22,30,40,57,71,89.68,4.37,40.81,28.93,5.13,1.14,0.0,49.3,49.5,1.1,1.9,14,0.0273,5.6,54,stable_mid
m_2804,60788,689940,7.99,102,49.11,11.34,0.231,32,40,49,57,68,77,90.67,3.99,45.84,39.89,14.72,0.49,0.0,2.6,93.9,3.5,1.39,6,0.0183,5.6,66,stable_mid
m_2805,61694,691190,8.0,101,32.39,12.57,0.388,15,23,30,40,56,70,90.47,3.84,43.65,34.58,4.71,0.58,0.0,47.1,51.8,1.0,1.87,4,0.0145,5.7,39,stable_mid
m_2806,60253,691190,8.0,103,39.8,13.22,0.332,22,30,38,48,64,79,91.57,3.37,40.71,28.37,7.92,0.48,0.0,24.0,73.4,2.6,1.68,16,0.0119,5.6,83,stable_mid
m_2807,60745,691190,8.0,102,47.41,12.16,0.257,31,39,45,55,72,80,90.84,3.85,47.96,40.45,11.81,0.56,0.0,3.5,90.7,5.8,1.6,4,0.0503,7.0,54,stable_mid
m_2808,62612,681840,7.89,98,39.35,13.98,0.355,21,29,37,48,65,79,91.66,3.28,38.64,27.84,7.34,0.41,0.0,27.7,69.6,2.7,1.76,22,0.0137,5.6,36,stable_mid
m_2809,62823,690680,7.99,99,41.37,12.18,0.294,24,32,40,50,63,75,91.43,3.57,48.49,43.34,6.36,0.87,0.0,17.5,80.6,1.8,1.58,20,0.029,5.6,41,stable_mid
m_2810,61574,691190,8.0,101,34.71,13.15,0.379,17,25,33,43,59,75,89.99,4.29,43.33,34.16,8.23,0.43,0.0,39.9,58.5,1.5,1.79,12,0.0174,5.4,36,stable_mid
m_2811,61148,688510,7.97,101,42.03,11.5,0.274,26,33,41,50,62,74,91.95,3.08,45.84,35.68,7.39,0.74,0.0,13.5,84.9,1.6,1.51,0,0.0127,7.5,61,stable_mid
m_2812,60309,691190,8.0,103,36.08,13.99,0.388,18,26,34,44,63,79,91.47,3.66,37.61,26.78,7.17,0.43,0.0,37.0,60.8,2.2,1.85,53,0.0022,6.9,57,stable_mid
m_2813,62096,690120,7.99,100,43.78,14.84,0.339,23,33,42,54,69,89,91.07,3.82,48.94,39.29,7.9,0.61,0.0,16.6,78.8,4.6,1.64,70,0.0165,5.6,37,stable_mid
m_2814,62946,691190,8.0,99,33.59,14.22,0.423,15,22,31,43,59,76,88.02,5.24,43.53,31.65,3.95,0.48,0.0,44.8,53.4,1.8,1.9,55,-0.0159,5.9,45,stable_mid
m_2815,61582,691190,8.0,101,35.92,12.76,0.355,19,26,34,44,59,76,91.45,3.5,37.48,26.71,6.84,0.37,0.0,35.2,63.1,1.7,1.74,36,0.0009,5.9,56,stable_mid
m_2816,62996,691190,8.0,98,40.66,14.16,0.348,22,30,38,49,67,85,90.28,4.87,41.08,30.21,5.32,0.59,0.0,22.6,73.2,4.1,1.76,252,0.0143,5.6,35,stable_mid
m_2817,61722,689990,7.99,101,45.1,12.81,0.284,27,36,44,53,68,85,91.57,3.48,43.72,37.44,11.29,0.78,0.0,8.7,87.2,4.1,1.55,44,0.0337,5.6,72,stable_mid
m_2818,60967,691190,8.0,102,40.11,14.97,0.373,21,29,37,49,69,82,87.33,5.72,47.85,38.39,9.12,1.13,0.0,27.4,67.8,4.8,1.86,116,-0.0197,5.6,35,stable_mid
m_2819,62874,684610,7.92,98,43.44,16.02,0.369,23,31,41,53,77,86,87.41,5.94,46.39,35.63,10.06,0.66,0.0,21.5,70.4,8.1,1.88,333,-0.0446,5.5,54,stable_mid
m_2820,60182,691190,8.0,103,49.93,11.45,0.229,33,41,49,58,69,83,91.23,3.8,45.42,38.71,10.73,0.7,0.0,1.4,93.6,5.0,1.41,0,0.0426,7.2,61,stable_mid
m_2821,60046,685110,7.93,103,40.62,16.19,0.399,21,29,38,49,75,91,90.94,3.58,37.51,27.15,6.14,0.37,0.0,26.3,67.8,5.9,1.97,121,0.0994,5.6,52,stable_mid
m_2822,61414,691190,8.0,101,45.18,11.32,0.251,28,37,44,53,65,74,92.33,3.06,42.59,37.5,10.22,0.88,0.0,7.4,90.3,2.3,1.48,16,0.0144,5.7,54,stable_mid
m_2823,62493,687770,7.96,99,0.0,0.01,1.327,0,0,0,0,0,0,3.0,0.0,0.0,0.0,0.0,1.0,100.0,0.0,0.0,0.0,0.0,0,-0.0,5.6,54,bursty
m_2824,60673,691190,8.0,103,48.29,14.58,0.302,28,37,46,58,75,89,91.48,3.43,48.39,38.51,8.71,0.33,0.0,6.7,85.8,7.5,1.63,72,0.0724,6.1,63,stable_mid
m_2825,62537,689990,7.99,99,37.9,12.58,0.332,21,28,36,46,61,76,91.73,3.37,42.92,33.3,7.68,0.61,0.0,28.6,69.5,1.8,1.69,30,0.0209,5.9,27,stable_mid
m_2826,59309,691190,8.0,105,36.72,12.34,0.336,20,28,35,44,59,76,91.75,3.41,42.22,32.28,6.45,0.63,0.0,32.0,66.4,1.6,1.69,3,-0.008,6.2,72,stable_mid
m_2827,63046,691190,8.0,99,44.25,14.45,0.326,25,33,42,53,75,82,90.94,3.58,49.86,39.51,7.74,0.61,0.0,14.8,77.9,7.3,1.79,10,-0.0158,6.7,45,stable_mid
m_2828,46537,691190,8.0,134,57.71,8.08,0.14,42,53,59,63,69,74,91.09,3.1,47.46,42.26,51.0,0.4,0.0,0.0,95.5,4.5,1.17,0,0.0067,44.3,45,stable_high
m_2829,60353,689710,7.98,103,43.94,15.37,0.35,25,33,41,52,76,91,90.04,4.27,50.37,39.09,9.16,0.42,0.0,15.4,77.9,6.8,1.85,50,0.0484,5.5,61,stable_mid
m_2830,63106,691190,8.0,99,43.14,12.11,0.281,26,34,42,51,65,77,91.21,3.69,44.28,35.6,6.81,0.63,0.0,11.8,85.2,3.0,1.55,96,0.0044,5.5,45,stable_mid
m_2831,60617,691190,8.0,103,29.93,12.56,0.419,13,20,28,38,52,67,90.34,4.1,40.15,29.06,5.7,0.54,0.0,53.6,45.5,0.9,1.86,8,-0.0332,5.6,74,stable_mid
m_2832,59232,684400,7.92,104,32.77,13.85,0.423,15,22,30,41,58,74,90.42,4.13,42.97,32.09,5.83,0.31,0.0,47.3,51.1,1.6,1.93,19,0.0063,6.3,68,stable_mid
m_2833,62859,691190,8.0,99,36.41,15.79,0.434,17,26,34,43,67,91,90.28,4.11,40.51,29.34,5.98,0.45,0.0,37.5,58.0,4.5,1.97,4,0.0509,5.6,59,stable_mid
m_2834,62104,691190,8.0,100,37.24,16.35,0.439,19,26,33,44,69,94,91.61,3.59,42.78,31.61,6.45,0.4,0.0,37.3,57.8,5.0,2.09,10,0.1183,5.6,51,stable_mid
m_2835,62657,689420,7.98,99,37.3,12.07,0.324,21,28,35,45,59,73,90.86,4.04,45.58,35.89,7.45,0.45,0.0,29.5,69.2,1.3,1.69,10,0.0218,5.6,63,stable_mid
m_2836,60973,684710,7.92,101,47.78,10.65,0.223,32,40,47,55,66,75,91.41,3.24,48.78,44.77,8.18,0.68,0.0,2.7,94.9,2.4,1.4,16,0.0239,5.8,72,stable_mid
m_2837,63033,691180,8.0,99,39.31,12.59,0.32,22,30,37,48,62,75,91.68,3.42,41.69,32.87,9.03,1.03,0.0,24.2,74.0,1.7,1.68,7,-0.0005,5.7,43,stable_mid
m_2838,63233,685210,7.93,98,43.68,11.83,0.271,27,35,42,51,65,77,91.31,3.95,45.41,38.85,9.63,0.85,0.0,10.1,87.2,2.7,1.55,10,0.0034,5.6,27,stable_mid
m_2839,61281,691190,8.0,101,18.12,15.13,0.835,3,5,12,28,47,62,85.06,9.26,20.55,14.23,3.13,0.69,16.9,59.9,22.6,0.6,3.92,9,-0.007,5.6,54,bursty
m_2840,61518,676110,7.83,99,32.59,13.41,0.411,15,22,31,41,57,75,90.79,3.72,38.53,27.26,5.76,0.0,0.0,46.5,52.0,1.5,1.84,25,-0.008,5.7,36,stable_mid
m_2841,59887,668710,7.74,100,35.26,13.06,0.37,18,26,33,42,60,78,91.16,3.52,43.32,33.51,6.15,0.57,0.0,38.3,59.9,1.8,1.82,36,-0.0161,5.5,55,stable_mid
m_2842,63280,691190,8.0,98,42.77,14.45,0.338,23,31,41,52,70,80,88.3,6.17,46.77,38.93,13.81,0.43,0.0,19.7,75.2,5.1,1.71,59,0.0125,5.5,36,stable_mid
m_2843,61612,691190,8.0,101,44.31,14.72,0.332,26,33,42,52,74,88,91.91,3.23,47.47,38.52,7.04,0.61,0.0,13.4,80.3,6.2,1.76,63,0.0721,5.6,54,stable_mid
m_2844,60965,682500,7.9,101,32.51,12.27,0.378,16,23,30,40,55,70,90.73,3.92,40.69,29.39,5.2,0.38,0.0,46.7,52.3,1.1,1.83,4,-0.0152,6.1,38,stable_mid
m_2845,61535,691180,8.0,101,34.89,12.46,0.357,18,25,33,42,58,72,91.69,3.38,38.35,30.35,5.39,0.42,0.0,39.5,59.3,1.2,1.76,15,-0.0187,5.5,50,stable_mid
m_2846,60010,691180,8.0,104,40.72,13.44,0.33,23,31,38,48,64,88,91.44,3.82,44.39,34.89,6.23,0.49,0.0,20.0,76.5,3.4,1.68,13,0.0594,7.8,63,stable_mid
m_2847,63147,691190,8.0,98,39.81,12.45,0.313,23,30,38,47,63,75,91.49,3.53,43.18,35.3,8.16,0.55,0.0,22.0,75.8,2.1,1.66,79,-0.0283,5.7,28,stable_mid
m_2848,26074,347050,4.02,120,34.78,11.98,0.344,17,27,34,41,55,75,62.04,23.77,7.22,5.45,6.6,0.0,0.0,33.4,65.1,1.5,1.62,117,-0.0296,5.4,54,stable_mid
m_2849,37075,372230,4.31,90,0.0,0.02,1.799,0,0,0,0,0,0,3.0,0.0,0.01,0.01,0.0,0.99,100.0,0.0,0.0,0.0,0.0,0,0.0,0.2,0,bursty
m_2850,62751,690110,7.99,99,46.35,11.77,0.254,29,38,45,54,67,77,90.87,3.73,44.84,36.22,7.45,0.69,0.0,5.2,91.2,3.5,1.49,6,0.0174,5.6,46,stable_mid
m_2851,60592,687770,7.96,102,34.15,12.73,0.373,18,25,32,42,58,74,89.62,4.85,45.52,36.11,5.83,0.8,0.0,42.5,56.0,1.5,1.81,21,0.0146,5.5,75,stable_mid
m_2852,61163,684290,7.92,101,46.33,11.66,0.252,29,37,45,54,67,77,91.35,3.79,43.64,36.35,10.8,0.46,0.0,5.4,91.3,3.3,1.49,0,0.024,5.6,64,stable_mid
m_2853,62733,682500,7.9,98,41.73,12.7,0.304,24,32,40,50,65,77,91.81,3.26,43.39,34.82,8.62,0.74,0.0,16.9,80.2,3.0,1.62,40,0.0173,6.0,36,stable_mid
m_2854,61885,688000,7.96,100,36.61,14.22,0.388,19,27,34,44,62,91,90.75,4.81,44.91,34.77,6.9,0.48,0.0,35.4,61.6,3.0,1.82,7,0.0342,5.6,55,stable_mid
m_2855,60469,685840,7.94,102,33.39,12.93,0.387,16,24,32,41,56,72,90.79,3.51,41.07,30.43,5.62,0.65,0.0,43.1,55.6,1.3,1.75,13,-0.004,7.7,63,stable_mid
m_2856,62866,691190,8.0,99,40.26,11.02,0.274,25,32,39,47,60,74,90.83,3.99,41.67,35.37,7.09,0.85,0.0,16.4,82.2,1.4,1.54,40,0.0129,5.7,45,stable_mid
m_2857,61611,691190,8.0,101,48.24,12.1,0.251,32,39,46,55,72,82,91.48,3.54,45.0,37.64,7.8,0.68,0.0,2.1,92.1,5.8,1.57,2,0.0546,5.4,73,stable_mid
m_2858,61095,691190,8.0,102,50.07,10.24,0.205,35,42,49,57,68,75,91.1,3.66,39.36,31.36,7.6,0.56,0.0,0.6,95.8,3.6,1.39,4,0.0154,5.5,64,stable_high
m_2859,62939,691190,8.0,99,42.71,13.43,0.315,25,33,41,50,68,89,91.48,3.36,49.34,38.82,6.47,0.54,0.0,14.6,80.9,4.4,1.66,37,0.046,5.7,46,stable_mid
m_2860,61753,691190,8.0,101,41.0,11.7,0.285,24,32,40,48,62,74,91.43,3.09,50.34,41.4,7.45,0.53,0.0,16.8,81.6,1.6,1.55,6,0.0152,5.5,56,stable_mid
m_2861,61201,679700,7.87,100,38.19,12.08,0.316,22,29,36,45,61,73,87.91,5.66,39.63,29.99,8.25,0.72,0.0,26.0,72.5,1.5,1.69,0,0.0268,5.6,54,stable_mid
m_2862,60913,689980,7.99,102,45.63,11.11,0.243,29,37,44,53,66,75,91.76,3.22,43.97,37.12,9.29,0.85,0.0,5.0,92.4,2.6,1.5,26,0.0185,5.6,63,stable_mid
m_2863,62566,689410,7.98,99,46.75,11.59,0.248,30,38,46,55,67,78,87.44,5.69,48.87,39.15,10.85,0.67,0.0,4.4,92.0,3.5,1.46,55,0.0233,5.5,36,stable_mid
m_2864,63264,690670,7.99,98,30.72,12.76,0.416,14,21,28,38,54,69,85.62,9.3,26.13,16.98,4.54,0.63,0.0,53.3,45.8,0.9,1.93,3,0.0103,5.7,36,stable_mid
m_2865,62314,691070,8.0,100,31.42,12.16,0.387,15,22,30,39,53,67,90.18,4.01,35.84,24.71,5.28,0.66,0.0,49.2,49.9,0.9,1.77,1,0.0133,5.7,36,stable_mid
m_2866,61809,691190,8.0,101,33.25,15.95,0.48,15,22,30,40,62,94,89.54,4.42,34.56,23.22,4.65,0.52,0.0,48.8,47.5,3.7,2.07,15,0.059,7.2,26,stable_mid
m_2867,61777,691190,8.0,101,41.38,12.03,0.291,25,32,39,49,63,74,92.03,3.12,38.99,29.93,8.62,0.57,0.0,16.7,81.4,1.9,1.62,2,0.0122,6.4,45,stable_mid
m_2868,61968,677600,7.84,98,30.34,12.99,0.428,13,21,28,38,55,68,90.62,3.99,38.77,27.84,5.24,0.73,0.0,55.4,43.7,0.9,1.96,3,0.0001,5.6,36,stable_mid
m_2869,59297,674970,7.81,102,17.2,5.52,0.321,8,12,19,22,25,27,94.61,2.01,30.07,30.83,2.94,1.0,0.0,99.9,0.1,0.0,1.32,0,0.0103,5.6,63,stable_mid
m_2870,62241,691190,8.0,100,47.85,13.06,0.273,29,38,47,56,72,82,89.25,5.37,44.42,37.68,9.38,0.0,0.0,5.8,88.2,6.0,1.53,4,0.0355,5.7,54,stable_mid
m_2871,64020,691190,8.0,97,40.77,13.37,0.328,22,30,39,49,64,80,91.36,3.45,50.63,38.99,6.87,0.63,0.0,22.3,75.1,2.6,1.64,115,0.0286,5.6,18,stable_mid
m_2872,63673,691190,8.0,97,42.36,13.27,0.313,25,33,40,50,66,89,90.69,3.38,46.03,38.63,6.35,0.55,0.0,14.8,81.5,3.7,1.65,7,0.0429,7.0,36,stable_mid
m_2873,59946,691180,8.0,104,28.01,12.69,0.453,12,19,26,35,52,68,90.24,4.09,35.84,24.56,4.7,0.55,0.0,61.3,37.8,0.9,2.0,13,0.0017,5.9,72,stable_mid
m_2874,63910,686390,7.94,97,48.87,11.45,0.234,31,40,48,57,68,76,90.61,4.35,51.11,44.65,8.04,0.83,0.0,2.8,93.4,3.8,1.42,31,0.0205,5.6,27,stable_mid
m_2875,60800,690120,7.99,102,33.01,12.62,0.382,15,24,32,41,55,70,90.24,4.57,42.27,31.18,5.36,0.86,0.0,43.3,55.7,1.0,1.72,14,0.0154,5.6,57,stable_mid
m_2876,63110,691070,8.0,99,43.64,13.7,0.314,25,33,42,52,68,88,88.37,5.21,43.87,38.53,8.24,0.88,0.0,13.9,81.7,4.4,1.62,5,0.0298,5.7,36,stable_mid
m_2877,60079,691180,8.0,104,32.89,12.77,0.388,16,23,31,41,56,71,90.84,3.88,41.33,30.0,5.61,0.53,0.0,45.4,53.4,1.2,1.81,7,0.0033,5.6,63,stable_mid
m_2878,63714,691190,8.0,98,6.8,15.0,2.207,0,0,0,0,40,60,17.81,31.79,0.22,0.17,0.89,0.0,80.6,7.3,11.6,0.6,40.0,0,0.1709,5.6,24,bursty
m_2879,59898,685210,7.93,103,49.15,11.85,0.241,32,40,48,57,70,82,91.25,3.62,49.08,41.58,8.61,0.69,0.0,2.2,92.7,5.0,1.46,6,0.0248,5.6,68,stable_mid
m_2880,61598,691190,8.0,101,33.22,13.19,0.397,17,23,31,41,58,75,90.34,4.05,41.74,30.38,5.1,0.54,0.0,45.4,53.1,1.5,1.87,9,0.007,5.5,54,stable_mid
m_2881,61540,683390,7.91,100,44.33,12.62,0.285,27,35,42,52,69,78,90.37,5.0,36.15,30.59,9.77,0.69,0.0,9.5,85.9,4.5,1.64,78,0.0538,5.7,47,stable_mid
m_2882,61731,691180,8.0,101,32.73,14.92,0.456,14,22,30,40,59,90,89.54,4.53,40.93,30.2,6.0,0.51,0.0,48.4,49.0,2.6,1.97,10,0.0441,5.5,50,stable_mid
m_2883,60632,691190,8.0,103,41.7,14.09,0.338,23,31,40,50,67,86,91.57,3.32,44.56,33.08,7.06,0.51,0.0,20.8,75.2,4.0,1.68,1,0.0814,5.7,63,stable_mid
m_2884,61490,691190,8.0,101,32.47,16.06,0.495,14,21,29,40,60,93,90.48,4.02,42.82,30.34,5.11,0.39,0.0,50.9,45.3,3.7,2.07,8,0.0605,5.6,72,stable_mid
m_2885,61280,684800,7.93,101,46.14,12.25,0.266,29,37,44,54,68,83,92.35,2.98,47.46,43.5,11.67,0.81,0.0,5.0,90.7,4.3,1.55,21,0.0482,5.4,45,stable_mid
m_2886,59694,691190,8.0,104,40.61,12.29,0.303,23,31,39,48,63,76,90.33,4.33,49.26,42.15,9.62,0.56,0.0,19.7,78.4,1.9,1.62,9,0.0046,5.5,72,stable_mid
m_2887,63038,680090,7.87,97,43.77,11.2,0.256,28,35,42,51,64,76,88.7,5.88,44.34,37.0,8.61,0.92,0.0,7.5,90.3,2.2,1.52,2,0.0146,5.7,23,stable_mid
m_2888,57871,690320,7.99,106,0.02,0.13,7.607,0,0,0,0,0,1,6.0,0.0,0.02,0.01,0.0,0.59,100.0,0.0,0.0,0.0,0.0,0,0.0003,5.8,84,bursty
m_2889,63839,691190,8.0,97,34.63,13.08,0.378,17,25,33,43,58,73,90.58,3.61,41.59,31.08,5.49,0.46,0.0,40.4,58.3,1.3,1.76,19,0.0144,6.2,22,stable_mid
m_2890,61828,689980,7.99,100,30.6,12.43,0.406,15,21,28,38,54,67,90.38,4.16,39.02,27.26,5.03,0.72,0.0,54.0,45.2,0.8,1.93,6,0.0138,6.2,52,stable_mid
m_2891,62547,691190,8.0,99,33.62,12.28,0.365,17,24,32,41,56,69,90.15,3.93,41.17,30.55,5.81,0.57,0.0,42.1,56.9,1.0,1.75,1,-0.0034,5.7,38,stable_mid
m_2892,62115,691190,8.0,100,35.4,15.52,0.438,16,24,33,43,63,92,88.61,7.12,33.67,22.11,6.25,0.31,0.1,40.3,56.3,3.3,1.91,21,0.1094,5.5,55,stable_mid
m_2893,59886,689110,7.98,104,42.87,12.98,0.303,26,33,41,50,66,85,91.75,3.36,39.63,30.18,8.26,0.66,0.0,13.0,83.3,3.7,1.61,10,0.0515,5.7,55,stable_mid
m_2894,62172,688890,7.97,100,46.98,11.68,0.249,30,38,46,55,67,78,91.0,3.79,36.06,29.59,11.44,0.39,0.0,4.5,92.4,3.1,1.46,37,0.0132,5.7,45,stable_mid
m_2895,62141,682510,7.9,99,33.0,13.01,0.394,15,23,31,41,56,71,90.4,4.38,39.73,28.23,5.36,0.63,0.0,44.9,53.9,1.2,1.81,8,-0.0102,5.7,54,stable_mid
m_2896,61641,691190,8.0,101,43.93,12.77,0.291,26,34,42,52,67,79,90.49,4.93,51.04,41.29,6.91,0.65,0.0,12.2,84.5,3.3,1.6,92,0.0133,5.7,65,stable_mid
m_2897,62409,684600,7.92,99,42.85,11.95,0.279,26,34,41,50,65,75,91.77,3.47,42.67,36.32,8.92,0.74,0.0,12.1,85.4,2.5,1.59,30,0.0129,8.2,36,stable_mid
m_2898,62916,691190,8.0,99,40.89,11.11,0.272,25,33,39,48,61,72,91.61,3.31,43.47,38.06,7.43,0.68,0.0,14.4,84.4,1.3,1.56,9,0.0061,8.6,27,stable_mid
m_2899,60878,691190,8.0,102,42.86,11.85,0.276,26,34,42,51,64,74,91.85,3.24,43.04,36.71,10.44,0.62,0.0,13.3,84.8,1.9,1.52,2,0.0095,7.8,47,stable_mid
m_2900,64112,684600,7.92,96,39.79,13.21,0.332,22,30,38,48,64,79,90.83,3.69,47.63,38.42,7.45,0.51,0.0,23.8,73.7,2.6,1.68,86,-0.0159,5.4,18,stable_mid
m_2901,60704,686110,7.94,102,43.38,16.91,0.39,22,31,40,52,78,95,88.84,5.91,45.35,35.19,8.47,0.33,0.0,20.6,71.7,7.8,1.95,96,0.0632,5.5,57,stable_mid
m_2902,63408,683870,7.92,97,32.4,12.94,0.399,15,23,31,40,56,72,90.4,3.67,41.06,30.46,5.32,0.75,0.0,46.7,52.1,1.2,1.81,7,-0.0098,5.5,27,stable_mid
m_2903,60322,691180,8.0,103,48.93,11.71,0.239,32,40,48,56,71,81,90.44,4.35,47.98,38.53,9.29,0.53,0.0,1.9,92.8,5.3,1.48,0,0.0461,5.6,54,stable_mid
m_2904,59976,691190,8.0,104,39.01,12.55,0.322,21,30,37,47,61,76,91.2,4.04,42.57,35.15,8.51,0.6,0.0,23.7,74.3,2.0,1.65,42,0.0174,5.6,81,stable_mid
m_2905,60954,691190,8.0,102,44.81,11.92,0.266,28,36,43,53,66,77,90.74,3.97,45.98,38.05,11.77,0.67,0.0,8.2,88.8,2.9,1.53,40,0.0137,5.6,64,stable_mid
m_2906,60776,685210,7.93,101,45.23,11.92,0.264,28,36,44,53,67,76,91.12,4.24,46.29,38.21,9.59,0.78,0.0,7.1,89.5,3.4,1.52,3,0.0292,5.5,61,stable_mid
m_2907,63189,691190,8.0,98,44.27,12.8,0.289,26,35,43,52,66,86,91.98,3.55,43.0,36.68,9.65,0.68,0.0,10.7,85.9,3.4,1.53,61,0.0675,5.5,27,stable_mid
m_2908,60999,691190,8.0,102,53.02,8.72,0.164,39,47,53,59,67,72,90.99,3.6,47.46,42.11,14.41,0.68,0.0,0.1,97.6,2.4,1.26,0,0.0108,5.6,72,stable_high
m_2909,60584,691190,8.0,103,29.35,12.34,0.42,12,20,28,37,51,66,90.4,3.82,40.09,29.2,9.29,0.39,0.0,55.6,43.8,0.6,1.82,20,-0.0158,5.6,57,stable_mid
m_2910,61084,691190,8.0,102,36.77,14.44,0.393,19,26,34,45,62,88,87.09,6.15,45.51,33.41,10.53,0.54,0.0,36.2,60.8,3.0,1.82,36,0.0292,5.7,71,stable_mid
m_2911,62602,681290,7.89,98,32.1,12.44,0.387,16,23,30,39,55,69,89.38,4.79,40.21,29.29,5.57,0.69,0.0,48.6,50.4,1.0,1.83,7,0.0062,5.6,36,stable_mid
m_2912,61417,691190,8.0,101,45.7,13.04,0.285,27,36,44,55,69,78,91.19,3.87,47.54,41.52,9.96,0.71,0.0,9.6,85.8,4.6,1.57,129,0.0503,5.6,43,stable_mid
m_2913,62587,691070,8.0,99,42.73,11.93,0.279,26,34,41,51,64,76,86.04,7.19,39.45,30.71,8.24,0.83,0.0,13.0,85.0,2.0,1.56,0,0.0186,6.8,45,stable_mid
m_2914,61931,691190,8.0,100,30.82,13.12,0.426,13,21,29,39,55,69,88.92,5.92,35.1,24.16,5.06,0.52,0.0,51.7,47.3,1.0,1.9,11,0.0077,5.7,54,stable_mid
m_2915,61473,681000,7.88,100,45.53,11.75,0.258,29,37,44,53,67,77,91.29,3.65,38.39,30.19,7.5,0.47,0.0,5.5,91.0,3.6,1.52,0,0.0213,5.8,45,stable_mid
m_2916,60951,691190,8.0,102,48.02,10.61,0.221,32,40,47,55,66,74,91.1,4.19,22.53,19.98,7.65,0.47,0.0,2.7,94.8,2.5,1.4,20,-0.0082,5.6,71,stable_mid
m_2917,63072,691190,8.0,99,45.24,11.74,0.26,28,36,44,53,67,75,91.29,3.82,53.96,43.88,7.5,0.78,0.0,6.8,90.3,2.9,1.52,23,0.0105,5.7,36,stable_mid
m_2918,61913,691190,8.0,100,36.01,14.44,0.401,18,26,33,43,62,89,89.14,4.57,40.39,30.31,9.69,0.44,0.0,36.7,60.1,3.2,1.88,25,0.0351,5.6,36,stable_mid
m_2919,62299,686110,7.94,99,44.89,14.59,0.325,23,34,44,54,71,84,89.96,5.21,39.75,30.94,57.08,0.85,0.0,16.0,78.3,5.7,1.61,13,0.0447,5.5,36,stable_mid
m_2920,61066,691190,8.0,102,46.95,11.19,0.238,31,38,46,55,67,75,90.67,4.12,41.28,33.34,8.56,0.82,0.0,3.4,93.8,2.9,1.46,1,0.006,5.8,48,stable_mid
m_2921,62305,684610,7.92,99,43.8,15.4,0.352,23,33,41,52,76,89,90.74,4.28,51.88,42.17,7.39,0.47,0.0,15.9,77.0,7.1,1.85,281,0.0489,5.5,36,stable_mid
m_2922,61758,689990,7.99,101,33.82,14.76,0.436,16,24,31,40,61,91,89.34,4.72,43.84,32.52,9.64,0.5,0.0,45.2,51.6,3.1,1.97,37,0.0211,5.6,46,stable_mid
m_2923,60854,691180,8.0,102,43.68,11.91,0.273,25,35,43,52,64,72,90.25,4.1,62.31,36.45,4.4,0.21,0.0,12.0,86.4,1.6,1.49,5,0.0088,5.7,64,stable_mid
m_2924,61422,682770,7.9,100,40.33,12.81,0.318,24,31,38,48,63,83,91.14,4.03,40.28,31.86,7.52,0.68,0.0,20.8,76.4,2.8,1.66,135,0.0133,5.5,63,stable_mid
m_2925,61963,691190,8.0,100,42.08,11.62,0.276,26,33,41,49,63,76,91.1,3.74,41.63,34.68,9.35,0.83,0.0,13.4,84.7,2.0,1.54,30,0.0248,5.6,59,stable_mid
m_2926,62739,682690,7.9,98,49.71,10.69,0.215,33,42,49,58,67,74,90.65,4.04,45.6,40.66,8.76,0.88,0.0,2.0,95.0,3.0,1.37,35,-0.0465,5.8,46,stable_mid
m_2927,60792,691180,8.0,102,40.85,15.66,0.383,22,29,38,49,72,89,91.92,3.19,39.66,30.27,6.09,0.53,0.0,25.1,69.3,5.5,1.89,20,0.1162,5.6,68,stable_mid
m_2928,60344,691190,8.0,103,40.16,14.3,0.356,22,29,37,48,68,82,91.68,3.35,45.83,36.38,6.85,0.6,0.0,25.6,69.8,4.6,1.84,114,0.0345,6.2,57,stable_mid
m_2929,61918,680460,7.88,99,19.02,15.02,0.79,3,5,16,28,48,61,83.57,9.01,19.63,13.48,3.1,0.6,18.3,58.3,22.9,0.4,3.0,34,0.0027,5.6,45,bursty
m_2930,61384,682780,7.9,100,43.96,13.38,0.304,24,34,43,53,68,78,89.27,5.2,45.67,39.32,11.94,0.61,0.0,13.7,82.0,4.2,1.58,58,0.0071,5.5,46,stable_mid
m_2931,62849,688890,7.97,99,35.67,14.85,0.416,18,25,33,43,62,91,91.32,3.69,50.77,38.4,5.63,0.35,0.0,39.6,56.9,3.5,1.88,189,0.0236,7.0,45,stable_mid
m_2932,61712,681000,7.88,99,36.26,14.2,0.392,16,26,34,45,63,77,87.45,8.02,37.43,25.95,7.3,0.51,0.0,35.1,62.6,2.3,1.85,36,0.053,5.9,27,stable_mid
m_2933,60169,688780,7.97,103,46.55,10.52,0.226,31,39,46,54,65,74,91.35,3.31,48.85,44.57,8.52,0.88,0.0,3.6,94.5,1.9,1.41,0,0.0432,5.6,64,stable_mid
m_2934,60483,685200,7.93,102,44.3,14.61,0.33,25,33,42,53,71,89,91.95,2.99,43.8,37.57,11.22,0.58,0.0,14.7,79.5,5.8,1.69,244,0.0433,6.2,63,stable_mid
m_2935,60201,685810,7.94,103,44.8,15.19,0.339,25,34,42,53,77,87,91.38,4.21,44.89,38.83,9.64,0.73,0.0,14.2,78.3,7.5,1.83,166,0.0877,5.6,50,stable_mid
m_2936,63364,690120,7.99,98,42.43,12.31,0.29,25,33,41,50,65,76,91.95,3.17,44.17,38.8,8.55,0.65,0.0,14.7,82.7,2.6,1.59,1,-0.0011,5.4,46,stable_mid
m_2937,63792,691190,8.0,98,34.49,14.63,0.424,15,24,32,42,62,82,88.57,8.54,36.69,27.77,5.49,0.43,0.0,41.5,56.0,2.5,1.94,216,0.0118,5.6,22,stable_mid
m_2938,61989,691190,8.0,100,40.74,12.41,0.305,23,32,39,49,63,76,90.12,4.25,50.68,40.74,7.68,0.72,0.0,18.9,79.2,1.9,1.62,4,-0.0153,6.9,36,stable_mid
m_2939,60795,691190,8.0,102,46.49,11.38,0.245,30,38,45,54,67,77,89.37,4.62,48.43,43.86,8.32,0.75,0.0,4.3,92.7,3.1,1.49,27,-0.0047,7.2,39,stable_mid
m_2940,63265,691180,8.0,98,38.3,16.18,0.422,19,27,35,46,71,91,90.83,4.24,43.81,33.4,6.81,0.66,0.0,33.4,61.4,5.2,2.03,69,0.0759,5.7,36,stable_mid
m_2941,61969,683860,7.92,99,37.13,13.14,0.354,19,27,35,45,61,77,91.36,3.88,42.9,33.47,7.44,0.63,0.0,32.1,66.0,1.9,1.74,8,-0.0009,5.6,45,stable_mid
m_2942,62246,691180,8.0,100,33.53,12.02,0.359,17,24,32,41,56,69,90.41,3.89,41.81,30.93,4.99,0.43,0.0,42.3,56.7,0.9,1.75,4,0.0136,5.6,54,stable_mid
m_2943,60368,691190,8.0,103,34.47,15.44,0.448,16,24,32,42,63,92,90.24,4.05,41.2,30.52,5.76,0.4,0.0,43.2,53.3,3.6,1.97,26,0.0656,5.6,91,stable_mid
m_2944,62161,691190,8.0,100,30.38,13.17,0.433,13,21,28,38,55,72,83.0,14.91,40.03,29.58,5.69,0.52,0.0,54.4,44.3,1.2,1.96,28,-0.009,5.6,49,stable_mid
m_2945,61901,687770,7.96,100,31.29,12.05,0.385,15,22,30,39,53,68,89.39,5.04,40.4,26.49,5.15,0.44,0.0,49.3,49.9,0.8,1.77,8,0.0063,5.6,45,stable_mid
m_2946,60508,691190,8.0,103,48.06,11.09,0.231,32,40,47,56,67,77,91.44,3.52,47.14,39.61,12.8,0.6,0.0,2.8,94.0,3.2,1.43,21,0.0292,5.7,54,stable_mid
m_2947,62044,691190,8.0,100,42.31,11.88,0.281,26,33,41,50,63,76,91.53,3.26,44.57,35.72,8.54,0.48,0.0,13.9,84.1,1.9,1.54,2,0.0204,5.4,39,stable_mid
m_2948,61250,691070,8.0,102,42.13,12.47,0.296,24,33,41,50,65,76,91.69,3.32,50.75,40.31,6.96,0.61,0.0,16.0,81.4,2.6,1.59,43,0.0116,5.6,81,stable_mid
m_2949,61823,684610,7.92,100,40.13,12.86,0.321,23,30,38,48,64,78,91.07,4.03,42.98,33.73,6.36,0.46,0.0,23.0,74.6,2.4,1.68,97,0.0052,5.6,51,stable_mid
m_2950,62422,691190,8.0,100,39.62,17.26,0.436,20,27,35,48,81,93,91.45,3.15,44.2,33.53,7.38,0.55,0.0,32.3,61.1,6.6,2.31,322,0.0606,5.5,45,stable_mid
m_2951,60330,691180,8.0,103,30.2,12.2,0.404,14,21,28,37,53,67,90.61,3.8,44.09,31.51,4.92,0.52,0.0,54.2,45.0,0.8,1.89,4,0.013,5.5,56,stable_mid
m_2952,60633,688500,7.97,102,36.53,14.37,0.394,19,26,34,44,61,91,87.68,13.77,35.5,28.32,5.72,0.58,0.0,36.4,60.7,2.9,1.79,12,0.0624,5.5,63,stable_mid
m_2953,61248,689990,7.99,101,39.97,11.68,0.292,24,31,38,47,61,75,86.78,6.57,41.79,33.75,7.47,0.57,0.0,19.0,79.4,1.6,1.61,44,0.0235,8.9,58,stable_mid
m_2954,62708,691190,8.0,99,43.72,10.51,0.241,29,36,43,51,62,73,91.2,3.76,44.89,37.0,7.86,0.78,0.0,6.6,91.8,1.6,1.44,1,0.0206,5.7,45,stable_mid
m_2955,61777,691180,8.0,101,40.66,11.55,0.284,24,32,39,48,61,72,90.39,4.69,50.91,40.51,7.03,0.75,0.0,17.0,81.6,1.4,1.56,3,0.0026,5.6,72,stable_mid
m_2956,62404,687470,7.96,99,42.3,12.05,0.285,25,33,41,50,64,76,91.21,3.59,43.44,35.1,7.49,0.8,0.0,13.7,84.1,2.1,1.56,0,0.0327,5.5,32,stable_mid
m_2957,59241,678600,7.85,103,41.56,17.09,0.411,21,29,38,49,81,94,91.54,3.46,41.71,32.43,6.07,0.57,0.0,25.8,67.2,7.0,2.13,266,0.0441,5.6,55,stable_mid
m_2958,61183,689980,7.99,101,7.51,16.14,2.149,0,0,0,0,44,63,17.87,31.32,0.23,0.17,0.83,0.0,79.7,6.2,13.4,0.7,44.0,0,0.1953,5.5,46,bursty
m_2959,60638,691190,8.0,103,39.09,12.19,0.312,23,30,37,46,62,75,91.41,4.06,43.45,37.52,26.68,0.6,0.0,23.1,74.9,2.0,1.68,30,0.0034,5.7,90,stable_mid
m_2960,60044,689930,7.99,103,35.65,12.61,0.354,19,26,33,43,59,74,90.11,4.89,42.18,31.18,7.05,0.61,0.0,36.4,62.2,1.4,1.79,23,0.0095,5.6,82,stable_mid
m_2961,62904,690310,7.99,99,41.41,11.97,0.289,26,33,40,48,63,82,90.85,3.79,44.29,37.89,9.66,0.48,0.0,14.0,83.0,3.0,1.58,44,0.0364,5.7,38,stable_mid
m_2962,56855,691190,8.0,109,10.1,21.86,2.163,0,0,0,0,57,87,19.15,32.72,0.29,0.24,0.9,0.0,79.5,1.8,14.7,4.0,57.0,1,0.2842,13.8,54,bursty
m_2963,62362,689990,7.99,100,41.89,12.81,0.306,24,32,40,50,65,80,91.46,3.34,37.95,29.92,7.09,0.72,0.0,16.4,80.7,2.9,1.62,58,0.0208,5.5,48,stable_mid
m_2964,59600,669070,7.74,101,7.94,16.94,2.134,0,0,0,0,46,69,17.83,32.48,0.23,0.19,0.71,0.0,79.3,6.3,13.4,1.0,46.0,52,0.2128,5.9,53,bursty
m_2965,61231,691190,8.0,102,41.9,13.86,0.331,22,31,40,51,67,80,88.86,4.74,49.2,40.71,8.79,0.73,0.0,20.2,76.2,3.7,1.68,65,0.0017,5.6,54,stable_mid
m_2966,63384,691190,8.0,98,41.6,15.57,0.374,22,30,38,51,71,90,88.95,5.06,47.76,35.74,8.1,0.47,0.0,23.3,71.2,5.5,1.87,149,0.0529,5.7,35,stable_mid
m_2967,64788,691180,8.0,96,39.95,12.33,0.309,23,31,38,47,63,76,91.81,2.93,49.59,40.08,5.92,0.92,0.0,21.1,76.8,2.1,1.66,56,-0.0153,5.4,18,stable_mid
m_2968,60741,689990,7.99,102,39.82,15.48,0.389,22,29,37,46,69,93,91.25,3.81,20.87,15.71,7.06,0.69,0.0,26.3,68.7,5.0,1.86,8,0.0844,5.6,74,stable_mid
m_2969,61249,691190,8.0,102,33.77,15.37,0.455,15,23,31,42,60,94,88.9,5.05,40.86,29.96,5.25,0.4,0.0,45.6,51.5,2.9,1.94,38,0.0484,6.7,56,stable_mid
m_2970,61391,689950,7.99,101,7.92,16.93,2.138,0,0,0,0,47,63,18.23,31.95,0.25,0.2,0.93,0.0,79.9,4.7,14.7,0.7,47.0,1,0.2061,5.6,55,bursty
m_2971,61481,691180,8.0,101,39.72,15.91,0.401,20,28,37,48,71,91,91.75,3.33,44.98,36.13,6.86,0.53,0.0,28.5,66.2,5.3,1.92,6,0.0725,5.6,62,stable_mid
m_2972,61090,688780,7.97,101,51.83,12.19,0.235,32,43,51,61,72,75,91.92,3.22,41.33,32.39,6.14,0.29,0.0,3.2,88.0,8.8,1.41,2,-0.0118,7.0,54,stable_high
m_2973,61088,689930,7.99,102,34.69,12.21,0.352,19,25,33,42,57,71,89.65,4.24,43.53,32.82,8.69,0.43,0.0,39.5,59.3,1.1,1.73,9,0.0127,5.5,71,stable_mid
m_2974,62248,687200,7.95,99,44.18,12.04,0.273,28,35,42,52,66,77,91.76,3.22,43.69,36.64,8.0,0.61,0.0,8.6,88.4,3.0,1.57,51,-0.0035,5.6,36,stable_mid
m_2975,61510,689020,7.97,101,29.31,11.94,0.407,13,20,28,36,51,64,87.87,6.56,37.67,26.37,9.16,0.48,0.0,55.4,44.0,0.6,1.82,3,-0.0285,6.7,54,stable_mid
m_2976,61495,691190,8.0,101,29.06,13.33,0.458,11,19,27,37,54,69,90.0,4.13,39.75,29.26,5.36,0.37,0.1,57.8,41.2,1.0,2.0,17,-0.0299,5.6,59,stable_mid
m_2977,62274,691190,8.0,100,34.4,12.37,0.36,17,25,33,42,56,70,90.58,3.72,40.47,30.43,3.32,0.41,0.0,39.2,59.7,1.0,1.7,4,0.022,5.5,63,stable_mid
m_2978,63173,691190,8.0,98,37.16,13.9,0.374,19,27,35,45,63,79,90.62,3.69,46.82,33.89,5.74,0.61,0.0,33.2,64.5,2.3,1.8,204,0.0081,5.6,45,stable_mid
m_2979,63462,691190,8.0,98,35.03,12.41,0.354,19,26,33,42,58,75,90.26,4.41,44.68,33.8,6.11,0.6,0.0,38.0,60.5,1.5,1.76,18,0.0326,6.0,27,stable_mid
m_2980,61296,689410,7.98,101,38.65,13.33,0.345,20,29,37,47,62,78,88.29,7.48,36.52,25.72,7.62,0.71,0.0,26.8,71.1,2.1,1.68,60,0.0673,5.6,63,stable_mid
m_2981,63361,681000,7.88,97,46.18,13.46,0.291,28,36,44,54,72,86,91.66,3.2,41.11,32.17,7.49,0.62,0.0,6.9,87.4,5.7,1.64,1,0.0534,5.9,18,stable_mid
m_2982,61373,685110,7.93,100,38.21,13.13,0.344,20,28,36,47,62,76,91.17,3.8,33.25,25.77,8.58,0.48,0.0,29.1,69.1,1.8,1.72,64,0.0462,5.7,46,stable_mid
m_2983,62529,691190,8.0,99,40.32,11.65,0.289,24,32,39,48,61,74,91.48,3.4,51.18,42.83,6.88,0.63,0.0,18.8,79.8,1.5,1.56,1,-0.0054,5.6,42,stable_mid
m_2984,62817,691190,8.0,99,3.75,0.73,0.195,3,3,4,4,5,6,88.9,0.42,21.7,17.16,1.03,0.01,87.6,12.4,0.0,0.0,1.25,0,0.0027,5.6,36,idle_pure
m_2985,60432,688440,7.97,103,38.72,14.15,0.365,18,28,38,48,64,75,90.56,4.72,45.94,33.79,6.44,0.51,0.0,29.3,68.3,2.4,1.68,8,-0.0414,5.5,73,stable_mid
m_2986,60468,689420,7.98,103,31.54,13.07,0.414,14,22,30,39,56,71,90.21,4.14,43.24,32.91,6.54,0.48,0.0,49.6,49.3,1.1,1.87,3,-0.0303,6.7,79,stable_mid
m_2987,61999,691190,8.0,100,29.29,12.86,0.439,12,19,27,37,53,67,85.61,9.16,39.26,27.7,4.16,0.46,0.0,56.3,42.9,0.8,1.96,4,0.0269,5.5,45,stable_mid
m_2988,61419,691190,8.0,101,41.19,12.14,0.295,24,32,40,49,63,75,91.91,2.98,51.12,38.06,7.66,0.67,0.0,17.3,80.8,1.9,1.58,3,0.0159,5.7,45,stable_mid
m_2989,61042,691190,8.0,102,32.44,11.86,0.366,17,24,30,39,54,69,90.3,3.98,40.26,28.42,5.55,0.57,0.0,47.1,52.0,0.9,1.8,2,0.0024,5.4,54,stable_mid
m_2990,61487,687910,7.96,101,38.68,10.9,0.282,23,31,37,46,58,69,92.07,3.21,38.81,33.07,8.12,0.46,0.0,21.0,78.1,0.9,1.57,6,-0.0111,6.3,54,stable_mid
m_2991,62442,691190,8.0,100,38.0,12.17,0.32,22,29,36,45,61,77,90.45,4.45,34.61,23.49,6.54,0.21,0.0,26.9,71.3,1.8,1.69,41,0.0143,5.6,45,stable_mid
m_2992,60588,691190,8.0,103,17.95,4.92,0.274,10,13,19,22,25,27,86.52,3.01,18.85,23.89,3.06,1.0,0.0,99.8,0.2,0.0,1.32,0,-0.0159,5.5,75,stable_mid
m_2993,58968,691190,8.0,105,41.52,11.84,0.285,25,32,40,49,63,74,91.84,3.8,45.68,39.01,12.33,0.0,0.0,15.7,82.6,1.7,1.58,3,0.0358,6.2,73,stable_mid
m_2994,59566,691190,8.0,104,39.65,13.24,0.334,22,30,37,48,64,80,90.22,5.51,40.99,29.52,5.93,0.4,0.0,23.6,73.4,3.0,1.73,81,-0.0127,5.6,55,stable_mid
m_2995,61503,690510,7.99,101,43.12,12.37,0.287,26,34,42,51,66,79,90.91,4.38,45.09,37.45,7.94,0.57,0.0,12.6,84.3,3.1,1.57,104,0.0048,5.5,54,stable_mid
m_2996,60718,691180,8.0,102,37.99,12.14,0.319,21,29,36,45,60,76,92.11,3.12,41.53,33.85,9.22,0.6,0.0,26.4,72.1,1.6,1.67,71,0.0184,6.5,45,stable_mid
m_2997,29271,691190,8.0,213,25.38,16.25,0.64,0,16,25,36,52,65,64.3,29.11,16.82,10.91,4.1,1.0,17.7,43.6,38.2,0.6,2.08,1,-0.1893,89.6,70,idle_pure
m_2998,62594,687910,7.96,99,35.88,12.36,0.345,19,27,34,43,58,76,91.3,3.67,47.54,38.25,5.69,0.62,0.0,34.3,64.1,1.6,1.71,110,0.0281,5.5,45,stable_mid
m_2999,61927,691190,8.0,100,42.3,11.71,0.277,26,34,41,50,63,75,90.87,4.29,43.91,35.31,9.33,0.67,0.0,12.6,85.3,2.1,1.54,7,0.016,5.5,45,stable_mid
m_3000,63852,691190,8.0,97,41.16,14.55,0.354,22,30,39,50,67,90,91.0,3.8,46.91,38.64,8.85,0.51,0.0,22.5,73.3,4.1,1.72,78,0.0414,5.6,27,stable_mid
m_3001,59530,679810,7.87,103,34.38,12.87,0.374,17,25,33,42,58,70,90.82,3.58,40.31,29.65,10.93,0.44,0.0,39.6,59.3,1.1,1.76,3,0.0029,6.1,72,stable_mid
m_3002,60334,691190,8.0,103,33.2,13.38,0.403,15,23,31,42,57,72,90.58,3.91,39.92,28.65,3.07,0.45,0.0,44.8,53.9,1.3,1.84,7,0.0144,5.7,73,stable_mid
m_3003,62790,690010,7.99,99,32.67,12.82,0.392,16,23,31,40,56,71,90.38,3.93,40.93,30.53,5.23,0.53,0.0,46.3,52.5,1.1,1.81,4,0.0016,7.2,37,stable_mid
m_3004,61844,691190,8.0,101,41.6,12.73,0.306,24,32,40,50,64,77,88.63,6.68,49.37,39.9,8.28,0.83,0.0,18.3,79.0,2.7,1.6,16,-0.005,5.6,54,stable_mid
m_3005,60872,691180,8.0,102,37.9,11.7,0.309,22,29,36,45,59,72,91.02,3.95,45.4,36.11,6.39,0.52,0.0,25.8,73.0,1.3,1.64,5,-0.0191,5.7,63,stable_mid
m_3006,59915,687840,7.96,103,3.12,0.61,0.194,2,3,3,3,4,5,84.13,0.7,21.57,16.7,1.03,0.04,98.0,2.0,0.0,0.0,1.33,0,-0.0015,5.7,63,idle_pure
m_3007,61930,691190,8.0,100,31.93,13.04,0.408,15,22,30,40,56,72,91.05,3.3,40.06,30.04,5.16,0.57,0.0,49.2,49.6,1.2,1.87,14,-0.0039,5.5,66,stable_mid
m_3008,61762,691190,8.0,101,47.78,11.51,0.241,30,39,47,56,67,77,91.37,3.6,43.37,36.54,10.87,0.72,0.0,3.8,92.9,3.3,1.43,27,0.031,5.7,44,stable_mid
m_3009,62102,690520,7.99,100,33.51,11.77,0.351,18,25,32,40,55,69,91.92,3.02,40.69,31.98,5.57,0.54,0.0,41.5,57.5,1.0,1.72,1,-0.016,5.5,54,stable_mid
m_3010,61884,691190,8.0,101,40.59,13.59,0.335,22,30,39,48,65,83,91.64,3.29,44.02,34.25,7.17,0.47,0.0,22.6,74.2,3.2,1.67,212,0.0188,5.5,45,stable_mid
m_3011,60162,691190,8.0,103,43.17,13.69,0.317,25,33,41,52,69,81,90.15,4.26,44.17,35.6,9.0,0.72,0.0,16.0,79.3,4.7,1.68,62,0.0119,5.5,70,stable_mid
m_3012,62967,691190,8.0,99,40.54,14.97,0.369,19,30,39,49,67,87,85.66,9.45,37.96,26.34,7.67,0.51,0.0,24.0,71.9,4.1,1.72,18,0.1225,5.8,53,stable_mid
m_3013,61344,689980,7.99,101,42.59,12.02,0.282,26,34,41,50,64,77,91.27,3.74,49.97,46.32,8.11,0.74,0.0,12.9,84.8,2.2,1.56,59,0.0149,5.6,76,stable_mid
m_3014,61841,690670,7.99,101,28.71,13.42,0.468,12,19,26,36,54,72,86.52,8.01,35.49,24.51,6.31,0.56,0.0,59.7,39.1,1.2,2.08,45,0.0473,5.9,64,stable_mid
m_3015,60668,691190,8.0,103,38.74,13.83,0.357,21,28,36,47,65,78,90.13,4.74,41.4,31.13,7.21,0.46,0.0,29.4,68.1,2.6,1.81,50,0.0195,5.8,51,stable_mid
m_3016,61418,691190,8.0,101,37.68,16.07,0.426,19,26,34,45,67,93,90.89,3.57,36.37,24.9,6.04,0.37,0.0,35.1,60.2,4.8,1.97,17,0.0892,5.6,61,stable_mid
m_3017,62193,691190,8.0,100,43.05,11.88,0.276,27,34,41,51,65,76,87.31,8.48,47.73,37.49,6.49,0.53,0.0,10.8,86.5,2.7,1.59,1,0.025,5.5,72,stable_mid
m_3018,59853,687960,7.96,103,46.65,14.38,0.308,27,35,44,57,73,82,86.68,8.05,40.77,30.58,13.85,0.62,0.0,9.4,82.3,8.4,1.66,60,0.0012,6.2,54,stable_mid
m_3019,62106,691070,8.0,100,37.84,12.15,0.321,22,29,36,45,60,74,91.75,3.04,45.84,36.09,8.1,0.67,0.0,27.7,70.7,1.5,1.67,3,0.0171,5.8,54,stable_mid
m_3020,62621,691190,8.0,99,39.25,13.35,0.34,21,29,37,47,64,79,90.45,4.92,46.61,36.21,7.33,0.49,0.0,26.3,71.2,2.5,1.73,53,0.0123,5.5,45,stable_mid
m_3021,62661,691190,8.0,99,43.77,20.1,0.459,20,29,39,53,86,95,88.14,6.0,40.1,29.7,9.46,0.46,0.0,26.8,59.3,13.9,2.21,70,0.0199,5.7,36,stable_mid
m_3022,60735,691190,8.0,102,54.02,16.16,0.299,32,41,52,65,83,86,91.09,3.44,46.85,42.46,9.18,0.69,0.0,3.0,75.2,21.9,1.6,0,-0.0102,5.5,68,stable_high
m_3023,60291,691190,8.0,103,32.63,12.7,0.389,16,23,31,40,56,71,90.15,4.45,40.25,29.94,5.79,0.67,0.0,46.6,52.2,1.2,1.81,4,0.0222,5.7,72,stable_mid
m_3024,59680,690110,7.99,104,42.56,14.84,0.349,24,32,40,50,71,89,90.1,6.09,47.75,35.76,6.27,0.53,0.0,17.6,77.0,5.4,1.78,8,0.0847,5.6,90,stable_mid
m_3025,57344,689120,7.98,108,43.72,12.26,0.281,26,34,42,52,65,75,91.62,3.32,48.63,39.37,9.27,0.6,0.0,12.0,85.4,2.6,1.55,32,-0.0095,8.6,84,stable_mid
m_3026,59635,679840,7.87,103,37.88,13.03,0.344,20,28,36,46,62,77,89.86,4.69,46.47,36.42,8.26,0.0,0.0,30.0,68.1,2.0,1.72,20,-0.0029,5.6,56,stable_mid
m_3027,62921,691190,8.0,99,45.67,11.04,0.242,30,37,45,53,65,74,90.94,4.76,46.59,40.96,9.53,0.77,0.0,4.9,92.8,2.3,1.44,19,0.0072,5.6,36,stable_mid
m_3028,63367,691190,8.0,98,40.39,12.21,0.302,24,31,38,48,63,74,91.34,3.71,36.43,30.74,10.48,0.73,0.0,19.4,78.7,1.9,1.66,14,-0.0153,5.6,43,stable_mid
m_3029,61818,691190,8.0,101,38.64,16.4,0.424,20,27,35,46,72,94,92.44,2.94,39.59,30.92,7.69,0.38,0.0,32.8,61.8,5.4,2.06,12,0.09,5.5,48,stable_mid
m_3030,61259,691190,8.0,102,38.96,12.46,0.32,22,29,37,47,61,73,90.89,4.09,50.12,49.72,6.33,0.59,0.0,25.5,73.0,1.5,1.65,0,0.0079,5.4,60,stable_mid
m_3031,60080,689410,7.98,103,30.38,14.2,0.467,12,20,28,39,56,73,88.05,4.91,43.03,32.35,7.12,0.43,0.0,54.4,44.2,1.4,2.0,45,-0.0088,5.6,86,stable_mid
m_3032,60546,687250,7.95,102,40.89,11.85,0.29,25,32,39,48,63,75,90.28,4.57,45.39,35.04,7.38,0.54,0.0,16.9,81.1,2.0,1.62,5,0.0131,6.4,65,stable_mid
m_3033,61124,691190,8.0,102,48.01,11.85,0.247,30,39,47,56,68,83,90.27,4.02,44.84,37.51,11.18,0.48,0.0,3.8,92.1,4.1,1.45,29,0.0333,5.6,54,stable_mid
m_3034,62280,691190,8.0,100,31.83,12.63,0.397,15,22,30,39,55,70,89.95,4.37,35.25,23.24,5.32,0.6,0.0,49.4,49.6,1.1,1.83,24,0.0029,5.7,38,stable_mid
m_3035,61744,683100,7.91,100,34.16,11.84,0.347,19,25,32,41,56,69,89.73,4.52,41.3,32.44,4.63,0.71,0.0,40.7,58.4,1.0,1.75,3,0.0426,5.8,45,stable_mid
m_3036,60529,661930,7.66,98,42.03,12.45,0.296,25,33,41,50,64,79,91.53,3.53,50.43,40.74,8.91,0.63,0.0,15.9,81.4,2.6,1.56,44,0.0077,5.6,28,stable_mid
m_3037,59730,686990,7.95,103,39.2,13.05,0.333,21,29,37,48,63,75,92.26,3.15,43.13,34.78,8.98,0.86,0.0,26.2,71.7,2.1,1.7,23,-0.0181,5.5,60,stable_mid
m_3038,61485,689410,7.98,101,48.5,12.81,0.264,31,39,46,56,74,84,90.8,3.93,38.11,33.83,9.27,0.58,0.0,3.1,90.2,6.8,1.61,1,0.0443,5.6,55,stable_mid
m_3039,62507,688900,7.97,99,2.74,14.71,5.364,0,0,0,0,0,93,5.51,7.28,0.02,0.03,0.15,0.07,95.5,1.7,0.3,2.5,0.0,3,0.0825,5.6,46,bursty
m_3040,60906,691190,8.0,102,37.47,14.84,0.396,20,27,35,44,64,91,91.19,3.44,45.98,36.35,6.62,0.0,0.0,32.2,63.6,4.3,1.83,51,0.0563,5.6,44,stable_mid
m_3041,64006,691190,8.0,97,38.39,12.33,0.321,22,29,36,46,61,77,91.2,3.43,45.58,36.15,6.97,0.48,0.0,25.6,72.5,1.9,1.69,92,0.0084,5.7,27,stable_mid
m_3042,62237,691180,8.0,100,35.64,13.07,0.367,18,26,34,43,60,75,90.03,4.79,38.64,28.01,6.26,0.43,0.0,36.9,61.5,1.7,1.76,12,0.0082,6.7,44,stable_mid
m_3043,62783,691180,8.0,99,45.69,11.52,0.252,29,37,45,53,66,76,90.9,3.97,47.61,37.4,7.93,0.75,0.0,5.8,91.3,2.9,1.47,60,0.0016,5.5,53,stable_mid
m_3044,61909,691190,8.0,100,41.53,15.51,0.373,23,31,38,49,74,91,91.07,3.8,44.73,33.36,4.02,0.43,0.0,21.5,72.7,5.8,1.95,15,0.0917,5.7,45,stable_mid
m_3045,61131,691180,8.0,102,32.12,12.99,0.404,15,23,30,40,56,71,89.27,4.8,35.02,23.73,5.39,0.64,0.0,47.4,51.5,1.1,1.87,17,0.0222,5.6,63,stable_mid
m_3046,59720,691010,8.0,104,29.85,12.17,0.408,13,21,28,37,51,67,90.66,3.76,38.7,28.06,2.74,0.36,0.0,53.4,45.7,0.9,1.82,5,-0.0179,8.5,52,stable_mid
m_3047,56550,691180,8.0,110,8.16,17.23,2.11,0,0,0,0,47,69,19.37,33.03,0.26,0.2,0.86,0.0,79.3,4.9,14.8,0.9,47.0,7,0.2288,13.9,64,bursty
m_3048,59043,684610,7.92,104,44.5,12.18,0.274,26,35,44,53,65,75,91.44,3.62,44.98,39.06,9.77,0.76,0.0,10.6,86.9,2.5,1.48,25,0.002,5.4,72,stable_mid
m_3049,62217,689110,7.98,100,33.47,14.23,0.425,15,23,31,42,60,76,86.57,8.09,37.05,25.38,5.82,0.68,0.0,45.2,52.8,1.9,1.94,166,0.0139,5.5,50,stable_mid
m_3050,58467,660310,7.64,102,51.9,10.24,0.197,36,44,52,60,68,74,90.63,3.65,50.29,41.84,11.66,0.52,0.0,0.9,95.9,3.2,1.31,1,-0.0023,5.9,45,stable_high
m_3051,61933,691190,8.0,100,46.95,11.29,0.24,30,38,46,55,67,76,91.45,3.29,48.57,39.41,8.29,0.63,0.0,4.0,93.0,3.1,1.46,14,0.051,5.7,61,stable_mid
m_3052,61634,691190,8.0,101,41.35,13.57,0.328,23,31,39,50,66,80,90.53,4.28,42.23,32.53,8.1,0.53,0.0,21.0,75.8,3.1,1.69,71,0.0065,5.5,63,stable_mid
m_3053,61754,691190,8.0,101,40.04,14.34,0.358,21,30,38,48,67,87,90.28,4.4,47.15,38.33,6.91,0.65,0.0,24.9,71.0,4.1,1.76,168,0.0268,5.7,71,stable_mid
m_3054,62378,691190,8.0,100,4.3,0.75,0.175,3,4,4,5,6,6,88.78,0.5,20.6,15.99,1.02,0.0,66.7,33.3,0.0,0.0,1.5,0,0.007,5.6,64,idle_pure
m_3055,59629,688870,7.97,104,48.56,11.72,0.241,31,40,47,57,68,77,91.63,3.59,46.31,39.28,7.84,1.05,0.0,3.1,92.8,4.1,1.45,104,0.0098,6.9,72,stable_mid
m_3056,60309,691190,8.0,103,33.9,12.34,0.364,17,25,32,42,57,70,90.15,4.21,40.81,30.26,5.91,0.57,0.0,41.9,57.1,1.0,1.78,2,0.0022,7.0,53,stable_mid
m_3057,60094,676660,7.83,101,31.91,12.48,0.391,15,23,30,39,55,69,90.71,3.75,40.88,30.78,4.67,0.21,0.0,48.8,50.2,1.0,1.83,10,-0.0031,5.6,62,stable_mid
m_3058,60998,682790,7.9,101,35.66,12.5,0.35,19,26,34,43,59,73,90.64,3.7,42.81,32.35,6.55,0.41,0.0,35.9,62.7,1.4,1.74,7,-0.0153,5.6,63,stable_mid
m_3059,62250,691190,8.0,100,41.23,14.63,0.355,23,31,39,49,68,92,91.12,3.98,42.21,34.07,10.81,0.38,0.0,21.9,73.8,4.4,1.74,66,0.0332,5.9,54,stable_mid
m_3060,62906,691190,8.0,99,39.48,14.73,0.373,21,29,37,46,69,88,87.61,5.7,49.06,43.79,6.42,0.87,0.0,25.2,69.8,5.0,1.86,42,0.0805,6.2,41,stable_mid
m_3061,60827,689990,7.99,102,46.55,11.83,0.254,29,37,45,55,67,76,90.45,5.27,46.04,40.11,8.53,0.54,0.0,5.3,91.4,3.3,1.49,2,0.0196,5.7,71,stable_mid
m_3062,61377,688790,7.97,101,33.47,12.72,0.38,17,24,31,41,58,71,89.85,4.68,43.58,31.5,6.49,0.65,0.0,44.2,54.6,1.2,1.87,19,-0.0106,5.6,60,stable_mid
m_3063,61418,691190,8.0,101,47.14,11.07,0.235,30,38,47,55,65,75,90.97,3.91,45.79,39.4,8.34,0.96,0.0,3.6,94.1,2.3,1.38,2,0.0161,5.9,45,stable_mid
m_3064,62785,691190,8.0,99,38.41,13.93,0.363,21,29,36,45,63,93,91.2,3.58,47.88,37.78,7.58,0.51,0.0,27.7,69.1,3.2,1.75,12,0.0492,5.8,36,stable_mid
m_3065,62630,684600,7.92,98,41.33,12.62,0.305,24,32,39,49,64,78,90.88,3.85,57.67,45.41,6.73,0.39,0.0,17.0,80.2,2.8,1.64,49,0.0003,5.8,36,stable_mid
m_3066,60670,690680,7.99,102,42.7,11.49,0.269,27,34,41,50,64,76,91.27,3.85,41.52,35.18,8.54,1.25,0.0,10.8,86.9,2.3,1.56,0,0.0147,5.6,68,stable_mid
m_3067,62047,676320,7.83,98,36.05,13.45,0.373,19,26,34,44,62,76,85.79,9.83,44.17,34.71,6.9,0.5,0.0,37.1,60.8,2.1,1.82,19,0.0068,5.5,36,stable_mid
m_3068,58886,691190,8.0,106,43.25,12.17,0.281,27,34,41,51,66,76,88.48,6.49,46.3,38.84,7.98,0.68,0.0,10.7,86.4,2.8,1.61,34,0.0085,5.6,99,stable_mid
m_3069,61290,686800,7.95,101,40.42,15.87,0.393,21,29,37,48,71,93,91.29,4.01,42.49,32.41,9.84,0.49,0.0,26.1,68.7,5.2,1.92,72,0.076,5.5,63,stable_mid
m_3070,63040,689990,7.99,99,8.52,19.31,2.266,0,0,0,0,50,89,17.7,31.52,0.22,0.18,0.85,0.0,80.5,4.4,12.8,2.3,50.0,0,0.2238,5.4,46,bursty
m_3071,61432,688870,7.97,101,35.54,14.08,0.396,18,26,33,43,60,90,90.14,4.04,41.46,30.7,5.72,0.7,0.0,38.1,59.2,2.7,1.82,4,0.0461,5.5,72,stable_mid
m_3072,61906,690520,7.99,100,51.63,9.4,0.182,36,45,52,58,67,74,90.5,3.61,45.55,41.82,10.99,0.89,0.0,0.8,96.6,2.6,1.29,7,0.0183,5.7,45,stable_high
m_3073,63234,691190,8.0,98,37.11,12.64,0.341,20,28,35,45,60,75,91.15,3.84,48.34,38.85,6.51,0.51,0.0,30.9,67.4,1.7,1.71,81,0.0149,5.6,36,stable_mid
m_3074,61799,682070,7.89,99,42.84,15.19,0.355,24,32,40,50,74,90,91.11,3.69,47.39,39.84,7.31,0.56,0.0,17.4,76.6,6.1,1.85,106,0.0604,5.6,55,stable_mid
m_3075,62229,691190,8.0,100,11.66,2.95,0.253,7,9,12,14,16,18,94.67,1.73,29.2,27.34,2.38,0.99,0.0,100.0,0.0,0.0,1.33,0,0.0154,5.5,46,stable_low
m_3076,60118,691180,8.0,103,41.95,16.01,0.382,22,30,39,50,74,90,91.12,3.75,48.55,39.06,6.21,0.79,0.0,22.5,71.2,6.3,1.9,82,0.0627,5.6,59,stable_mid
m_3077,62898,688790,7.97,99,40.2,12.49,0.311,23,31,38,48,63,75,91.54,3.41,41.94,31.13,6.37,0.37,0.0,21.5,76.5,2.0,1.66,46,0.01,5.6,45,stable_mid
m_3078,60968,681830,7.89,101,52.87,12.8,0.242,30,44,53,63,73,75,89.25,7.59,43.84,34.63,6.7,0.5,0.0,4.5,84.5,11.0,1.38,0,-0.0555,5.6,59,stable_high
m_3079,61130,691190,8.0,102,36.27,14.05,0.387,17,25,34,45,62,75,88.06,8.23,40.3,32.9,7.61,0.56,0.0,36.5,61.5,2.0,1.82,28,-0.0538,5.6,70,stable_mid
m_3080,63047,688860,7.97,98,36.49,17.81,0.488,16,24,32,44,78,91,90.78,3.71,34.69,24.36,6.55,0.61,0.0,41.3,51.1,7.6,2.44,20,0.0275,5.6,36,stable_mid
m_3081,62630,680080,7.87,98,34.21,15.69,0.459,16,24,31,41,62,92,90.41,4.08,41.34,30.45,5.64,0.4,0.0,44.8,51.1,4.1,2.0,6,0.0772,5.6,18,stable_mid
m_3082,61784,691190,8.0,101,39.67,14.71,0.371,21,29,37,48,66,91,90.55,3.79,41.59,30.37,5.54,0.59,0.0,27.3,68.9,3.7,1.78,10,0.0599,5.6,54,stable_mid
m_3083,61703,691190,8.0,101,45.71,13.07,0.286,29,36,43,53,71,85,92.04,2.99,46.28,39.18,8.71,0.71,0.0,6.3,88.4,5.3,1.65,18,0.0537,6.3,54,stable_mid
m_3084,61281,680090,7.87,100,38.7,11.83,0.306,22,30,37,46,60,71,91.46,3.55,47.13,40.79,6.75,0.84,0.0,24.2,74.6,1.2,1.62,1,0.011,5.6,42,stable_mid
m_3085,63097,687450,7.96,98,41.13,12.63,0.307,23,32,39,49,64,76,90.74,3.61,36.79,26.57,8.21,0.69,0.0,18.8,79.0,2.2,1.64,55,0.0189,5.7,36,stable_mid
m_3086,61861,689980,7.99,100,35.04,12.94,0.369,18,25,33,43,59,73,87.91,7.8,40.18,29.34,5.96,0.49,0.0,38.8,59.8,1.4,1.79,5,0.0356,5.6,63,stable_mid
m_3087,62167,685200,7.93,99,36.69,12.75,0.348,20,27,35,45,60,75,91.05,3.87,44.64,36.77,7.18,0.55,0.0,33.3,65.1,1.6,1.71,11,-0.01,5.5,36,stable_mid
m_3088,61219,691190,8.0,102,45.88,11.76,0.256,29,37,45,54,67,77,91.39,3.68,38.55,31.13,8.67,0.85,0.0,5.9,91.0,3.0,1.49,78,0.0224,7.9,39,stable_mid
m_3089,60838,691190,8.0,102,31.97,13.03,0.408,15,22,30,39,58,70,89.93,4.57,37.18,26.57,5.21,0.67,0.0,50.0,49.0,1.1,1.93,5,-0.0189,6.4,64,stable_mid
m_3090,63502,691190,8.0,98,46.6,11.66,0.25,29,38,46,55,67,76,90.94,3.79,45.71,40.16,8.82,0.76,0.0,5.1,91.7,3.2,1.46,32,0.0261,5.5,36,stable_mid
m_3091,61691,674690,7.81,98,41.53,11.59,0.279,25,33,40,49,62,74,91.93,3.13,45.82,37.18,7.15,0.97,0.0,14.8,83.5,1.7,1.55,12,0.0007,5.8,32,stable_mid
m_3092,61471,691190,8.0,101,48.83,10.76,0.22,32,41,48,56,67,74,91.94,3.37,45.06,42.2,11.6,1.07,0.0,2.7,94.2,3.1,1.4,5,0.0391,5.7,58,stable_mid
m_3093,61058,691190,8.0,102,41.95,12.37,0.295,25,33,40,50,64,78,87.38,7.02,45.05,37.29,8.53,0.64,0.0,15.0,82.3,2.7,1.6,22,0.0105,7.7,57,stable_mid
m_3094,59656,686470,7.95,104,38.68,13.0,0.336,21,29,37,47,63,77,90.58,3.9,50.95,41.44,5.98,0.5,0.0,27.3,70.4,2.3,1.7,96,-0.0041,5.6,57,stable_mid
m_3095,60807,684600,7.92,101,38.99,12.66,0.325,22,29,37,47,62,79,91.27,3.47,42.7,34.52,8.21,0.5,0.0,25.2,72.6,2.2,1.68,38,0.0018,5.4,63,stable_mid
m_3096,59163,691190,8.0,105,34.03,13.01,0.382,17,24,32,42,58,73,89.78,4.78,36.13,25.87,8.36,0.71,0.0,43.0,55.7,1.3,1.81,8,0.0061,5.9,63,stable_mid
m_3097,62200,691190,8.0,100,35.81,13.71,0.383,18,25,33,44,62,78,90.72,4.05,40.19,30.08,7.04,0.47,0.0,38.9,58.9,2.2,1.88,19,-0.0064,5.5,50,stable_mid
m_3098,62190,685820,7.94,99,44.63,11.77,0.264,28,36,43,52,66,77,91.71,3.31,44.94,38.17,7.99,1.05,0.0,7.9,89.2,2.9,1.53,50,0.0047,5.7,27,stable_mid
m_3099,62834,690000,7.99,99,44.84,13.14,0.293,26,35,43,54,68,77,89.69,4.71,68.09,56.79,5.13,0.16,0.0,11.7,84.3,4.1,1.58,13,-0.0173,5.9,54,stable_mid
m_3100,60293,691190,8.0,103,40.41,14.34,0.355,22,30,38,48,66,90,90.03,5.02,42.42,33.22,6.58,0.56,0.0,23.4,72.7,3.8,1.74,73,0.0338,5.6,46,stable_mid
m_3101,60716,691190,8.0,102,34.7,12.0,0.346,18,26,33,42,57,70,90.51,4.14,47.2,34.77,9.63,0.44,0.0,38.0,61.0,1.0,1.73,0,0.0027,5.6,81,stable_mid
m_3102,62329,691180,8.0,100,45.48,14.87,0.327,27,35,43,52,76,93,91.73,3.37,40.26,31.85,11.46,0.5,0.0,9.2,84.1,6.7,1.77,0,0.083,5.7,51,stable_mid
m_3103,61213,682380,7.9,100,42.64,12.4,0.291,24,33,42,51,64,74,85.93,7.81,45.72,37.48,7.54,0.74,0.0,15.9,82.1,2.0,1.52,22,-0.0287,5.6,45,stable_mid
m_3104,62645,683380,7.91,98,34.57,14.7,0.425,17,24,32,42,61,89,89.39,4.84,43.31,32.2,10.0,0.64,0.0,43.4,53.7,2.9,1.91,26,0.027,5.6,31,stable_mid
m_3105,60463,691190,8.0,103,39.33,13.87,0.353,22,29,37,47,63,90,91.21,3.4,38.13,28.7,6.67,0.54,0.0,25.5,71.3,3.2,1.7,14,0.0585,5.7,49,stable_mid
m_3106,62878,685210,7.93,98,43.67,14.91,0.341,24,33,41,52,72,89,89.9,5.38,46.69,39.83,9.71,0.77,0.0,16.3,78.1,5.7,1.76,13,0.0417,5.6,36,stable_mid
m_3107,60891,691180,8.0,102,41.3,13.08,0.317,23,31,40,50,64,81,91.37,3.43,49.09,39.79,8.49,0.64,0.0,19.7,77.5,2.8,1.6,182,0.0232,5.7,54,stable_mid
m_3108,62344,691190,8.0,100,45.91,11.06,0.241,29,37,45,54,65,74,92.02,3.27,46.14,41.85,11.25,0.97,0.0,5.2,92.7,2.2,1.44,8,0.0321,5.6,45,stable_mid
m_3109,62653,688790,7.97,99,43.06,11.78,0.273,26,34,42,51,64,74,91.31,3.62,40.98,33.05,8.89,0.76,0.0,11.9,86.2,1.9,1.52,5,-0.0069,6.5,46,stable_mid
m_3110,61194,691180,8.0,102,42.04,12.35,0.294,25,33,40,50,64,76,91.09,3.95,49.52,39.93,6.97,0.53,0.0,15.7,82.0,2.3,1.6,68,-0.0342,6.9,60,stable_mid
m_3111,62085,691190,8.0,100,43.2,12.33,0.285,26,34,42,51,65,76,90.51,4.33,49.45,41.25,7.4,0.81,0.0,13.1,84.5,2.5,1.55,3,0.0243,5.7,71,stable_mid
m_3112,59949,691190,8.0,104,46.77,13.77,0.294,29,37,45,54,72,90,86.29,6.15,48.57,39.74,17.59,0.53,0.0,5.8,88.2,6.0,1.6,4,0.0402,5.8,66,stable_mid
m_3113,62792,691190,8.0,99,32.59,14.95,0.459,15,22,30,40,59,92,88.43,5.75,37.04,24.87,5.61,0.41,0.0,50.0,47.3,2.7,1.97,21,0.0563,5.6,45,stable_mid
m_3114,61097,689990,7.99,102,4.22,0.77,0.182,3,4,4,5,6,6,85.88,0.35,22.14,17.52,1.08,0.01,73.3,26.7,0.0,0.0,1.5,0,0.0019,5.6,72,idle_pure
m_3115,60027,691190,8.0,104,44.58,12.06,0.27,27,35,43,52,66,78,88.84,5.64,50.22,43.76,9.13,0.73,0.0,9.0,87.8,3.2,1.53,9,0.0092,5.7,90,stable_mid
m_3116,62477,691190,8.0,100,40.39,12.36,0.306,24,31,39,48,63,76,87.02,6.64,45.91,36.51,6.85,0.66,0.0,19.8,77.9,2.3,1.62,31,0.029,5.6,36,stable_mid
m_3117,61288,684610,7.92,101,35.05,13.38,0.382,17,25,33,43,59,79,90.59,4.53,44.37,34.77,7.01,0.53,0.0,38.6,59.5,1.9,1.79,169,0.0148,5.6,63,stable_mid
m_3118,63049,691070,8.0,99,2.26,0.54,0.241,2,2,2,3,3,4,76.45,1.41,8.35,6.05,0.92,0.1,99.9,0.1,0.0,0.0,1.5,0,0.0029,6.5,45,idle_pure
m_3119,63322,691180,8.0,98,42.2,12.03,0.285,26,33,41,50,64,77,90.58,4.0,46.59,36.81,7.0,0.51,0.0,14.3,83.5,2.2,1.56,0,0.0047,5.6,28,stable_mid
m_3120,62610,689110,7.98,99,30.36,12.21,0.402,14,21,28,38,53,67,90.93,3.38,38.13,27.38,4.63,0.47,0.0,53.6,45.5,0.8,1.89,7,0.0158,5.6,29,stable_mid
m_3121,61527,689100,7.98,101,43.51,12.02,0.276,26,34,42,51,65,76,90.33,4.18,47.67,38.37,10.45,0.39,0.0,11.2,86.3,2.5,1.55,6,-0.0236,5.5,63,stable_mid
m_3122,60539,688000,7.96,102,43.91,12.59,0.287,26,34,43,52,66,77,85.97,7.32,41.39,33.51,7.27,0.84,0.0,11.6,85.3,3.1,1.53,55,0.0502,5.6,48,stable_mid
m_3123,62635,691190,8.0,99,36.14,13.73,0.38,18,26,33,44,62,79,88.25,5.97,35.82,26.51,10.45,0.49,0.0,37.2,60.6,2.3,1.88,38,-0.0344,5.7,45,stable_mid
m_3124,60072,690520,7.99,103,47.34,11.73,0.248,30,38,46,56,68,77,90.75,4.1,46.84,39.61,8.54,0.9,0.0,3.5,92.7,3.8,1.48,30,0.0141,5.7,66,stable_mid
m_3125,63958,691190,8.0,97,2.84,0.59,0.208,2,3,3,3,4,5,89.03,1.35,21.6,16.82,1.01,0.0,98.5,1.5,0.0,0.0,1.33,0,0.0044,5.4,26,idle_pure
m_3126,58485,691190,8.0,106,33.49,12.88,0.384,16,24,32,41,57,72,90.71,3.86,40.43,30.67,5.29,0.58,0.0,43.2,55.5,1.3,1.78,11,0.0154,8.8,81,stable_mid
m_3127,62274,691190,8.0,100,45.4,12.06,0.266,28,36,44,54,67,77,91.66,3.55,42.24,35.92,8.12,0.7,0.0,7.3,89.4,3.3,1.52,0,0.0278,7.5,38,stable_mid
m_3128,62962,691190,8.0,99,37.97,15.61,0.411,19,27,35,46,66,95,89.6,4.23,51.56,43.63,6.18,0.43,0.0,33.5,62.4,4.0,1.89,170,0.0576,5.7,27,stable_mid
m_3129,63158,691190,8.0,98,44.54,15.33,0.344,25,33,42,53,77,89,89.32,4.73,41.97,32.82,11.45,0.33,0.0,14.8,78.0,7.1,1.83,57,0.0581,6.1,36,stable_mid
m_3130,60664,689400,7.98,102,34.2,15.68,0.458,14,22,31,43,64,80,87.63,5.25,44.57,32.52,5.02,0.54,0.0,45.8,51.1,3.1,2.06,83,-0.0406,6.6,70,stable_mid
m_3131,60176,691070,8.0,103,41.51,14.05,0.339,23,31,39,49,67,90,91.6,3.46,38.26,29.91,8.75,0.74,0.0,19.7,76.2,4.1,1.72,49,0.0445,5.6,54,stable_mid
m_3132,62375,691190,8.0,100,42.62,11.69,0.274,26,34,41,50,63,74,91.76,3.3,41.89,36.21,9.28,0.9,0.0,12.8,85.4,1.8,1.54,32,0.0104,5.7,54,stable_mid
m_3133,61500,691180,8.0,101,44.78,13.66,0.305,27,35,42,52,71,87,91.38,3.5,46.64,40.74,3.81,0.45,0.0,8.9,85.7,5.4,1.69,41,0.0663,5.4,86,stable_mid
m_3134,63812,691020,8.0,97,32.91,12.71,0.386,16,23,31,40,56,71,89.19,6.29,42.24,31.39,5.81,0.51,0.0,45.7,53.1,1.2,1.81,7,0.0118,5.7,36,stable_mid
m_3135,59952,691190,8.0,104,44.02,12.91,0.293,26,34,42,53,67,79,92.01,3.17,46.0,39.39,9.48,0.7,0.0,12.0,84.5,3.5,1.6,65,0.008,5.5,82,stable_mid
m_3136,61480,691180,8.0,101,45.11,12.45,0.276,27,35,44,54,67,79,90.56,4.27,46.33,37.75,60.88,1.02,0.0,9.0,87.9,3.2,1.52,7,0.0429,6.0,56,stable_mid
m_3137,61785,691190,8.0,101,53.0,10.79,0.204,36,45,53,61,72,78,90.75,4.04,47.42,41.46,53.13,0.58,0.0,0.4,93.0,6.6,1.36,0,0.0426,5.7,54,stable_high
m_3138,62231,688510,7.97,100,49.01,10.72,0.219,33,41,48,56,68,75,91.11,3.81,43.08,35.58,9.58,0.58,0.0,1.2,95.1,3.8,1.42,10,0.0259,5.6,53,stable_mid
m_3139,60898,691190,8.0,102,41.17,13.27,0.322,23,31,39,50,66,78,90.34,4.21,47.48,39.41,7.23,0.73,0.0,20.8,76.2,3.0,1.69,43,0.0123,5.4,60,stable_mid
m_3140,62450,690120,7.99,99,34.05,12.94,0.38,16,24,33,42,57,71,90.1,4.34,42.57,30.7,6.23,0.53,0.0,41.3,57.6,1.1,1.73,5,-0.0036,5.9,54,stable_mid
m_3141,60499,684790,7.93,102,37.26,12.14,0.326,21,28,35,44,60,73,91.29,3.79,51.6,38.43,6.86,0.47,0.0,29.4,69.3,1.3,1.71,2,-0.0102,5.7,63,stable_mid
m_3142,62113,691190,8.0,100,31.34,13.24,0.422,14,21,29,39,55,71,90.27,4.13,34.83,23.69,5.28,0.6,0.1,50.4,48.4,1.1,1.9,21,0.0118,5.6,72,stable_mid
m_3143,60992,691190,8.0,102,46.61,10.79,0.231,31,38,46,54,66,74,90.73,4.08,49.25,56.41,8.7,0.9,0.0,3.4,94.4,2.2,1.43,0,-0.0023,5.7,65,stable_mid
m_3144,61370,691190,8.0,101,34.81,15.74,0.452,16,24,32,42,63,93,90.39,3.95,39.56,27.48,5.48,0.44,0.0,43.6,52.6,3.8,1.97,13,0.0633,5.9,51,stable_mid
m_3145,60957,691190,8.0,102,44.06,12.61,0.286,26,35,42,52,68,78,91.11,4.98,44.89,37.4,8.86,0.75,0.0,10.9,84.9,4.1,1.62,92,0.0379,5.4,45,stable_mid
m_3146,63623,683330,7.91,97,46.66,11.37,0.244,30,38,46,54,66,76,90.64,3.71,40.27,33.29,9.37,0.76,0.0,4.3,92.9,2.8,1.43,3,0.026,5.6,36,stable_mid
m_3147,63055,691190,8.0,99,33.64,14.14,0.42,15,23,31,42,60,78,88.64,4.78,42.32,31.52,7.35,0.51,0.0,45.0,53.1,1.9,1.94,55,0.0239,5.6,35,stable_mid
m_3148,60549,691190,8.0,103,49.1,10.89,0.222,33,41,48,56,68,76,90.17,5.14,45.64,38.36,8.53,0.95,0.0,2.0,94.0,4.0,1.42,19,0.0131,6.9,60,stable_mid
m_3149,60432,683100,7.91,102,31.21,13.92,0.446,12,21,29,39,57,73,89.98,4.22,41.83,28.78,5.13,0.6,0.1,50.9,47.6,1.3,1.97,42,-0.0,5.6,64,stable_mid
m_3150,61794,681830,7.89,99,45.03,14.57,0.324,26,34,43,53,74,89,91.28,3.43,53.38,39.85,8.06,0.53,0.0,11.2,82.8,6.0,1.72,33,0.0674,5.5,54,stable_mid
m_3151,62599,684000,7.92,98,44.5,11.96,0.269,27,35,43,53,66,76,91.64,3.34,45.75,40.94,10.58,0.83,0.0,9.1,88.2,2.6,1.53,1,0.0195,5.8,27,stable_mid
m_3152,63297,691190,8.0,98,30.34,12.38,0.408,14,22,28,37,53,68,85.56,8.7,39.63,27.58,4.38,0.53,0.1,54.1,44.9,0.9,1.89,5,0.0046,5.6,36,stable_mid
m_3153,60868,691190,8.0,102,47.67,10.34,0.217,32,40,47,55,65,74,90.7,3.89,48.22,42.25,10.85,0.78,0.0,2.9,95.0,2.1,1.38,36,0.0162,6.1,56,stable_mid
m_3154,63069,691190,8.0,99,46.94,13.01,0.277,29,37,45,55,70,85,91.63,3.44,44.97,37.98,9.94,0.69,0.0,5.7,88.9,5.3,1.56,44,0.0495,5.6,45,stable_mid
m_3155,63100,691190,8.0,99,33.77,13.03,0.386,17,24,31,41,58,73,89.75,4.71,39.24,27.87,8.6,0.69,0.0,44.0,54.6,1.4,1.87,5,-0.003,5.7,45,stable_mid
m_3156,62019,687460,7.96,100,34.38,12.46,0.362,18,25,32,42,57,73,89.81,4.42,38.62,27.7,5.89,0.63,0.0,40.0,58.6,1.4,1.78,7,0.0126,5.9,54,stable_mid
m_3157,61510,687910,7.96,101,49.48,11.1,0.224,33,41,49,57,69,76,90.54,4.3,49.58,41.98,9.92,0.39,0.0,1.8,93.8,4.4,1.41,3,-0.0341,5.6,43,stable_mid
m_3158,61739,689990,7.99,101,33.57,13.0,0.387,16,24,32,41,57,72,89.45,4.27,42.53,30.75,5.41,0.38,0.0,42.6,56.1,1.3,1.78,8,0.0149,5.6,54,stable_mid
m_3159,61391,691180,8.0,101,35.1,14.64,0.417,17,24,32,43,62,91,90.06,4.26,40.73,28.93,6.11,0.49,0.0,42.0,55.3,2.7,1.94,29,-0.0033,5.6,54,stable_mid
m_3160,61496,691190,8.0,101,14.55,2.47,0.17,11,13,15,16,19,21,89.11,1.39,28.3,27.09,5.11,0.92,0.0,100.0,0.0,0.0,1.27,0,0.0042,5.5,50,stable_low
m_3161,63398,691190,8.0,98,38.72,12.44,0.321,23,29,36,46,62,78,90.13,5.5,43.51,34.05,6.93,0.62,0.0,25.1,72.8,2.1,1.72,57,0.0195,5.9,36,stable_mid
m_3162,62300,691190,8.0,100,48.74,12.0,0.246,30,40,48,57,68,79,91.43,3.44,45.32,39.35,8.26,0.81,0.0,4.2,91.5,4.4,1.42,93,0.0499,5.5,54,stable_mid
m_3163,61772,688870,7.97,100,41.07,15.85,0.386,21,30,38,49,70,93,91.41,3.61,40.62,29.98,8.93,0.36,0.0,24.2,70.7,5.1,1.84,0,0.0614,5.6,63,stable_mid
m_3164,60955,691190,8.0,102,45.15,12.51,0.277,28,35,43,53,68,78,91.27,3.39,42.96,37.25,8.4,0.89,0.0,7.4,88.5,4.1,1.58,114,0.0162,5.5,51,stable_mid
m_3165,61240,691190,8.0,102,44.34,11.61,0.262,28,35,43,52,65,76,91.32,3.73,39.09,31.28,7.28,0.63,0.0,7.7,90.0,2.3,1.51,2,-0.002,7.1,63,stable_mid
m_3166,62499,684800,7.93,99,44.42,13.78,0.31,25,34,43,54,70,78,88.47,5.16,40.53,30.84,7.59,0.72,0.0,14.2,80.8,5.0,1.63,55,-0.0021,5.6,36,stable_mid
m_3167,63178,691190,8.0,98,33.28,16.85,0.506,14,22,30,40,64,95,81.98,17.32,11.34,7.98,5.17,0.53,0.0,49.4,46.3,4.3,2.13,5,0.0764,5.6,45,stable_mid
m_3168,59155,688790,7.97,105,46.65,10.73,0.23,31,39,46,54,66,75,87.96,5.13,44.93,38.76,9.78,0.93,0.0,2.9,94.6,2.4,1.43,1,0.0057,5.5,76,stable_mid
m_3169,62230,689990,7.99,100,31.28,13.17,0.421,14,21,29,39,56,71,89.05,5.21,41.38,30.39,6.57,0.55,0.0,51.4,47.4,1.2,1.93,19,0.0144,6.2,45,stable_mid
m_3170,63111,691190,8.0,99,5.9,1.58,0.267,3,5,6,7,8,9,87.04,0.71,22.01,17.92,1.8,0.02,23.7,76.3,0.0,0.0,1.33,0,0.0022,5.6,50,stable_low
m_3171,58810,678280,7.85,104,41.9,13.67,0.326,24,32,40,50,66,88,91.08,3.68,37.96,27.93,7.73,0.54,0.0,17.9,78.1,4.0,1.65,46,0.0589,6.0,108,stable_mid
m_3172,60328,691190,8.0,103,40.71,11.41,0.28,25,32,39,48,62,73,91.6,3.29,35.79,29.02,8.14,1.06,0.0,15.5,83.0,1.5,1.59,7,0.0025,5.7,75,stable_mid
m_3173,62764,684290,7.92,98,47.41,13.23,0.279,28,37,46,56,71,80,90.97,3.74,47.3,38.54,9.48,0.81,0.0,7.1,86.4,6.5,1.54,215,0.0333,5.7,26,stable_mid
m_3174,61221,691180,8.0,102,32.83,12.68,0.386,16,23,31,40,56,71,87.74,7.15,17.74,12.15,5.1,0.62,0.0,45.4,53.4,1.2,1.81,6,0.0057,5.6,67,stable_mid
m_3175,61784,689110,7.98,100,38.53,13.96,0.362,19,28,36,47,64,81,91.37,3.46,42.31,32.63,7.67,0.48,0.0,28.7,68.4,2.9,1.78,176,0.003,5.6,45,stable_mid
m_3176,59365,689080,7.98,104,59.2,19.04,0.322,22,45,68,74,78,80,83.64,13.42,22.74,19.87,12.48,0.42,0.0,12.8,41.5,45.7,1.15,156,0.0158,7.5,67,stable_high
m_3177,61702,684430,7.92,100,31.82,12.22,0.384,16,23,30,39,54,69,90.52,4.0,43.18,33.88,8.87,0.39,0.0,49.1,50.0,1.0,1.8,5,-0.0158,5.7,47,stable_mid
m_3178,61422,691190,8.0,101,42.82,15.09,0.352,24,32,40,50,73,90,88.88,6.18,50.47,41.74,7.75,0.54,0.0,17.9,76.2,5.8,1.82,7,0.0512,5.6,59,stable_mid
m_3179,62534,678480,7.85,98,38.51,16.62,0.432,19,27,35,45,72,96,91.75,3.27,40.16,30.1,6.5,0.33,0.0,31.9,62.8,5.3,2.06,83,0.0707,5.6,37,stable_mid
m_3180,62461,691180,8.0,100,43.61,13.36,0.306,26,34,41,51,67,88,90.84,4.08,46.9,37.69,7.9,0.49,0.0,12.1,83.9,4.0,1.63,3,0.0483,5.7,45,stable_mid
m_3181,61773,691190,8.0,101,38.14,12.56,0.329,21,29,36,46,61,76,90.37,4.46,48.93,37.79,7.08,0.55,0.0,27.9,70.2,1.9,1.69,4,0.0091,5.6,54,stable_mid
m_3182,61984,691190,8.0,100,43.31,12.23,0.282,25,34,43,52,64,73,86.49,8.6,40.4,29.31,4.7,0.7,0.0,13.8,84.2,2.0,1.49,2,0.0417,5.6,56,stable_mid
m_3183,62459,691190,8.0,100,35.64,12.83,0.36,19,26,33,43,59,75,91.84,3.7,39.72,29.82,6.84,0.48,0.0,37.1,61.5,1.5,1.79,19,-0.0009,5.6,54,stable_mid
m_3184,60426,689410,7.98,103,42.56,14.93,0.351,24,32,39,50,74,86,90.33,4.18,46.24,38.84,7.83,0.44,0.0,18.0,75.9,6.1,1.9,121,0.045,5.5,50,stable_mid
m_3185,62428,678200,7.85,98,45.55,11.76,0.258,28,37,45,54,66,76,90.61,3.91,46.72,40.39,8.87,0.83,0.0,7.2,90.3,2.5,1.47,9,0.0046,6.1,27,stable_mid
m_3186,61369,691180,8.0,101,43.59,11.33,0.26,28,35,42,51,64,75,92.04,3.05,45.58,40.0,9.86,0.7,0.0,8.6,89.4,2.0,1.52,6,0.0296,5.5,54,stable_mid
m_3187,60850,681840,7.89,101,38.06,12.81,0.337,20,28,36,46,62,74,92.28,2.95,40.53,31.61,32.6,0.46,0.0,28.2,70.0,1.8,1.72,1,0.0387,7.4,55,stable_mid
m_3188,60838,690680,7.99,102,37.51,12.85,0.343,20,28,36,45,60,76,91.03,4.28,39.31,29.52,7.55,0.38,0.0,30.1,68.1,1.8,1.67,11,-0.0086,5.7,63,stable_mid
m_3189,60224,682510,7.9,102,41.73,14.64,0.351,23,31,39,49,70,88,91.66,3.26,34.13,30.1,7.5,0.53,0.0,19.5,75.5,5.0,1.79,59,0.0669,5.5,63,stable_mid
m_3190,62247,691190,8.0,100,47.41,13.02,0.275,28,38,46,56,70,82,91.56,3.47,42.07,36.54,8.62,0.69,0.0,7.0,87.8,5.2,1.52,49,0.034,5.5,48,stable_mid
m_3191,60235,686990,7.95,103,32.16,14.23,0.443,14,22,29,40,59,80,90.01,4.39,40.44,29.17,5.2,0.41,0.0,50.3,47.6,2.1,2.03,286,0.0007,5.7,63,stable_mid
m_3192,62304,691190,8.0,100,40.67,15.22,0.374,23,30,37,48,70,89,89.83,4.34,43.31,32.99,5.75,0.21,0.0,24.4,70.4,5.1,1.89,0,0.0907,5.6,43,stable_mid
m_3193,62432,691190,8.0,100,46.65,12.35,0.265,29,37,45,55,68,79,86.98,6.23,40.6,31.29,10.1,0.89,0.0,5.7,90.2,4.1,1.51,118,0.0264,5.6,56,stable_mid
m_3194,59160,665090,7.7,101,8.71,17.52,2.011,0,0,0,3,48,66,22.01,31.38,0.56,0.57,1.25,0.0,79.1,4.0,16.2,0.8,48.0,3,0.22,5.6,50,bursty
m_3195,61462,687100,7.95,101,33.66,14.24,0.423,17,24,31,41,59,91,86.2,9.46,40.75,29.35,9.58,0.43,0.0,45.1,52.3,2.6,1.9,13,0.0337,5.6,51,stable_mid
m_3196,60041,691190,8.0,104,28.99,13.2,0.455,12,19,27,37,53,70,90.17,3.98,39.19,28.43,5.18,0.71,0.0,58.3,40.6,1.0,1.96,19,0.0069,5.7,64,stable_mid
m_3197,61499,691190,8.0,101,39.19,13.38,0.341,21,29,37,47,63,80,91.26,3.67,46.37,35.27,9.16,0.42,0.0,25.7,71.5,2.8,1.7,171,0.0243,5.5,72,stable_mid
m_3198,62945,689710,7.98,99,48.79,12.13,0.249,30,39,48,58,69,77,91.2,3.69,58.53,37.63,4.67,0.37,0.0,3.9,91.3,4.8,1.44,46,0.0097,5.4,36,stable_mid
m_3199,62289,691190,8.0,100,40.17,12.22,0.304,24,31,38,48,62,75,91.3,3.75,48.79,40.7,6.35,0.73,0.0,20.3,77.8,1.9,1.63,36,0.0249,5.6,45,stable_mid
m_3200,63121,691170,8.0,99,41.93,12.05,0.288,25,33,40,49,64,77,91.7,3.76,36.38,28.07,9.47,0.69,0.0,14.9,82.8,2.3,1.6,4,0.0044,5.7,37,stable_mid
m_3201,62752,685840,7.94,98,46.67,10.61,0.227,31,39,45,54,66,75,91.96,3.12,44.02,35.19,7.98,0.4,0.0,2.5,95.0,2.5,1.47,0,0.0018,5.7,35,stable_mid
m_3202,61616,691180,8.0,101,38.82,12.68,0.326,22,29,37,46,62,78,91.78,3.37,42.7,34.21,8.39,0.55,0.0,25.3,72.5,2.2,1.68,48,0.0188,5.6,54,stable_mid
m_3203,60542,691190,8.0,103,39.53,12.27,0.31,23,30,38,47,61,76,91.23,3.49,47.16,39.3,6.99,0.75,0.0,22.7,75.5,1.8,1.61,4,0.0164,5.6,76,stable_mid
m_3204,62466,691180,8.0,100,41.51,12.0,0.289,25,32,40,49,63,75,91.86,3.29,42.36,35.0,9.72,0.99,0.0,16.3,81.8,2.0,1.58,16,0.0116,5.6,36,stable_mid
m_3205,63162,689460,7.98,98,43.02,11.95,0.278,26,34,41,51,64,76,91.07,3.65,46.0,38.91,3.59,0.48,0.0,10.8,87.0,2.2,1.56,0,0.0218,5.7,37,stable_mid
m_3206,61214,681010,7.88,100,31.4,12.42,0.395,15,22,30,39,54,70,90.4,4.36,42.19,32.5,5.47,0.52,0.0,49.7,49.2,1.0,1.8,14,-0.0263,5.5,45,stable_mid
m_3207,60398,664980,7.7,99,8.07,16.45,2.038,0,0,0,3,45,62,21.89,30.74,0.55,0.55,1.27,0.0,79.7,4.9,14.8,0.6,45.0,3,0.2011,5.6,46,bursty
m_3208,60779,691190,8.0,102,48.51,12.56,0.259,30,39,47,57,71,79,91.17,3.52,46.42,38.41,9.46,0.59,0.0,3.7,90.0,6.3,1.51,111,-0.0036,5.7,71,stable_mid
m_3209,61322,691190,8.0,101,42.19,11.01,0.261,26,34,41,49,61,74,91.94,3.07,44.77,36.77,7.74,0.73,0.0,11.6,86.8,1.5,1.49,7,0.0172,5.6,60,stable_mid
m_3210,61355,683100,7.91,100,44.76,11.41,0.255,29,36,43,53,65,74,88.05,4.9,38.29,29.57,8.89,0.81,0.0,6.3,91.5,2.2,1.51,0,0.0179,5.7,54,stable_mid
m_3211,61817,691190,8.0,101,37.97,13.71,0.361,20,28,36,45,63,83,91.72,3.36,40.67,32.44,7.62,0.46,0.0,30.0,67.1,3.0,1.75,260,-0.0006,5.5,45,stable_mid
m_3212,61428,691190,8.0,101,36.56,12.93,0.354,20,27,34,44,60,75,88.51,7.53,35.55,24.87,6.65,0.56,0.0,33.6,64.7,1.7,1.76,78,0.046,5.8,48,stable_mid
m_3213,61722,691180,8.0,101,39.62,14.3,0.361,21,29,37,47,65,92,91.83,3.33,38.93,30.53,7.93,0.4,0.0,26.0,70.6,3.4,1.76,8,0.0414,5.5,63,stable_mid
m_3214,62491,690680,7.99,99,37.79,12.05,0.319,22,29,36,45,60,74,91.08,3.49,44.61,34.1,8.17,0.67,0.0,27.4,71.1,1.5,1.67,9,0.0103,6.2,45,stable_mid
m_3215,61343,691180,8.0,101,52.36,13.34,0.255,31,42,52,64,73,78,90.87,3.93,37.46,28.66,11.66,0.42,0.0,3.9,85.9,10.2,1.4,67,0.0945,5.5,46,stable_high
m_3216,61945,688900,7.97,100,44.76,12.15,0.271,28,35,43,53,67,77,90.12,5.27,42.74,35.73,8.73,0.86,0.0,8.0,88.6,3.3,1.56,28,0.0388,5.6,46,stable_mid
m_3217,61819,677510,7.84,99,6.33,1.13,0.179,5,6,6,7,8,9,86.95,0.26,26.12,20.3,1.07,0.03,4.5,95.5,0.0,0.0,1.33,0,0.0042,5.6,54,stable_low
m_3218,60133,691190,8.0,103,34.93,12.65,0.362,18,25,33,42,58,73,91.62,3.52,46.77,36.72,7.27,0.63,0.0,38.3,60.3,1.4,1.76,23,-0.0235,6.7,53,stable_mid
m_3219,60571,691070,8.0,103,40.2,13.88,0.345,23,30,38,47,65,89,90.97,3.96,39.22,30.84,7.52,0.4,0.0,22.2,74.0,3.8,1.71,58,0.0574,5.5,55,stable_mid
m_3220,58114,683860,7.92,106,47.28,11.0,0.233,31,39,46,55,66,75,90.33,5.53,44.34,36.44,7.57,0.91,0.0,2.6,94.6,2.9,1.43,11,0.0213,5.6,81,stable_mid
m_3221,62578,691180,8.0,99,46.76,10.86,0.232,31,38,46,54,66,74,92.37,3.05,44.01,37.73,11.38,0.84,0.0,3.2,94.3,2.5,1.43,0,0.0006,5.4,60,stable_mid
m_3222,59895,689030,7.97,104,42.75,13.46,0.315,25,33,41,50,67,86,91.69,3.2,39.07,30.23,8.68,0.7,0.0,14.4,81.2,4.3,1.63,136,0.0345,5.7,77,stable_mid
m_3223,60898,691190,8.0,102,41.36,12.68,0.307,24,32,40,49,65,78,89.53,4.59,48.02,39.21,8.48,0.49,0.0,18.3,78.9,2.7,1.62,89,0.0109,5.4,63,stable_mid
m_3224,61857,690110,7.99,100,36.76,13.41,0.365,18,27,35,44,61,80,87.46,6.55,50.34,35.0,6.92,0.46,0.0,32.0,65.7,2.3,1.74,153,-0.0085,7.6,36,stable_mid
m_3225,61594,688790,7.97,101,39.43,13.33,0.338,22,29,37,48,64,80,88.14,5.66,52.87,39.71,9.36,0.56,0.0,25.5,71.8,2.7,1.73,45,0.0186,5.6,54,stable_mid
m_3226,61981,688010,7.96,100,36.75,12.93,0.352,20,27,35,45,60,76,89.57,5.0,46.25,35.73,7.58,0.39,0.0,34.2,64.1,1.7,1.71,19,0.0361,5.5,27,stable_mid
m_3227,62550,689410,7.98,99,46.38,14.26,0.307,27,36,45,55,73,87,91.54,3.56,40.26,33.79,10.19,0.63,0.0,9.6,84.3,6.1,1.62,61,0.0578,5.6,45,stable_mid
m_3228,60614,691190,8.0,103,40.11,12.62,0.315,23,31,38,48,64,76,90.41,4.23,49.67,39.16,7.73,0.5,0.0,21.5,76.1,2.4,1.68,10,0.0017,5.7,63,stable_mid
m_3229,63125,691190,8.0,99,40.46,14.18,0.351,21,30,38,49,67,79,88.54,5.29,73.29,64.57,12.38,0.22,0.0,24.7,71.7,3.6,1.76,18,-0.0524,5.7,36,stable_mid
m_3230,62593,691190,8.0,99,39.54,12.77,0.323,22,30,38,48,62,75,89.36,5.67,44.9,35.4,7.48,0.5,0.0,24.5,73.5,2.0,1.63,10,0.0076,5.5,49,stable_mid
m_3231,60487,691190,8.0,103,45.84,11.62,0.253,29,37,44,54,66,76,91.94,3.14,45.61,40.75,9.72,0.86,0.0,5.6,91.7,2.8,1.5,2,0.0241,5.8,63,stable_mid
m_3232,61008,691190,8.0,102,42.82,12.16,0.284,25,34,41,51,65,75,91.49,3.47,43.13,32.66,7.83,0.53,0.0,13.5,84.1,2.5,1.59,0,0.0271,5.4,65,stable_mid
m_3233,61333,691190,8.0,101,45.85,12.3,0.268,28,37,44,54,68,79,91.16,4.04,46.2,37.97,7.54,0.52,0.0,7.0,88.9,4.2,1.55,30,0.0155,5.7,62,stable_mid
m_3234,61883,691190,8.0,101,51.3,16.51,0.322,28,38,48,67,80,84,91.23,3.43,46.56,38.35,11.11,0.71,0.0,6.4,74.2,19.3,1.67,169,0.0943,5.5,36,stable_high
m_3235,61267,686460,7.95,101,3.86,0.66,0.171,3,3,4,4,5,6,91.54,0.63,21.68,16.82,1.03,0.0,87.9,12.1,0.0,0.0,1.25,0,0.0026,5.6,39,idle_pure
m_3236,60211,691190,8.0,103,36.79,13.02,0.354,19,27,35,45,60,77,90.24,4.67,39.35,30.03,11.54,0.61,0.0,33.3,64.9,1.8,1.71,106,-0.0064,8.6,45,stable_mid
m_3237,59882,691190,8.0,104,36.46,12.82,0.352,19,27,35,44,59,76,91.06,4.1,46.94,36.21,7.05,0.51,0.0,33.9,64.5,1.6,1.69,14,0.0112,5.6,81,stable_mid
m_3238,63649,687470,7.96,97,43.92,12.24,0.279,27,35,42,52,66,78,89.81,5.56,43.36,35.44,8.29,0.94,0.0,10.7,86.3,3.1,1.57,5,0.0271,5.7,36,stable_mid
m_3239,62172,691180,8.0,100,38.97,12.72,0.326,21,29,37,47,62,76,90.76,3.87,45.99,36.15,7.54,0.54,0.0,25.7,72.3,1.9,1.68,61,0.0504,6.5,54,stable_mid
m_3240,60635,691180,8.0,103,37.92,12.4,0.327,21,29,36,45,60,78,91.01,4.1,43.51,33.76,6.47,0.63,0.0,27.1,70.7,2.1,1.67,77,0.0003,8.3,85,stable_mid
m_3241,63123,691190,8.0,99,42.68,12.28,0.288,25,33,41,51,65,74,90.86,3.79,47.66,41.38,9.29,0.72,0.0,13.7,83.9,2.4,1.59,42,0.0212,6.2,37,stable_mid
m_3242,61244,681890,7.89,100,36.45,16.37,0.449,17,25,34,44,66,93,90.16,3.93,42.94,32.6,6.23,0.58,0.0,38.4,57.1,4.6,1.94,11,0.0749,5.5,54,stable_mid
m_3243,60251,682750,7.9,102,46.44,14.08,0.303,27,36,45,55,74,86,91.59,3.55,50.18,40.89,7.53,0.7,0.0,8.9,85.0,6.2,1.64,2,0.0415,5.6,64,stable_mid
m_3244,64589,690120,7.99,96,44.07,12.44,0.282,27,35,42,52,66,85,91.29,3.76,44.61,38.4,7.6,0.55,0.0,9.1,87.4,3.5,1.57,31,0.033,6.1,9,stable_mid
m_3245,62101,691170,8.0,100,46.52,15.48,0.333,25,35,44,57,75,88,89.58,4.74,44.43,36.54,11.57,0.62,0.0,12.1,80.0,7.9,1.7,159,0.0385,5.5,54,stable_mid
m_3246,60663,691190,8.0,103,31.68,12.6,0.398,16,22,29,39,55,72,90.48,3.72,41.88,31.26,5.98,0.76,0.0,50.9,48.0,1.2,1.9,17,0.0227,9.5,72,stable_mid
m_3247,61311,691190,8.0,101,45.3,15.07,0.333,25,34,43,54,74,87,88.91,5.17,46.14,36.86,20.81,0.67,0.0,13.9,78.1,8.0,1.72,53,0.0732,5.7,55,stable_mid
m_3248,59728,686400,7.94,103,31.84,12.22,0.384,15,23,30,39,54,68,90.89,3.84,39.25,28.46,4.99,0.42,0.0,48.5,50.6,0.9,1.8,2,0.0047,5.6,64,stable_mid
m_3249,61559,691190,8.0,101,40.74,15.66,0.384,22,29,38,48,71,92,91.43,3.64,43.41,34.23,7.52,0.49,0.0,25.0,69.7,5.2,1.87,72,0.0679,5.6,54,stable_mid
m_3250,62372,691190,8.0,100,39.39,14.73,0.374,21,29,37,46,68,87,92.16,3.19,43.53,36.42,8.2,0.72,0.0,26.9,68.4,4.7,1.84,12,0.0645,5.7,54,stable_mid
m_3251,62597,684280,7.92,98,4.53,1.1,0.242,3,4,5,5,6,7,89.7,0.73,20.15,15.55,1.04,0.89,48.4,51.6,0.0,0.0,1.2,0,0.0024,5.7,45,idle_pure
m_3252,60662,677510,7.84,101,44.42,11.52,0.259,28,36,43,51,66,77,91.77,3.25,46.45,40.72,3.74,0.64,0.0,6.9,90.1,3.0,1.53,46,0.0047,5.7,72,stable_mid
m_3253,61193,686410,7.94,101,32.22,13.35,0.414,14,22,30,40,56,72,89.65,4.48,40.97,29.2,5.55,0.59,0.0,47.4,51.4,1.2,1.87,23,-0.0017,5.6,54,stable_mid
m_3254,61637,691190,8.0,101,41.12,12.38,0.301,24,32,39,49,64,76,90.81,3.97,38.63,28.93,6.75,0.48,0.0,18.2,79.6,2.3,1.64,2,0.0291,5.5,63,stable_mid
m_3255,61984,691190,8.0,100,47.63,13.05,0.274,30,38,46,55,74,86,91.24,3.48,42.85,34.21,8.98,0.64,0.0,4.3,89.4,6.3,1.61,22,0.0547,5.6,54,stable_mid
m_3256,62447,691190,8.0,100,41.75,12.75,0.305,24,32,40,50,65,78,91.61,3.3,49.48,37.88,7.53,0.63,0.0,17.5,79.8,2.7,1.62,47,0.0236,5.6,54,stable_mid
m_3257,61531,691190,8.0,101,4.67,1.12,0.24,3,4,5,5,7,8,92.06,1.16,22.74,15.75,1.07,0.0,44.8,55.2,0.0,0.0,1.4,0,0.0054,5.9,54,idle_pure
m_3258,61713,691190,8.0,101,45.64,12.25,0.268,29,37,44,53,67,82,91.16,3.72,45.94,39.31,9.25,0.77,0.0,6.3,89.7,4.0,1.52,38,0.0371,5.4,54,stable_mid
m_3259,61574,691190,8.0,101,36.01,13.03,0.362,18,26,34,43,59,78,91.93,3.24,40.89,30.28,6.66,0.5,0.0,35.0,63.3,1.8,1.74,69,0.042,5.5,63,stable_mid
m_3260,61786,687900,7.96,100,36.18,16.4,0.453,17,25,33,43,67,95,89.6,4.65,43.94,32.78,6.13,0.44,0.0,39.1,56.4,4.5,2.03,1,0.0689,6.1,54,stable_mid
m_3261,60334,689990,7.99,103,40.08,11.41,0.285,24,31,39,48,60,71,92.52,2.99,44.51,40.71,12.39,0.84,0.0,19.3,79.5,1.2,1.54,10,-0.0137,5.6,55,stable_mid
m_3262,61125,691180,8.0,102,41.32,13.18,0.319,23,31,39,50,65,79,91.88,3.17,40.69,31.93,6.72,0.5,0.0,19.4,77.5,3.2,1.67,107,0.0194,5.7,54,stable_mid
m_3263,61502,689110,7.98,101,33.32,12.41,0.372,17,24,31,40,56,73,90.65,3.98,43.75,33.44,6.19,0.54,0.0,43.7,55.0,1.3,1.81,2,0.0099,6.7,55,stable_mid
m_3264,62176,689990,7.99,100,43.17,11.87,0.275,26,34,42,51,64,76,91.18,3.48,44.95,37.73,7.53,0.6,0.0,11.3,86.4,2.3,1.52,1,0.0199,5.5,46,stable_mid
m_3265,62810,691180,8.0,99,44.52,11.71,0.263,28,36,43,52,65,77,91.04,3.8,34.98,28.48,8.64,0.64,0.0,8.2,89.2,2.6,1.51,1,0.0042,5.6,45,stable_mid
m_3266,63193,691190,8.0,98,37.64,12.65,0.336,21,28,35,45,61,77,90.81,4.3,35.29,27.39,6.87,0.6,0.0,29.5,68.3,2.2,1.74,33,0.0145,5.6,27,stable_mid
m_3267,63870,691190,8.0,97,44.87,13.34,0.297,26,35,43,54,68,78,89.84,4.59,48.93,39.56,8.34,0.69,0.0,12.0,83.6,4.4,1.58,83,-0.0051,5.7,9,stable_mid
m_3268,63256,682580,7.9,97,0.02,0.14,7.259,0,0,0,0,0,1,4.94,0.41,0.03,0.01,0.02,0.28,100.0,0.0,0.0,0.0,0.0,0,0.0002,5.5,28,bursty
m_3269,60137,691190,8.0,103,35.94,15.92,0.443,18,25,32,43,67,92,89.2,4.89,38.68,29.12,5.51,0.65,0.0,40.1,55.3,4.6,2.09,6,0.0804,5.6,81,stable_mid
m_3270,59107,691190,8.0,105,43.23,12.46,0.288,26,34,42,51,66,78,90.72,3.9,43.21,34.19,8.05,0.81,0.0,12.9,84.1,2.9,1.57,32,0.0002,5.5,80,stable_mid
m_3271,61326,691190,8.0,101,5.54,0.92,0.165,4,5,6,6,7,8,88.23,0.48,23.14,18.87,1.06,0.0,13.7,86.3,0.0,0.0,1.17,0,0.002,5.7,45,stable_low
m_3272,62041,691190,8.0,100,38.91,12.07,0.31,23,30,37,46,61,75,90.68,4.25,43.21,34.18,7.97,0.55,0.0,24.0,74.4,1.7,1.65,12,0.0076,5.6,49,stable_mid
m_3273,61186,691180,8.0,102,36.66,15.2,0.415,19,26,34,44,63,94,88.76,7.89,22.23,18.26,7.29,0.51,0.0,36.5,59.9,3.6,1.85,72,0.0296,5.6,54,stable_mid
m_3274,62763,691190,8.0,99,34.49,13.33,0.386,17,24,32,43,59,74,87.21,6.52,42.85,31.07,6.94,0.46,0.0,41.7,56.8,1.5,1.84,22,0.0324,5.6,51,stable_mid
m_3275,55507,608310,7.04,99,8.47,17.46,2.062,0,0,0,0,47,64,19.15,34.2,0.27,0.22,1.24,0.0,79.0,3.8,16.4,0.7,47.0,36,0.2526,7.6,18,bursty
m_3276,62229,691190,8.0,100,40.39,13.18,0.326,22,30,39,49,64,77,91.0,3.84,43.04,35.23,10.84,0.46,0.0,22.4,75.3,2.4,1.64,82,-0.0112,5.4,54,stable_mid
m_3277,59934,691190,8.0,104,2.93,0.27,0.091,2,3,3,3,3,3,12.95,1.68,0.04,0.05,1.01,0.01,100.0,0.0,0.0,0.0,1.0,0,0.0006,6.4,75,idle_pure
m_3278,61735,686110,7.94,100,32.44,13.45,0.415,15,22,30,40,58,77,91.72,3.42,34.3,23.88,6.92,0.27,0.0,48.0,50.4,1.6,1.93,92,-0.0347,5.5,54,stable_mid
m_3279,60475,691180,8.0,103,43.12,12.52,0.29,26,33,41,51,66,78,91.02,4.53,46.9,38.18,8.73,0.89,0.0,12.8,84.3,2.9,1.61,64,0.0194,5.8,59,stable_mid
m_3280,62904,691180,8.0,99,38.98,13.97,0.358,20,28,37,48,65,77,85.71,6.75,46.26,34.73,9.62,0.69,0.0,29.1,67.8,3.1,1.76,46,0.0013,5.6,45,stable_mid
m_3281,59104,678470,7.85,103,42.35,12.21,0.288,26,33,40,50,65,78,91.03,3.76,48.26,39.84,8.21,0.45,0.0,13.6,83.6,2.7,1.62,46,-0.0174,7.8,45,stable_mid
m_3282,60662,691180,8.0,103,33.56,12.66,0.377,16,24,32,41,56,70,89.2,4.98,43.3,32.69,6.04,0.65,0.0,41.6,57.3,1.1,1.75,10,-0.0115,5.5,57,stable_mid
m_3283,59703,691190,8.0,104,41.16,14.32,0.348,23,31,39,49,68,89,92.0,3.54,42.88,37.31,8.64,0.53,0.0,22.1,73.5,4.4,1.74,11,0.0664,5.9,55,stable_mid
m_3284,62547,689990,7.99,99,36.78,12.19,0.332,20,28,35,44,59,73,92.16,3.06,47.68,37.17,8.04,0.41,0.0,31.4,67.3,1.3,1.69,1,0.0052,5.7,37,stable_mid
m_3285,63080,683860,7.92,98,52.15,9.22,0.177,38,45,52,59,68,73,90.53,4.01,51.67,45.24,10.77,0.86,0.0,0.1,96.6,3.3,1.31,0,-0.008,6.7,27,stable_high
m_3286,60882,690520,7.99,102,41.35,12.1,0.293,24,32,40,49,63,75,91.56,3.39,44.71,36.77,6.81,0.76,0.0,17.5,80.6,1.9,1.58,17,0.0372,5.6,63,stable_mid
m_3287,61172,691190,8.0,102,40.36,12.5,0.31,23,31,39,48,63,76,91.31,3.8,50.84,38.46,7.37,0.54,0.0,20.2,77.9,1.9,1.62,109,0.048,5.4,63,stable_mid
m_3288,62350,690520,7.99,100,33.2,13.0,0.392,16,23,31,41,57,70,90.34,3.92,42.07,33.02,6.0,0.42,0.0,44.8,54.1,1.1,1.84,9,-0.0153,5.4,54,stable_mid
m_3289,61415,691190,8.0,101,37.5,15.02,0.4,19,27,35,45,64,96,91.7,3.31,37.39,27.14,6.96,0.45,0.0,33.8,62.8,3.4,1.83,10,0.0425,5.5,63,stable_mid
m_3290,61015,691190,8.0,102,47.15,10.38,0.22,32,40,46,54,65,74,91.02,3.7,48.31,43.41,8.65,0.86,0.0,2.8,95.1,2.2,1.41,0,0.0168,5.5,64,stable_mid
m_3291,62612,686400,7.94,99,29.26,12.09,0.413,13,20,27,36,52,65,87.95,6.35,35.63,24.91,4.63,0.54,0.0,57.1,42.2,0.7,1.93,4,-0.0016,5.6,45,stable_mid
m_3292,62831,691190,8.0,99,30.36,12.44,0.41,14,21,28,37,53,68,90.42,4.14,40.27,29.56,4.57,0.53,0.0,53.6,45.5,0.9,1.89,3,0.0118,5.6,45,stable_mid
m_3293,61562,687470,7.96,100,40.14,16.61,0.414,19,29,37,48,73,95,91.24,4.0,43.03,33.52,7.32,0.77,0.0,26.6,67.9,5.6,1.97,67,0.0566,6.7,33,stable_mid
m_3294,61521,689030,7.97,101,50.19,11.37,0.227,34,42,49,58,72,79,90.06,4.83,48.77,45.02,8.5,0.74,0.0,1.2,92.8,6.0,1.47,5,0.0597,5.5,45,stable_high
m_3295,60937,691190,8.0,102,47.18,11.27,0.239,31,38,46,55,67,75,89.92,4.46,52.77,46.07,8.05,0.82,0.0,3.0,94.1,2.9,1.46,0,0.0156,6.9,57,stable_mid
m_3296,60057,661180,7.65,99,33.09,12.4,0.375,16,24,31,40,56,70,87.78,6.2,42.41,30.53,5.32,0.53,0.0,44.1,54.8,1.1,1.81,20,0.0137,5.6,38,stable_mid
m_3297,60362,678200,7.85,101,44.67,11.38,0.255,28,36,43,53,64,74,88.34,5.48,38.97,29.55,7.87,0.84,0.0,7.2,91.0,1.8,1.49,4,0.0532,5.9,54,stable_mid
m_3298,63166,691190,8.0,98,40.11,12.44,0.31,23,31,38,48,62,76,92.02,2.93,38.32,28.64,8.44,0.57,0.0,21.7,76.4,1.9,1.63,69,0.0311,5.6,54,stable_mid
m_3299,59959,685200,7.93,103,44.26,15.4,0.348,24,33,42,53,76,87,90.6,5.16,45.18,39.15,9.78,0.46,0.0,17.1,76.4,6.5,1.81,71,0.0582,7.6,81,stable_mid
m_3300,58758,673520,7.8,103,50.78,10.25,0.202,35,43,50,58,68,75,91.1,3.69,50.19,43.7,12.11,0.83,0.0,0.6,96.1,3.3,1.36,0,0.0079,5.6,54,stable_high
m_3301,61115,691180,8.0,102,45.94,12.09,0.263,28,37,45,54,67,76,92.08,3.21,50.89,47.76,10.89,0.62,0.0,7.7,89.2,3.2,1.49,51,0.016,8.9,40,stable_mid
m_3302,61188,678600,7.85,100,32.23,12.95,0.402,15,22,30,40,56,72,90.72,3.76,39.89,28.75,7.75,0.35,0.0,47.5,51.2,1.3,1.87,17,0.0101,5.7,55,stable_mid
m_3303,59386,687110,7.95,104,39.88,12.15,0.305,23,31,38,47,62,77,91.4,3.45,45.84,35.12,6.92,0.66,0.0,20.7,77.4,1.9,1.63,35,0.0341,5.8,72,stable_mid
m_3304,61541,691190,8.0,101,46.88,10.94,0.233,31,39,46,54,66,76,90.89,3.66,48.48,44.12,8.36,0.88,0.0,3.7,93.8,2.5,1.43,0,0.0445,5.6,72,stable_mid
m_3305,61618,691190,8.0,100,47.28,11.64,0.246,30,38,46,55,67,77,90.63,4.71,46.58,39.18,8.39,0.68,0.0,4.1,92.5,3.5,1.46,23,0.0287,5.6,57,stable_mid
m_3306,6949,70970,0.82,92,31.6,12.35,0.391,13,23,30,38,54,68,49.41,14.5,0.94,0.75,4.65,0.0,0.0,48.0,51.0,0.9,1.8,0,-1.4923,0.2,0,stable_mid
m_3307,59727,691190,8.0,104,16.84,5.09,0.302,9,12,18,21,24,26,93.91,1.88,30.23,31.27,2.85,1.0,0.0,99.9,0.1,0.0,1.33,0,0.0086,5.5,65,stable_mid
m_3308,62294,691190,8.0,100,48.15,12.91,0.268,30,38,47,58,70,81,87.81,5.65,48.31,39.19,11.54,0.45,0.0,5.0,89.4,5.7,1.49,5,0.0578,5.9,36,stable_mid
m_3309,60461,691190,8.0,103,41.93,11.71,0.279,25,33,41,49,63,75,91.69,3.53,45.15,37.34,9.05,0.62,0.0,14.2,83.8,2.0,1.54,1,-0.0004,6.4,67,stable_mid
m_3310,61193,685220,7.93,101,41.03,12.91,0.315,23,31,39,49,64,79,91.86,3.19,37.69,29.04,9.21,0.44,0.0,20.2,77.1,2.7,1.64,62,0.0241,8.4,45,stable_mid
m_3311,63740,688520,7.97,97,33.93,16.76,0.494,15,22,30,40,64,95,89.54,4.65,36.12,24.45,4.78,0.63,0.0,47.2,48.4,4.4,2.13,13,0.0511,5.6,29,stable_mid
m_3312,61523,690680,7.99,101,43.25,12.65,0.292,26,33,42,52,66,78,89.29,4.71,44.74,33.44,8.87,0.53,0.0,13.2,83.5,3.3,1.57,97,0.0124,5.6,45,stable_mid
m_3313,61914,691180,8.0,100,32.2,15.65,0.486,15,21,29,39,59,93,87.15,10.92,38.32,26.74,5.31,0.57,0.0,51.6,45.0,3.3,2.03,13,0.0719,5.6,70,stable_mid
m_3314,62595,691190,8.0,99,40.74,13.49,0.331,24,31,38,48,65,90,90.89,4.31,45.52,37.34,6.6,0.63,0.0,19.7,76.8,3.5,1.71,12,0.046,5.5,64,stable_mid
m_3315,61043,691190,8.0,102,43.91,11.97,0.273,27,35,42,52,65,75,91.57,3.72,48.91,41.89,7.67,0.6,0.0,9.3,88.2,2.5,1.55,0,0.0359,5.6,72,stable_mid
m_3316,61296,691190,8.0,101,38.25,12.66,0.331,22,29,36,46,61,76,91.64,3.23,42.59,34.73,6.53,0.38,0.0,28.2,69.9,1.9,1.69,16,0.0297,5.7,63,stable_mid
m_3317,61780,689950,7.99,101,47.02,11.06,0.235,30,38,46,55,66,73,91.19,3.9,44.82,34.68,8.2,0.73,0.0,3.7,94.0,2.3,1.43,0,0.0209,5.6,50,stable_mid
m_3318,62241,688900,7.97,100,40.24,12.09,0.3,23,31,39,48,62,75,91.57,3.39,44.84,35.66,7.74,0.47,0.0,20.2,78.2,1.6,1.59,1,0.0221,6.5,55,stable_mid
m_3319,62735,691190,8.0,99,34.83,14.98,0.43,17,24,32,42,61,92,89.71,4.39,42.68,31.8,6.55,0.54,0.0,42.5,54.5,3.0,1.91,11,0.0616,5.8,45,stable_mid
m_3320,59702,691180,8.0,104,42.75,12.24,0.286,25,34,41,50,65,79,91.5,3.4,45.22,37.15,7.38,0.94,0.0,13.4,83.6,3.0,1.59,96,0.0211,5.7,63,stable_mid
m_3321,62291,691190,8.0,100,36.88,13.12,0.356,19,27,35,45,60,77,90.56,4.05,43.66,34.84,6.24,0.48,0.0,32.8,65.3,1.9,1.71,51,0.0535,5.5,45,stable_mid
m_3322,62021,687130,7.95,100,33.39,12.57,0.377,17,24,31,41,56,70,90.23,4.11,42.2,30.37,10.51,0.41,0.0,43.8,55.1,1.1,1.81,9,0.0096,5.5,36,stable_mid
m_3323,62356,691180,8.0,100,45.37,12.81,0.282,28,36,44,53,68,84,91.41,3.78,47.94,39.83,7.83,0.81,0.0,9.0,86.9,4.1,1.55,0,0.041,5.6,51,stable_mid
m_3324,61962,685840,7.94,100,37.11,13.39,0.361,20,27,35,45,62,77,90.17,4.88,48.22,36.81,6.74,0.46,0.0,33.4,64.5,2.1,1.77,71,0.01,5.6,36,stable_mid
m_3325,62293,691190,8.0,100,37.54,15.33,0.408,19,26,34,46,66,90,86.04,7.41,39.36,28.32,8.02,0.56,0.0,35.5,60.5,4.0,1.94,40,0.0293,6.4,54,stable_mid
m_3326,62472,691180,8.0,100,43.16,16.52,0.383,22,31,40,52,77,92,87.23,7.73,47.02,37.69,9.08,0.54,0.0,21.5,71.4,7.1,1.92,64,0.0267,5.7,45,stable_mid
m_3327,61879,687470,7.96,100,34.72,13.02,0.375,18,25,32,42,59,78,91.79,3.38,35.91,28.26,10.65,0.66,0.0,40.7,57.4,1.9,1.84,149,-0.0051,5.7,52,stable_mid
m_3328,64318,691190,8.0,97,43.36,11.78,0.272,26,34,42,51,65,74,91.89,3.34,44.64,37.06,10.78,0.72,0.0,11.5,86.4,2.1,1.55,2,-0.0194,5.7,9,stable_mid
m_3329,60855,689990,7.99,102,30.79,12.04,0.391,15,22,29,38,52,67,89.59,4.32,41.94,33.36,3.32,0.41,0.0,51.6,47.5,0.8,1.79,14,0.0079,5.6,63,stable_mid
m_3330,65044,691190,8.0,96,43.09,12.26,0.285,26,34,42,51,65,76,91.6,3.44,54.14,46.64,7.63,0.81,0.0,12.7,84.8,2.4,1.55,36,0.0134,5.6,18,stable_mid
m_3331,60820,691190,8.0,102,38.11,16.69,0.438,18,26,35,46,71,92,91.47,3.23,42.55,33.62,8.42,0.51,0.0,34.3,60.4,5.4,2.03,4,0.0652,6.7,63,stable_mid
m_3332,59793,691190,8.0,104,14.4,4.13,0.287,7,10,16,17,20,22,87.41,1.63,27.88,26.66,3.1,1.0,0.0,100.0,0.0,0.0,1.25,0,0.0156,5.6,62,stable_low
m_3333,62081,691190,8.0,100,32.26,13.31,0.413,14,22,30,40,57,72,90.46,3.73,40.63,29.88,5.55,0.76,0.0,48.0,50.7,1.2,1.9,34,-0.0007,5.7,30,stable_mid
m_3334,60463,691190,8.0,103,47.5,12.15,0.256,30,39,46,55,68,84,91.98,3.3,44.28,37.75,9.58,0.74,0.0,4.3,91.5,4.2,1.48,16,0.05,7.1,45,stable_mid
m_3335,61353,691190,8.0,101,34.18,15.95,0.467,16,23,31,41,63,92,89.97,4.36,42.39,31.3,5.98,0.5,0.0,45.0,50.8,4.1,2.03,10,0.0562,5.4,74,stable_mid
m_3336,61482,691190,8.0,101,4.73,0.92,0.194,3,4,5,5,6,7,85.93,0.4,21.2,16.22,1.1,0.0,40.8,59.2,0.0,0.0,1.2,0,0.0031,5.7,63,idle_pure
m_3337,59670,691190,8.0,104,40.26,14.39,0.358,21,30,38,48,66,88,91.59,3.54,43.12,34.16,6.25,0.7,0.0,24.2,71.9,4.0,1.74,45,0.0543,5.6,81,stable_mid
m_3338,62251,691180,8.0,100,46.35,11.65,0.251,29,38,45,54,66,77,91.72,3.31,45.58,38.9,10.79,0.8,0.0,5.8,91.3,2.9,1.47,53,0.0194,5.6,45,stable_mid
m_3339,59650,691190,8.0,104,33.22,14.14,0.426,15,22,31,41,60,77,86.53,7.34,42.16,30.54,9.36,0.58,0.0,46.9,51.1,2.0,1.94,73,-0.003,6.7,72,stable_mid
m_3340,59970,691190,8.0,104,44.73,12.24,0.274,28,36,43,52,66,83,90.96,3.51,42.17,34.29,7.77,0.66,0.0,8.2,88.4,3.4,1.53,0,0.0639,5.6,58,stable_mid
m_3341,61854,689410,7.98,100,40.77,11.81,0.29,24,32,39,48,62,74,91.92,3.39,42.64,35.48,8.84,0.84,0.0,17.3,81.0,1.7,1.59,0,0.0068,5.6,45,stable_mid
m_3342,62076,691190,8.0,100,46.32,12.45,0.269,29,37,45,54,68,86,90.61,4.09,40.92,30.83,8.97,0.72,0.0,5.2,90.7,4.1,1.51,6,0.0384,6.1,44,stable_mid
m_3343,58993,691190,8.0,105,40.55,12.54,0.309,22,31,39,49,63,74,92.01,3.87,43.73,37.26,9.08,1.0,0.0,20.0,78.1,1.9,1.62,49,0.0071,5.6,97,stable_mid
m_3345,62287,691190,8.0,100,32.36,16.16,0.499,15,21,29,39,60,95,89.97,4.17,35.87,24.5,4.69,0.34,0.0,52.3,44.0,3.7,2.07,6,0.0651,5.6,54,stable_mid
m_3346,60010,685850,7.94,103,36.77,13.24,0.36,19,26,35,45,60,76,91.04,4.18,38.9,29.97,8.32,0.59,0.0,33.8,64.5,1.7,1.71,58,0.019,8.0,67,stable_mid
m_3347,63308,689930,7.99,98,37.66,13.84,0.368,20,28,35,45,62,88,91.34,3.63,45.48,35.95,6.19,0.49,0.0,30.8,66.0,3.1,1.77,1,0.0507,5.8,36,stable_mid
m_3348,59913,680100,7.87,102,49.69,12.17,0.245,33,41,48,58,73,81,89.58,6.5,48.62,41.92,10.11,0.74,0.0,2.1,91.3,6.6,1.52,8,0.0415,6.8,54,stable_mid
m_3349,63109,687910,7.96,98,38.65,13.79,0.357,20,28,37,47,64,79,91.3,3.96,38.2,29.09,8.8,0.55,0.0,28.3,68.8,2.8,1.73,168,0.0101,5.6,32,stable_mid
m_3350,62148,691190,8.0,100,37.23,12.44,0.334,21,28,35,45,60,76,91.89,3.22,44.84,34.38,7.98,0.55,0.0,29.7,68.6,1.8,1.71,70,0.019,5.6,55,stable_mid
m_3351,60791,691190,8.0,102,38.19,15.62,0.409,20,27,35,46,68,93,90.05,4.73,44.85,33.1,7.09,0.39,0.0,33.4,62.0,4.6,1.94,204,0.0172,6.6,71,stable_mid
m_3352,57137,685210,7.93,108,9.18,21.3,2.319,0,0,0,0,51,94,18.93,32.36,0.24,0.19,0.86,0.0,79.5,6.1,10.6,3.8,51.0,3,0.261,13.8,45,bursty
m_3353,62899,687460,7.96,98,42.2,15.48,0.367,24,31,39,49,73,92,91.36,3.7,40.37,30.45,6.79,0.28,0.0,19.3,74.9,5.8,1.87,26,0.0777,5.5,48,stable_mid
m_3354,62578,691190,8.0,99,42.37,14.03,0.331,25,32,40,50,70,86,91.22,3.61,40.67,34.92,6.21,0.67,0.0,16.2,78.8,5.0,1.75,1,0.0737,5.6,45,stable_mid
m_3355,62511,689930,7.99,99,35.98,12.97,0.36,19,26,34,44,60,74,90.39,3.9,43.18,32.63,6.0,0.58,0.0,35.9,62.5,1.7,1.76,15,0.0101,5.6,36,stable_mid
m_3356,60920,683100,7.91,101,40.34,12.15,0.301,23,32,39,48,62,76,91.79,3.18,47.37,36.22,6.93,0.71,0.0,18.8,79.2,2.0,1.59,68,0.0063,5.6,47,stable_mid
m_3357,61609,691190,8.0,101,32.65,12.57,0.385,16,23,31,40,55,72,90.48,4.15,40.4,30.29,6.92,0.48,0.0,45.2,53.5,1.3,1.77,16,0.0106,5.6,47,stable_mid
m_3358,62726,691190,8.0,99,42.08,11.1,0.264,27,34,40,49,62,75,90.44,4.06,45.73,39.88,8.83,0.88,0.0,10.9,87.4,1.7,1.55,4,0.0207,5.7,45,stable_mid
m_3359,61118,689980,7.99,102,56.58,11.26,0.199,38,48,57,65,75,81,90.64,3.31,45.04,44.28,13.13,1.01,0.0,0.2,89.4,10.4,1.32,9,0.0483,6.5,55,stable_high
m_3360,60010,688780,7.97,103,46.05,12.27,0.266,28,37,45,55,67,77,90.58,4.34,46.18,39.91,10.93,0.94,0.0,7.3,89.2,3.5,1.49,74,0.0145,8.9,45,stable_mid
m_3361,62422,691190,8.0,100,33.57,13.35,0.398,16,24,31,42,58,76,87.8,5.57,39.72,28.15,6.64,0.76,0.0,45.1,53.4,1.5,1.87,48,0.0119,5.6,36,stable_mid
m_3362,61684,691190,8.0,101,32.15,13.17,0.41,15,22,30,40,56,71,90.79,3.53,38.82,27.06,5.98,0.55,0.0,48.6,50.3,1.1,1.87,9,0.0282,9.9,38,stable_mid
m_3363,60828,691190,8.0,102,41.75,12.33,0.295,24,33,40,50,64,74,91.48,3.95,43.0,35.49,7.82,0.7,0.0,15.7,82.3,2.0,1.6,12,-0.0258,5.6,39,stable_mid
m_3364,63188,684790,7.93,98,46.35,11.89,0.257,30,37,45,54,68,78,90.62,3.73,46.17,38.1,9.09,0.75,0.0,4.8,91.6,3.7,1.51,42,0.0132,5.6,36,stable_mid
m_3365,59505,691190,8.0,105,39.83,13.65,0.343,22,30,37,48,65,83,91.0,3.7,44.97,36.98,6.88,0.59,0.0,24.5,72.0,3.5,1.76,271,0.0403,5.7,81,stable_mid
m_3366,60863,691190,8.0,102,34.27,12.79,0.373,18,25,32,42,58,73,91.95,3.17,39.87,29.75,5.53,0.31,0.0,42.4,56.2,1.5,1.81,9,-0.0035,5.6,56,stable_mid
m_3367,62627,691070,8.0,99,40.43,12.6,0.312,24,31,38,48,63,77,91.3,3.24,42.51,32.93,3.94,0.56,0.0,19.6,78.0,2.5,1.66,33,0.0365,5.5,45,stable_mid
m_3368,61047,681000,7.88,100,30.25,13.03,0.431,13,21,28,38,54,70,87.99,6.14,41.38,30.1,5.06,0.62,0.0,55.2,43.8,1.0,1.93,12,0.0024,5.5,59,stable_mid
m_3369,62849,683100,7.91,98,31.5,13.15,0.417,14,22,29,40,55,71,88.45,5.35,39.69,28.0,5.61,0.59,0.0,50.2,48.7,1.1,1.9,11,0.021,5.6,25,stable_mid
m_3370,60113,691190,8.0,103,32.85,12.71,0.387,16,23,31,40,56,71,90.82,3.79,43.68,31.5,5.38,0.61,0.0,45.7,53.1,1.2,1.81,8,0.0029,5.5,74,stable_mid
m_3371,58585,691190,8.0,106,41.5,15.53,0.374,22,30,39,50,73,89,91.97,3.11,44.16,34.84,6.7,0.54,0.0,23.0,71.4,5.6,1.87,45,0.0348,5.5,109,stable_mid
m_3372,63697,691190,8.0,98,44.65,11.5,0.258,27,36,44,53,64,74,88.66,5.79,43.4,36.34,9.28,0.88,0.0,8.6,89.4,2.0,1.45,21,0.0348,5.7,36,stable_mid
m_3373,60063,691190,8.0,104,38.84,11.82,0.304,23,30,37,45,61,76,91.52,3.47,43.12,33.94,6.55,0.36,0.0,22.2,75.9,1.9,1.65,86,0.0087,6.7,63,stable_mid
m_3374,61912,691190,8.0,100,39.87,15.54,0.39,21,29,37,47,69,92,83.34,11.88,46.09,35.29,14.29,0.48,0.0,27.1,68.0,5.0,1.86,14,0.0625,5.6,42,stable_mid
m_3375,60665,685840,7.94,102,32.91,13.1,0.398,16,23,31,40,58,73,89.18,5.24,41.99,30.52,3.44,0.48,0.0,46.1,52.6,1.3,1.87,15,0.0113,6.5,54,stable_mid
m_3376,63159,691180,8.0,98,37.81,12.34,0.326,22,29,36,45,61,75,90.88,4.19,41.55,34.35,8.39,0.77,0.0,28.2,69.6,2.1,1.69,80,-0.0033,5.6,36,stable_mid
m_3377,64184,691190,8.0,97,42.32,11.19,0.264,26,34,41,49,63,74,92.28,2.88,41.05,34.08,9.5,0.83,0.0,11.9,86.5,1.6,1.54,4,-0.0043,5.6,21,stable_mid
m_3378,62246,691190,8.0,100,35.11,15.82,0.451,16,24,32,42,65,91,89.14,5.19,35.63,24.42,5.69,0.56,0.0,42.0,53.7,4.3,2.03,4,0.0742,5.9,54,stable_mid
m_3379,55601,686050,7.94,111,8.25,16.92,2.051,0,0,0,0,47,60,19.44,33.01,0.26,0.21,0.91,0.0,79.2,3.7,16.9,0.2,47.0,0,0.2281,14.3,70,bursty
m_3380,58830,674690,7.81,103,39.78,13.42,0.337,23,30,37,47,63,90,91.55,3.54,49.9,40.41,6.98,0.63,0.0,22.9,74.0,3.1,1.7,6,0.0452,5.7,48,stable_mid
m_3381,60665,691190,8.0,103,40.96,14.12,0.345,22,31,39,48,66,91,91.36,3.53,45.22,35.61,6.55,0.59,0.0,21.0,75.1,3.9,1.69,123,0.0346,5.5,72,stable_mid
m_3382,60319,691190,8.0,103,43.05,12.57,0.292,25,34,41,51,66,76,91.77,3.29,39.07,29.24,8.82,0.57,0.0,13.5,83.4,3.1,1.61,17,-0.0162,5.7,63,stable_mid
m_3383,62725,691180,8.0,99,34.51,12.58,0.365,18,25,32,42,58,74,90.38,4.42,34.91,25.14,5.59,0.53,0.0,40.5,58.2,1.4,1.81,101,0.0216,5.7,39,stable_mid
m_3384,61182,687770,7.96,101,49.6,10.15,0.205,34,42,49,57,67,76,91.06,3.47,47.3,43.34,9.35,0.0,0.0,0.9,96.5,2.6,1.37,29,-0.0047,5.5,54,stable_mid
m_3385,61736,691190,8.0,101,46.61,12.15,0.261,28,37,46,56,67,76,91.23,3.37,47.97,40.04,8.39,0.88,0.0,6.7,90.5,2.8,1.46,8,0.0048,5.5,45,stable_mid
m_3386,62986,691190,8.0,99,38.76,12.94,0.334,22,29,36,47,62,78,91.05,3.73,45.03,33.87,7.45,0.49,0.0,26.6,71.2,2.2,1.72,37,0.0099,5.4,54,stable_mid
m_3387,63637,685090,7.93,97,25.54,13.31,0.521,10,15,23,33,51,67,91.32,3.42,40.64,29.81,4.14,0.22,0.0,67.3,32.0,0.8,2.22,6,-0.1113,5.6,36,stable_mid
m_3388,61288,691190,8.0,101,40.82,15.04,0.368,23,30,38,48,70,90,90.32,4.19,47.05,37.91,8.47,0.66,0.0,23.2,71.7,5.1,1.84,8,0.0742,5.8,63,stable_mid
m_3389,60566,668700,7.74,99,38.3,12.34,0.322,21,29,36,46,61,74,91.7,3.2,40.61,33.43,8.27,0.81,0.0,26.1,72.2,1.7,1.69,40,-0.0344,5.6,36,stable_mid
m_3390,62430,691180,8.0,100,39.55,14.38,0.364,21,29,37,47,66,90,90.41,3.93,46.22,39.12,5.93,0.53,0.0,25.5,70.4,4.0,1.78,134,0.0439,5.6,54,stable_mid
m_3391,62015,683850,7.91,99,47.84,10.45,0.218,32,40,48,55,66,73,91.81,3.29,50.26,45.3,10.85,0.94,0.0,2.6,95.2,2.2,1.38,16,0.0015,5.7,36,stable_mid
m_3392,60552,691190,8.0,103,40.06,12.66,0.316,23,30,38,48,63,77,91.52,3.66,44.38,33.64,7.58,0.65,0.0,21.9,75.9,2.2,1.66,43,0.0133,5.6,57,stable_mid
m_3393,62360,691190,8.0,100,10.01,2.12,0.211,7,9,10,11,14,15,95.57,1.25,28.37,23.67,4.27,0.98,0.0,100.0,0.0,0.0,1.4,0,-0.0083,5.6,54,stable_low
m_3394,60980,688540,7.97,102,28.06,13.28,0.473,11,18,26,36,52,69,90.28,4.06,34.37,22.99,4.46,0.68,0.1,60.4,38.6,1.0,2.0,18,-0.003,5.6,57,stable_mid
m_3395,62733,691190,8.0,99,47.98,11.09,0.231,31,39,48,56,66,75,90.3,5.07,45.15,38.11,10.73,0.71,0.0,3.3,94.1,2.6,1.38,5,0.0236,5.4,45,stable_mid
m_3396,62604,678480,7.85,98,46.11,11.25,0.244,30,38,45,53,66,76,91.68,3.2,45.73,36.41,8.17,0.62,0.0,4.3,93.0,2.8,1.47,0,0.0049,5.6,20,stable_mid
m_3397,60698,689990,7.99,102,43.07,11.78,0.274,26,34,42,51,63,74,91.66,3.77,44.73,38.8,9.6,1.03,0.0,12.4,85.7,1.8,1.5,3,0.033,5.4,63,stable_mid
m_3398,62785,691190,8.0,99,33.18,13.65,0.411,14,23,31,41,58,74,89.38,4.53,42.49,31.87,6.43,0.46,0.0,44.0,54.3,1.7,1.87,51,0.0057,5.5,39,stable_mid
m_3399,62872,691190,8.0,99,33.56,13.28,0.396,15,23,32,42,57,73,90.52,3.72,41.34,30.06,5.7,0.52,0.0,42.4,56.3,1.3,1.78,6,-0.0095,6.5,18,stable_mid
m_3400,61716,691180,8.0,101,43.5,11.98,0.275,27,34,42,51,65,77,91.4,3.76,43.96,36.87,6.81,0.69,0.0,10.7,86.6,2.7,1.55,27,0.0332,5.6,63,stable_mid
m_3401,60485,689080,7.98,103,30.45,12.22,0.401,14,21,28,38,53,67,90.64,3.65,40.36,28.73,4.61,0.53,0.0,53.8,45.4,0.8,1.89,3,0.0473,5.7,70,stable_mid
m_3402,62523,691190,8.0,99,44.29,11.89,0.268,28,36,43,52,66,79,89.61,3.86,47.57,39.03,8.51,0.59,0.0,7.9,88.6,3.5,1.53,3,0.0263,5.7,31,stable_mid
m_3403,62693,687900,7.96,99,32.32,12.5,0.387,15,23,31,40,54,67,85.3,9.38,15.47,10.52,16.69,0.74,0.0,45.6,53.7,0.7,1.74,2,0.0487,5.6,39,stable_mid
m_3405,62283,691190,8.0,100,39.8,16.28,0.409,20,28,36,47,73,92,88.24,5.0,41.86,29.71,7.62,0.44,0.0,29.1,65.1,5.8,2.03,120,0.0568,5.6,36,stable_mid
m_3406,60228,691070,8.0,103,48.79,12.7,0.26,30,39,48,58,71,77,88.7,5.76,52.48,45.91,9.64,0.88,0.0,4.7,89.2,6.1,1.48,81,0.0141,6.0,72,stable_mid
m_3407,58861,674700,7.81,103,38.67,12.16,0.315,22,29,37,46,60,75,90.7,4.52,44.1,32.82,7.0,0.62,0.0,25.2,73.2,1.7,1.62,1,0.0285,7.2,63,stable_mid
m_3408,60508,689030,7.97,102,38.0,16.21,0.427,19,27,35,45,71,92,90.4,4.08,43.09,32.23,3.3,0.34,0.0,33.3,61.5,5.2,2.03,86,0.0928,5.6,90,stable_mid
m_3409,62102,691190,8.0,100,3.62,0.7,0.193,3,3,4,4,5,5,85.01,1.31,16.6,11.8,1.04,0.47,92.0,8.0,0.0,0.0,1.25,0,0.0036,5.6,54,idle_pure
m_3410,61777,691190,8.0,101,44.2,12.41,0.281,27,35,43,52,67,78,90.35,4.16,50.2,42.38,7.78,0.72,0.0,10.2,86.5,3.3,1.56,7,0.0136,6.3,63,stable_mid
m_3411,61171,691190,8.0,102,33.26,14.66,0.441,15,23,31,41,59,93,89.82,4.43,42.23,30.04,6.06,0.47,0.0,46.7,50.8,2.4,1.9,17,0.0152,10.2,36,stable_mid
m_3412,63303,691190,8.0,98,46.87,11.92,0.254,30,38,45,54,68,84,90.64,3.85,43.73,35.98,11.97,0.41,0.0,3.6,92.4,4.0,1.51,7,0.027,5.6,36,stable_mid
m_3413,60362,691190,8.0,103,44.58,12.46,0.279,27,35,43,53,67,77,88.23,5.93,47.49,39.29,12.23,0.78,0.0,9.1,87.3,3.6,1.56,5,0.0152,7.4,62,stable_mid
m_3414,60779,691190,8.0,102,33.95,12.81,0.377,17,24,32,42,57,73,90.19,4.07,40.46,29.14,6.42,0.63,0.0,41.6,57.0,1.3,1.78,23,-0.0016,6.7,36,stable_mid
m_3415,60873,691180,8.0,101,39.23,12.98,0.331,21,29,37,47,63,77,91.73,3.35,47.51,34.95,6.48,0.81,0.0,25.6,72.4,2.1,1.7,0,0.0021,5.6,73,stable_mid
m_3416,62458,691190,8.0,100,42.59,12.57,0.295,25,33,41,51,66,78,91.05,3.6,51.44,42.61,8.98,0.77,0.0,13.6,83.1,3.3,1.61,122,0.011,5.6,54,stable_mid
m_3417,60249,691190,8.0,103,0.99,0.12,0.125,1,1,1,1,1,1,3.7,0.46,0.04,0.06,0.21,0.4,100.0,0.0,0.0,0.0,1.0,0,0.0002,6.2,27,idle_pure
m_3418,60424,689990,7.99,103,47.34,11.37,0.24,30,39,47,56,66,76,91.09,3.61,43.19,35.55,8.05,0.89,0.0,4.3,92.8,2.9,1.4,19,-0.0011,7.3,79,stable_mid
m_3419,63857,691190,8.0,97,47.21,11.54,0.245,30,38,47,55,67,75,91.25,3.27,43.67,35.86,8.35,0.64,0.0,4.7,92.4,3.0,1.43,43,0.0304,5.5,29,stable_mid
m_3420,60379,684280,7.92,102,36.41,16.18,0.445,16,25,34,44,66,92,89.53,4.6,40.17,28.96,6.6,0.53,0.0,37.4,58.4,4.3,1.94,25,0.0463,5.6,63,stable_mid
m_3421,60798,691190,8.0,102,31.56,12.42,0.394,16,22,29,38,56,70,91.83,3.35,42.65,33.05,5.9,0.4,0.0,51.4,47.5,1.1,1.93,5,-0.0051,5.7,81,stable_mid
m_3422,61650,689080,7.98,101,2.59,13.4,5.171,0,0,0,0,1,96,6.63,12.31,0.02,0.03,0.19,0.05,95.4,1.0,1.9,1.6,1.0,0,0.0791,5.8,55,bursty
m_3423,60328,682380,7.9,102,45.35,14.07,0.31,26,35,43,54,71,91,90.73,5.12,32.58,23.98,8.07,0.35,0.0,10.9,83.2,5.9,1.65,10,0.0474,6.5,72,stable_mid
m_3424,61056,691190,8.0,102,9.69,2.21,0.228,6,8,10,11,14,15,95.08,1.4,32.09,27.18,3.3,0.97,0.0,100.0,0.0,0.0,1.4,0,0.0074,5.5,70,stable_low
m_3425,58466,633960,7.34,98,29.91,12.22,0.408,14,21,28,37,53,68,85.74,9.74,28.9,18.53,4.56,0.54,0.0,56.4,42.7,0.9,1.89,3,0.0171,6.7,18,stable_mid
m_3426,62188,687990,7.96,100,37.3,12.53,0.336,20,28,35,45,60,76,91.64,3.52,46.11,34.24,7.1,0.47,0.0,30.0,68.2,1.8,1.71,33,0.006,5.4,55,stable_mid
m_3427,61032,690120,7.99,102,41.86,17.69,0.423,19,28,39,52,79,86,88.61,6.83,36.84,25.1,7.44,0.62,0.0,27.9,61.6,10.5,2.03,48,0.0781,5.6,63,stable_mid
m_3428,61978,684110,7.92,99,40.55,11.53,0.284,25,32,39,47,62,75,91.34,3.58,40.92,32.35,6.45,0.64,0.0,16.9,81.3,1.9,1.59,59,0.0131,5.7,45,stable_mid
m_3429,61219,691190,8.0,102,42.23,12.35,0.292,25,33,41,50,65,77,91.2,3.76,39.18,29.64,7.85,0.51,0.0,14.7,82.7,2.6,1.59,14,-0.002,7.2,44,stable_mid
m_3430,61561,691190,8.0,101,43.98,10.56,0.24,29,36,43,51,63,74,90.98,3.41,42.48,36.3,8.1,1.24,0.0,5.7,92.6,1.6,1.47,0,0.0393,6.4,45,stable_mid
m_3431,63333,691180,8.0,98,42.97,13.63,0.317,24,33,41,51,69,80,88.67,5.29,47.17,36.88,8.53,0.51,0.0,15.0,80.5,4.5,1.68,137,0.0007,5.7,45,stable_mid
m_3432,62927,691190,8.0,99,3.47,0.75,0.215,3,3,3,4,5,6,92.17,1.03,22.54,17.65,1.06,0.0,91.7,8.3,0.0,0.0,1.67,0,0.0048,5.5,39,idle_pure
m_3433,61103,684800,7.93,101,44.85,12.34,0.275,27,35,43,53,67,76,90.11,4.49,42.52,35.95,10.2,0.85,0.0,9.1,87.6,3.3,1.56,19,0.024,5.6,56,stable_mid
m_3434,62645,691190,8.0,99,30.27,12.86,0.425,14,21,28,38,54,70,90.7,3.85,42.28,29.29,5.37,0.49,0.0,54.9,44.0,1.1,1.93,4,0.0194,10.7,27,stable_mid
m_3435,62305,691190,8.0,100,47.1,13.06,0.277,29,37,45,55,72,81,91.05,3.7,43.13,36.18,7.77,1.01,0.0,5.4,87.7,6.9,1.6,259,0.0027,5.4,54,stable_mid
m_3436,61735,691190,8.0,101,30.21,12.07,0.4,14,21,28,37,52,69,89.4,5.16,40.82,29.97,10.46,0.52,0.0,53.9,45.2,0.9,1.86,5,-0.0246,5.6,63,stable_mid
m_3437,59756,685100,7.93,103,38.82,12.87,0.331,21,29,37,47,62,77,91.14,4.09,49.21,37.57,7.41,0.6,0.0,26.4,71.4,2.1,1.68,71,0.0346,6.4,45,stable_mid
m_3438,62719,691190,8.0,99,46.61,11.96,0.257,29,38,45,55,68,76,89.07,4.63,46.81,39.7,9.54,0.79,0.0,5.3,91.0,3.7,1.51,10,-0.0162,5.6,45,stable_mid
m_3439,61417,691190,8.0,101,40.55,11.9,0.294,24,32,39,48,62,76,91.24,3.73,39.57,29.2,7.82,0.5,0.0,18.3,79.7,2.0,1.59,2,0.0164,5.6,51,stable_mid
m_3440,63557,691190,8.0,98,46.94,10.44,0.223,32,39,46,54,65,75,90.11,4.71,50.99,46.33,8.9,0.9,0.0,2.4,95.4,2.2,1.41,0,0.0164,5.6,28,stable_mid
m_3441,61741,691190,8.0,101,33.06,12.51,0.378,16,24,31,40,56,71,90.3,3.84,41.08,29.66,10.19,0.53,0.0,44.9,53.9,1.1,1.81,2,-0.0008,5.6,72,stable_mid
m_3442,62079,691190,8.0,100,43.0,11.94,0.278,26,34,42,51,64,76,90.85,3.74,42.78,32.57,9.17,0.97,0.0,12.2,85.7,2.1,1.52,5,0.026,5.6,53,stable_mid
m_3443,63137,691190,8.0,99,40.12,11.33,0.282,24,32,39,47,60,73,90.88,4.16,40.94,31.67,8.34,0.97,0.0,17.9,80.7,1.4,1.54,7,0.0011,5.6,46,stable_mid
m_3444,61004,689420,7.98,102,40.88,13.53,0.331,24,31,38,48,65,88,90.97,3.77,49.72,41.63,7.3,0.59,0.0,19.8,76.7,3.5,1.71,67,0.0384,6.5,54,stable_mid
m_3445,61511,679810,7.87,99,43.16,11.92,0.276,27,34,41,51,65,78,89.31,5.35,40.97,30.66,11.57,0.56,0.0,10.9,86.6,2.6,1.59,53,0.0071,6.8,35,stable_mid
m_3446,59365,691190,8.0,105,43.72,12.83,0.293,25,34,42,52,67,78,91.46,3.49,40.29,30.31,9.04,0.98,0.0,13.1,83.2,3.6,1.6,68,-0.0013,6.5,57,stable_mid
m_3447,59237,689110,7.98,105,38.9,15.14,0.389,19,28,36,46,67,93,91.68,3.44,40.48,28.38,6.41,0.48,0.0,28.1,67.6,4.4,1.86,127,0.0303,5.5,92,stable_mid
m_3448,61190,691190,8.0,102,30.52,12.04,0.395,14,21,29,38,52,66,90.38,3.8,38.16,27.44,4.71,0.51,0.0,53.0,46.3,0.7,1.79,2,-0.0115,5.6,54,stable_mid
m_3449,62581,689090,7.98,99,33.07,16.44,0.497,14,22,30,40,63,92,88.17,5.58,39.86,27.74,5.08,0.5,0.0,48.3,47.6,4.0,2.1,13,0.0578,5.7,27,stable_mid
m_3450,61046,682780,7.9,101,46.16,13.94,0.302,28,36,44,54,74,87,90.34,4.63,48.14,38.99,9.23,0.72,0.0,7.4,86.3,6.3,1.68,12,0.0611,5.6,61,stable_mid
m_3451,62176,684600,7.92,99,34.28,17.19,0.501,14,22,31,42,67,94,88.46,5.35,40.38,30.43,5.84,0.47,0.0,45.6,49.7,4.6,2.16,15,0.0591,5.5,36,stable_mid
m_3452,60987,691190,8.0,102,30.98,12.74,0.411,15,21,29,38,55,69,90.9,4.0,38.36,27.02,8.79,0.4,0.0,53.0,46.0,1.0,1.9,4,-0.0072,5.5,63,stable_mid
m_3453,62434,691190,8.0,99,46.32,12.56,0.271,29,37,44,55,69,78,91.53,3.41,43.52,35.06,7.65,0.52,0.0,6.2,89.4,4.4,1.57,87,0.0435,5.7,49,stable_mid
m_3454,59379,689630,7.98,105,43.71,11.34,0.26,27,35,43,51,63,74,91.73,3.8,45.96,40.41,9.48,0.87,0.0,9.8,88.3,1.9,1.47,10,-0.0065,6.5,72,stable_mid
m_3455,61638,684290,7.92,100,33.21,12.85,0.387,16,24,31,41,57,73,87.0,10.64,42.37,31.63,7.24,0.71,0.0,44.8,53.7,1.4,1.84,13,-0.0223,5.5,45,stable_mid
m_3456,61769,691190,8.0,101,43.97,14.09,0.321,26,34,41,51,72,87,91.81,3.31,46.84,37.05,8.26,0.63,0.0,12.3,82.2,5.5,1.76,0,0.0748,8.3,36,stable_mid
m_3457,62592,691190,8.0,99,36.6,13.23,0.361,18,27,35,45,60,76,91.25,3.96,42.83,32.89,7.85,0.46,0.0,33.8,64.4,1.8,1.71,26,0.0456,5.6,45,stable_mid
m_3458,59795,685210,7.93,103,41.01,14.48,0.353,21,30,39,50,69,80,91.75,3.46,42.26,34.31,7.36,0.51,0.0,22.9,72.3,4.8,1.77,116,-0.0045,5.7,63,stable_mid
m_3459,61287,683390,7.91,100,45.4,13.3,0.293,27,35,44,54,70,80,87.77,6.05,54.57,41.87,9.1,0.54,0.0,10.3,84.6,5.1,1.59,81,0.006,5.7,63,stable_mid
m_3460,61029,691190,8.0,102,38.48,12.97,0.337,21,28,37,47,62,77,91.43,3.34,41.53,32.0,7.97,0.6,0.0,28.5,69.5,2.1,1.68,34,0.007,7.3,53,stable_mid
m_3461,61125,691190,8.0,102,44.81,10.7,0.239,28,37,44,52,62,73,90.67,4.14,49.92,46.41,7.32,0.83,0.0,6.6,91.9,1.5,1.41,33,0.018,5.6,90,stable_mid
m_3462,64223,691020,8.0,97,41.46,15.56,0.375,21,30,39,50,72,92,91.48,3.4,41.43,32.25,8.3,0.57,0.0,22.5,71.5,5.9,1.85,256,0.0351,5.6,27,stable_mid
m_3463,62542,691180,8.0,99,41.85,13.03,0.311,23,32,40,50,65,78,90.43,4.43,53.89,43.96,7.31,0.56,0.0,18.1,79.1,2.8,1.62,56,-0.0251,5.4,52,stable_mid
m_3464,61548,691190,8.0,101,42.22,11.92,0.282,25,33,41,50,63,75,91.33,3.76,44.71,37.41,7.13,1.06,0.0,15.2,82.9,1.9,1.54,1,0.0014,7.1,45,stable_mid
m_3465,60449,684280,7.92,102,38.86,11.89,0.306,22,30,38,47,59,74,90.92,3.6,41.31,33.83,11.43,0.77,0.0,23.0,75.6,1.4,1.55,17,0.0057,5.7,56,stable_mid
m_3466,57561,687790,7.96,108,34.61,12.42,0.359,18,25,33,42,58,72,88.6,5.66,28.03,20.01,10.18,0.51,0.0,38.7,60.1,1.2,1.76,3,0.0086,5.8,102,stable_mid
m_3467,63201,689970,7.99,98,41.71,13.51,0.324,23,32,40,50,67,80,91.58,3.67,36.29,26.75,7.61,0.54,0.0,19.1,77.1,3.8,1.68,94,0.0282,6.0,45,stable_mid
m_3468,62134,691190,8.0,100,3.45,0.74,0.216,3,3,3,4,5,6,90.86,0.82,20.95,16.07,1.03,0.0,92.3,7.7,0.0,0.0,1.67,0,0.0032,5.7,63,idle_pure
m_3469,63097,691190,8.0,99,41.68,16.78,0.403,20,30,39,51,74,93,90.69,4.1,43.57,33.91,7.4,0.44,0.0,24.9,68.9,6.2,1.9,111,0.0913,6.2,36,stable_mid
m_3470,62013,684290,7.92,99,28.09,11.67,0.415,14,20,26,34,50,65,91.68,3.01,36.85,27.16,4.11,0.52,0.0,62.8,36.5,0.7,1.92,5,0.0027,5.6,36,stable_mid
m_3471,61952,690480,7.99,100,37.51,14.54,0.388,19,27,35,45,62,93,90.46,4.06,45.55,35.09,7.12,0.59,0.0,32.8,64.0,3.2,1.77,9,0.0519,5.6,45,stable_mid
m_3472,61922,691190,8.0,100,39.33,13.1,0.333,21,30,38,47,62,79,91.26,4.06,46.82,33.78,7.65,0.45,0.0,24.7,73.0,2.3,1.63,104,0.0072,5.6,52,stable_mid
m_3473,61461,691190,8.0,101,38.68,13.15,0.34,20,29,37,47,63,76,90.93,3.77,45.77,37.01,6.21,0.71,0.0,27.3,70.7,2.0,1.7,28,-0.0162,6.9,46,stable_mid
m_3474,59995,691190,8.0,104,46.44,13.82,0.298,27,36,45,55,73,83,89.33,4.73,46.95,39.7,11.17,0.75,0.0,9.4,84.5,6.1,1.62,7,0.0368,7.6,63,stable_mid
m_3475,61942,691190,8.0,100,41.74,13.45,0.322,23,32,40,50,66,79,89.76,4.79,49.28,40.99,8.97,0.68,0.0,18.8,77.7,3.4,1.65,24,0.0168,6.7,50,stable_mid
m_3476,59553,690670,7.99,104,33.36,13.26,0.397,15,24,32,41,57,73,90.86,4.01,17.49,13.87,6.07,0.76,0.0,42.8,55.8,1.3,1.78,5,-0.0362,5.6,72,stable_mid
m_3477,62040,691190,8.0,100,19.41,3.92,0.202,13,16,20,22,25,27,94.34,0.95,28.36,27.49,2.78,1.0,0.0,99.9,0.1,0.0,1.25,0,0.0064,5.6,45,stable_mid
m_3478,61642,691190,8.0,101,32.1,14.59,0.455,14,22,30,39,57,88,90.52,3.8,40.61,28.68,4.93,0.65,0.0,49.6,47.7,2.7,1.9,5,0.0656,7.5,36,stable_mid
m_3479,61833,691190,8.0,101,43.58,12.48,0.286,26,34,42,51,66,79,91.54,3.55,41.34,31.49,7.64,0.53,0.0,11.5,85.3,3.2,1.57,20,0.001,6.9,67,stable_mid
m_3480,62510,691190,8.0,99,44.79,13.96,0.312,27,35,42,52,71,88,91.21,4.06,51.44,41.94,6.91,0.65,0.0,9.9,84.7,5.4,1.69,2,0.0552,5.6,37,stable_mid
m_3481,62492,690110,7.99,99,41.38,12.74,0.308,24,32,40,50,64,78,89.91,4.83,50.84,41.23,6.91,0.74,0.0,18.3,79.1,2.7,1.6,88,0.0124,6.9,37,stable_mid
m_3482,60753,679840,7.87,101,40.67,11.29,0.278,25,32,39,48,61,73,91.13,3.66,44.82,35.41,7.46,0.61,0.0,16.4,82.1,1.5,1.56,2,0.0055,5.8,54,stable_mid
m_3483,60794,691190,8.0,102,42.72,15.46,0.362,23,31,40,51,73,89,91.06,3.84,43.74,35.32,11.69,0.32,0.0,20.3,73.6,6.0,1.82,39,0.0355,5.4,63,stable_mid
m_3484,63216,691190,8.0,98,36.41,15.32,0.421,16,26,34,44,64,90,89.85,4.33,42.76,31.88,5.32,0.36,0.0,35.7,60.5,3.8,1.88,8,0.0897,5.5,36,stable_mid
m_3485,61746,691190,8.0,101,42.59,12.37,0.29,25,33,41,51,64,79,91.18,3.55,49.37,40.36,6.53,0.63,0.0,14.0,83.4,2.6,1.56,34,0.0271,5.6,54,stable_mid
m_3486,61934,691190,8.0,100,43.4,11.84,0.273,27,34,42,51,65,76,90.97,3.95,43.04,34.78,7.45,0.75,0.0,10.1,87.3,2.5,1.55,0,0.0155,5.6,63,stable_mid
m_3487,60243,691190,8.0,103,4.75,1.04,0.22,3,4,5,5,6,7,87.86,0.85,21.56,17.03,5.78,0.78,39.8,60.2,0.0,0.0,1.2,0,0.0096,6.9,72,idle_pure
m_3488,61780,691190,8.0,101,30.59,12.98,0.424,14,21,28,38,55,69,90.73,3.97,41.15,29.67,5.2,0.69,0.0,53.5,45.5,1.0,1.96,38,0.0171,6.2,58,stable_mid
m_3489,60548,686110,7.94,102,31.55,12.37,0.392,16,22,29,39,55,69,90.35,3.76,37.63,27.01,10.55,0.55,0.0,51.4,47.6,1.0,1.9,12,-0.0001,5.6,72,stable_mid
m_3490,62217,686400,7.94,99,33.06,15.4,0.466,15,22,30,40,59,96,91.02,4.0,39.59,29.19,6.83,0.42,0.0,49.0,47.9,3.1,1.97,28,0.0521,5.6,45,stable_mid
m_3491,59812,691190,8.0,104,8.08,18.37,2.273,0,0,0,0,49,84,17.0,30.7,0.21,0.17,0.87,0.0,81.3,3.6,13.5,1.7,49.0,3,0.2175,5.6,64,bursty
m_3492,62703,690120,7.99,99,36.69,16.92,0.461,17,24,33,45,70,91,88.21,6.39,41.73,30.21,6.87,0.6,0.0,40.9,53.9,5.1,2.12,26,0.0888,5.5,45,stable_mid
m_3493,60566,671260,7.77,100,41.9,12.41,0.296,24,32,41,50,64,74,91.23,3.5,49.68,42.16,7.3,0.64,0.0,17.0,81.0,1.9,1.56,0,-0.017,6.5,36,stable_mid
m_3494,62458,686040,7.94,99,47.7,11.82,0.248,30,39,47,56,67,83,92.09,3.4,45.64,39.7,12.56,0.75,0.0,4.3,92.1,3.6,1.43,2,0.015,5.5,36,stable_mid
m_3495,59092,691180,8.0,105,39.76,12.36,0.311,23,31,38,47,62,77,91.06,3.84,49.26,37.65,8.62,0.58,0.0,21.3,76.8,1.9,1.63,1,0.0059,5.9,81,stable_mid
m_3496,62620,689630,7.98,99,40.26,14.66,0.364,20,29,38,50,67,77,89.57,5.08,70.4,61.73,5.26,0.23,0.0,26.5,69.7,3.9,1.76,154,-0.0556,5.4,29,stable_mid
m_3497,60478,691190,8.0,103,41.48,12.43,0.3,23,32,40,50,63,75,91.0,3.84,43.46,35.92,7.18,0.84,0.0,18.2,79.9,1.9,1.58,56,0.0265,5.6,64,stable_mid
m_3498,60553,691190,8.0,103,48.89,10.57,0.216,32,41,49,57,66,74,88.13,4.93,45.41,39.97,9.28,0.98,0.0,2.4,95.3,2.3,1.35,6,0.0223,8.3,52,stable_mid
m_3499,61084,691190,8.0,102,8.89,19.53,2.196,0,0,0,0,50,90,18.47,32.28,0.25,0.2,0.96,0.0,79.7,4.2,13.9,2.2,50.0,1,0.238,5.5,66,bursty
m_3500,61004,685510,7.93,101,33.62,12.36,0.368,17,24,32,41,56,70,90.44,4.89,48.35,36.37,7.02,0.57,0.0,42.2,56.7,1.0,1.75,2,-0.0257,5.6,54,stable_mid
m_3501,63179,691190,8.0,98,50.32,9.62,0.191,35,43,50,57,66,75,90.25,4.36,45.51,38.88,13.52,0.57,0.0,1.0,96.6,2.4,1.32,3,0.0091,5.6,37,stable_high
m_3502,61231,691190,8.0,102,46.98,10.89,0.232,31,39,46,54,66,77,85.62,8.59,41.94,32.95,11.36,0.77,0.0,3.4,93.9,2.7,1.43,5,0.0241,6.1,54,stable_mid
m_3503,62323,691190,8.0,100,43.72,12.21,0.279,26,34,42,52,66,76,90.92,4.14,43.16,36.71,12.19,0.6,0.0,11.7,85.5,2.8,1.57,2,0.0088,5.6,36,stable_mid
m_3504,63271,691180,8.0,98,40.94,13.59,0.332,23,30,39,50,66,80,87.2,6.06,47.88,40.13,10.93,0.68,0.0,22.0,74.7,3.3,1.69,31,0.0279,5.5,36,stable_mid
m_3505,62554,691190,8.0,99,39.92,12.33,0.309,23,31,38,48,63,73,91.54,3.69,41.84,34.48,8.96,0.67,0.0,21.7,76.5,1.8,1.66,27,0.0162,6.3,45,stable_mid
m_3506,60641,690680,7.99,103,43.0,12.77,0.297,26,34,41,50,66,82,91.42,3.4,47.3,39.81,7.77,0.62,0.0,12.7,83.3,3.9,1.61,59,0.0575,5.8,43,stable_mid
m_3507,61813,691190,8.0,101,37.27,12.98,0.348,19,28,35,45,61,75,91.08,3.72,41.5,35.59,9.65,0.77,0.0,30.9,67.3,1.8,1.74,75,0.0059,5.6,63,stable_mid
m_3508,61354,686090,7.94,101,40.12,14.42,0.359,21,29,37,48,68,81,87.94,6.8,39.56,33.23,7.34,0.69,0.0,25.1,70.6,4.3,1.84,461,0.0304,5.6,72,stable_mid
m_3509,61119,690680,7.99,102,38.75,14.8,0.382,20,28,36,47,65,93,92.39,2.94,39.97,30.49,5.39,0.48,0.0,30.0,66.6,3.5,1.81,0,0.0858,5.6,63,stable_mid
m_3510,62074,688890,7.97,100,41.22,11.73,0.284,25,32,40,48,62,76,91.39,3.52,48.04,38.56,7.94,0.67,0.0,15.2,82.8,2.0,1.55,36,0.0091,5.5,36,stable_mid
m_3511,61848,691070,8.0,101,40.5,11.98,0.296,24,32,39,48,62,77,91.21,3.63,46.54,40.26,3.74,0.34,0.0,18.1,79.9,1.9,1.59,3,-0.0184,5.6,64,stable_mid
m_3512,62169,689420,7.98,100,39.75,12.84,0.323,22,30,38,48,63,76,91.57,3.52,47.66,37.0,7.84,0.62,0.0,22.9,74.7,2.4,1.66,101,0.0198,6.5,37,stable_mid
m_3513,59411,691190,8.0,105,45.98,11.9,0.259,28,37,45,54,67,76,91.59,3.25,45.33,36.29,8.19,0.61,0.0,6.8,90.0,3.1,1.49,21,0.0057,6.7,71,stable_mid
m_3514,62549,691190,8.0,99,47.26,14.52,0.307,27,37,45,56,75,88,91.79,3.25,44.99,40.08,10.62,0.66,0.0,8.6,83.7,7.7,1.67,80,0.0662,5.7,43,stable_mid
m_3515,62699,689990,7.99,99,46.66,11.1,0.238,30,38,46,54,66,75,91.34,3.36,47.51,42.19,9.52,0.85,0.0,4.3,93.2,2.5,1.43,0,0.0007,7.0,36,stable_mid
m_3516,60633,691190,8.0,103,37.61,13.25,0.352,20,27,36,46,62,78,90.13,4.7,36.48,27.74,9.71,0.72,0.0,31.4,66.0,2.5,1.72,128,0.0313,5.6,75,stable_mid
m_3517,62427,688790,7.97,99,34.21,13.68,0.4,16,24,32,43,59,74,87.69,6.26,42.66,31.39,12.63,0.5,0.0,42.2,56.2,1.6,1.84,33,0.0253,5.6,27,stable_mid
m_3518,61520,691180,8.0,101,30.41,12.93,0.425,14,21,28,37,54,73,89.89,4.89,40.0,29.51,5.67,0.42,0.0,54.2,44.5,1.2,1.93,35,0.0042,5.6,63,stable_mid
m_3519,60968,682780,7.9,101,43.74,14.83,0.339,24,33,41,52,74,86,90.45,4.38,46.39,35.71,8.06,0.6,0.0,16.1,78.0,6.0,1.8,36,0.0874,6.1,54,stable_mid
m_3521,63682,687790,7.96,97,46.24,11.49,0.248,29,37,45,55,66,73,91.72,3.36,45.68,40.14,8.56,0.76,0.0,5.6,92.1,2.4,1.47,0,0.0241,5.6,27,stable_mid
m_3522,61693,690120,7.99,101,37.7,16.26,0.431,19,27,34,44,70,95,89.28,5.12,43.58,32.78,6.32,0.54,0.0,34.4,60.6,5.1,2.06,13,0.0854,8.8,28,stable_mid
m_3523,63184,691190,8.0,98,33.12,12.57,0.379,17,23,31,41,56,70,89.83,4.09,42.25,31.95,5.94,0.56,0.0,45.3,53.6,1.0,1.81,3,0.0163,5.8,28,stable_mid
m_3524,57786,691190,8.0,108,7.94,16.64,2.096,0,0,0,0,46,60,19.12,32.91,0.28,0.24,0.89,0.0,79.7,4.2,15.9,0.2,46.0,0,0.221,13.9,55,bursty
m_3525,62948,688540,7.97,98,46.16,12.11,0.262,28,37,45,54,68,77,91.52,3.53,49.38,41.78,6.47,0.65,0.0,6.7,89.4,3.9,1.51,9,0.0095,5.6,36,stable_mid
m_3526,61760,691180,8.0,101,49.72,11.26,0.226,34,41,48,57,73,78,90.79,3.81,38.55,29.89,4.39,0.23,0.0,0.8,92.9,6.2,1.52,0,0.051,5.8,38,stable_mid
m_3527,60590,680300,7.87,101,51.38,9.55,0.186,36,44,52,58,67,74,91.21,3.41,48.53,44.35,12.27,0.96,0.0,0.6,96.8,2.7,1.29,1,0.0026,5.7,44,stable_high
m_3528,60641,691190,8.0,103,42.82,12.37,0.289,25,33,41,51,65,77,90.31,3.99,45.76,36.28,9.18,0.63,0.0,14.0,83.4,2.5,1.59,5,0.0465,5.5,66,stable_mid
m_3529,61242,691070,8.0,102,34.21,14.79,0.432,16,24,32,42,60,91,90.48,3.94,40.63,28.41,5.64,0.48,0.0,43.2,54.0,2.8,1.88,6,0.0526,7.2,36,stable_mid
m_3530,62855,685810,7.94,98,40.04,13.79,0.344,22,30,38,47,64,89,91.43,3.67,48.19,39.02,6.43,0.45,0.0,23.2,73.2,3.6,1.68,70,0.044,7.0,44,stable_mid
m_3531,62050,685700,7.94,99,41.14,11.84,0.288,25,32,39,49,63,75,91.83,3.39,42.77,35.06,9.54,0.49,0.0,16.2,81.8,2.1,1.62,19,0.0031,5.6,47,stable_mid
m_3532,60467,668030,7.73,99,9.81,21.4,2.182,0,0,0,3,55,91,21.56,30.67,0.54,0.54,1.14,0.0,79.5,4.6,12.1,3.9,55.0,1,0.2546,5.6,29,bursty
m_3533,57973,691180,8.0,107,44.71,15.13,0.338,26,33,42,53,76,89,89.44,5.12,38.78,29.38,10.26,0.58,0.0,13.6,79.2,7.2,1.81,20,0.0711,5.7,72,stable_mid
m_3534,62033,682210,7.9,99,40.57,12.63,0.311,24,31,38,49,64,76,91.53,3.88,46.98,41.87,6.79,0.71,0.0,20.5,76.9,2.7,1.68,23,0.0217,5.5,45,stable_mid
m_3535,62185,691190,8.0,100,39.65,12.36,0.312,22,30,38,48,61,74,91.45,3.92,44.79,35.88,9.37,0.74,0.0,22.8,75.6,1.6,1.61,64,-0.0174,5.5,49,stable_mid
m_3536,63176,688000,7.96,98,42.29,12.38,0.293,24,33,41,50,65,77,91.68,3.2,46.36,37.33,5.75,0.75,0.0,14.9,82.3,2.8,1.59,122,0.017,5.5,36,stable_mid
m_3537,61259,691190,8.0,101,4.05,0.85,0.21,3,3,4,5,5,6,87.41,1.01,19.38,12.92,1.03,0.01,72.7,27.3,0.0,0.0,1.25,0,0.0032,6.1,46,idle_pure
m_3538,60955,691190,8.0,102,32.74,13.59,0.415,15,22,31,41,57,74,90.03,4.3,41.54,30.46,5.32,0.44,0.0,46.7,51.8,1.5,1.84,13,-0.0058,11.9,27,stable_mid
m_3539,3570,57070,0.66,144,32.38,22.89,0.707,11,17,23,40,81,90,85.2,2.9,30.27,21.58,2.74,0.0,0.0,65.4,20.7,13.9,3.52,214,-0.4101,2.0,18,bursty
m_3540,62534,691190,8.0,99,35.17,13.9,0.395,17,25,33,43,61,77,87.86,5.63,44.75,33.02,6.58,0.45,0.0,39.8,58.1,2.1,1.85,58,0.0151,5.8,44,stable_mid
m_3541,62536,691190,8.0,99,40.07,12.9,0.322,23,31,38,48,64,80,91.88,3.16,47.88,36.63,7.81,0.41,0.0,21.5,75.7,2.8,1.68,77,0.0104,5.6,46,stable_mid
m_3542,62639,681000,7.88,98,39.31,14.5,0.369,21,29,37,47,65,90,90.72,3.92,45.4,35.25,9.73,0.63,0.0,27.3,69.1,3.6,1.76,65,0.0431,5.8,23,stable_mid
m_3543,62184,691180,8.0,100,45.19,11.19,0.248,29,37,44,52,65,76,90.87,4.03,45.25,36.2,8.49,0.76,0.0,6.0,91.5,2.4,1.48,29,0.0084,5.6,36,stable_mid
m_3544,61391,691190,8.0,101,41.63,14.14,0.34,21,31,40,51,67,76,88.7,5.27,72.32,62.64,13.3,0.37,0.0,21.8,74.7,3.5,1.68,78,-0.0308,5.9,46,stable_mid
m_3545,62006,689090,7.98,100,38.55,16.12,0.418,19,27,35,46,70,93,88.03,5.6,44.83,32.39,11.25,0.49,0.0,32.7,62.2,5.2,2.0,19,0.0801,5.7,54,stable_mid
m_3546,61223,691180,8.0,102,41.14,12.28,0.298,24,32,39,49,63,76,90.96,3.79,49.88,39.27,8.03,0.63,0.0,17.8,80.3,2.0,1.62,4,-0.0061,7.4,54,stable_mid
m_3547,62597,691180,8.0,99,4.98,0.9,0.18,4,4,5,6,6,7,89.18,0.84,23.19,17.75,1.04,0.06,30.1,69.9,0.0,0.0,1.2,0,0.0019,5.7,36,idle_pure
m_3548,62135,691190,8.0,100,43.09,13.01,0.302,25,33,42,52,66,79,87.37,6.6,43.22,32.75,9.77,0.77,0.0,15.1,81.7,3.2,1.57,76,0.0207,6.1,45,stable_mid
m_3549,62951,691190,8.0,99,46.6,13.18,0.283,28,37,45,55,72,82,90.57,3.9,48.31,44.59,7.39,0.98,0.0,6.8,87.5,5.7,1.6,26,0.0442,6.6,36,stable_mid
m_3550,62496,691190,8.0,100,42.8,14.62,0.342,24,32,40,51,71,88,91.28,3.84,43.44,35.26,9.62,0.62,0.0,17.2,77.4,5.4,1.78,1,0.0687,5.5,45,stable_mid
m_3551,63106,691190,8.0,99,46.88,14.06,0.3,28,37,45,54,77,82,92.08,3.09,44.28,36.16,8.79,0.83,0.0,7.3,82.9,9.8,1.71,0,0.0077,7.7,34,stable_mid
m_3552,62375,689390,7.98,99,3.98,0.95,0.238,3,3,4,5,6,6,82.25,1.18,21.76,17.04,1.09,0.07,73.8,26.2,0.0,0.0,1.5,0,0.0032,5.7,45,idle_pure
m_3553,59772,683690,7.91,103,46.18,11.45,0.248,29,37,45,54,66,76,90.72,4.52,50.73,41.21,7.27,0.8,0.0,5.2,91.9,2.8,1.47,14,0.0083,5.7,91,stable_mid
m_3554,62475,691190,8.0,100,32.13,13.35,0.416,14,22,30,40,56,71,86.92,10.04,41.94,31.1,5.51,0.67,0.0,47.7,51.1,1.2,1.87,5,-0.0098,5.7,36,stable_mid
m_3555,55043,606230,7.02,99,8.58,17.24,2.009,0,0,0,0,47,59,18.76,33.22,0.3,0.25,1.1,0.0,78.8,3.2,17.8,0.3,47.0,0,0.2576,5.6,27,bursty
m_3556,62973,684280,7.92,98,35.2,12.84,0.365,19,26,33,42,58,82,91.37,3.5,44.95,34.69,5.81,0.92,0.0,37.8,60.1,2.0,1.76,216,0.0061,6.1,37,stable_mid
m_3557,61024,684600,7.92,101,43.89,12.34,0.281,27,35,42,52,67,76,91.83,3.38,46.26,38.83,8.64,0.65,0.0,10.4,86.3,3.3,1.6,2,-0.0243,7.3,36,stable_mid
m_3558,60113,685260,7.93,103,39.46,13.37,0.339,22,29,37,48,64,78,90.78,3.75,46.72,36.25,7.87,0.44,0.0,25.0,72.2,2.7,1.73,93,0.0195,5.6,71,stable_mid
m_3559,61440,691190,8.0,101,38.61,12.84,0.333,21,29,37,47,62,77,90.91,3.91,37.71,29.19,6.97,0.42,0.0,27.0,70.9,2.1,1.68,96,0.0104,5.9,54,stable_mid
m_3560,60457,691190,8.0,103,37.53,13.52,0.36,20,27,35,45,63,78,90.56,4.58,43.95,38.65,8.88,0.48,0.0,31.9,65.4,2.7,1.8,128,0.0099,5.7,72,stable_mid
m_3561,62611,682230,7.9,98,47.44,11.46,0.242,31,39,46,56,68,75,90.15,4.9,46.65,37.45,7.9,0.69,0.0,3.8,92.9,3.3,1.48,25,0.0181,5.5,32,stable_mid
m_3562,63109,690680,7.99,98,43.73,12.75,0.292,27,34,42,51,66,87,90.54,5.8,48.4,38.59,7.61,0.64,0.0,10.4,86.0,3.6,1.57,2,0.038,5.9,27,stable_mid
m_3563,61448,689990,7.99,101,32.6,14.24,0.437,14,22,30,41,60,76,87.69,5.82,43.3,32.03,7.4,0.44,0.0,49.0,49.1,1.8,2.0,28,-0.0135,6.0,60,stable_mid
m_3564,59346,691190,8.0,105,38.59,13.25,0.343,20,29,37,47,62,76,89.86,5.04,37.09,26.0,8.85,0.58,0.0,27.7,70.3,2.1,1.68,19,0.0511,5.6,71,stable_mid
m_3565,61570,691190,8.0,101,38.47,13.29,0.345,21,28,36,47,63,78,88.47,6.59,37.51,29.13,7.53,0.66,0.0,28.9,68.7,2.4,1.75,41,0.0345,5.6,72,stable_mid
m_3566,62298,684800,7.93,99,42.61,15.7,0.368,22,31,40,51,78,84,91.57,3.36,45.77,37.37,7.46,0.56,0.0,21.1,70.7,8.2,1.95,65,0.0002,5.6,46,stable_mid
m_3567,61085,685200,7.93,101,40.68,12.12,0.298,23,32,39,48,62,77,91.6,3.52,49.08,38.97,6.9,0.69,0.0,18.6,79.4,2.0,1.59,77,0.0217,5.6,45,stable_mid
m_3568,63651,691190,8.0,98,37.23,13.1,0.352,20,28,35,45,61,80,90.73,4.61,42.0,31.29,3.29,0.3,0.0,31.6,66.2,2.2,1.74,63,0.0249,5.6,27,stable_mid
m_3569,59627,691190,8.0,104,44.4,14.73,0.332,26,34,42,52,73,90,91.11,3.63,44.25,36.18,7.47,0.55,0.0,13.0,81.1,5.8,1.74,0,0.0794,6.4,86,stable_mid
m_3570,60704,682200,7.9,101,46.1,10.51,0.228,30,38,46,54,63,72,91.38,3.46,45.5,39.43,9.41,0.39,0.0,4.6,94.0,1.4,1.37,3,-0.0057,5.7,62,stable_mid
m_3571,61271,691190,8.0,102,38.09,15.46,0.406,19,27,35,46,66,96,91.74,3.32,37.98,27.39,6.64,0.46,0.0,32.5,63.4,4.1,1.89,69,0.0191,5.5,72,stable_mid
m_3572,62210,690120,7.99,100,40.22,14.2,0.353,22,30,38,48,65,91,91.72,3.51,44.59,35.12,6.86,0.58,0.0,23.9,72.5,3.7,1.71,48,0.0278,6.2,47,stable_mid
m_3573,61594,691190,8.0,101,36.4,15.46,0.425,15,24,34,47,64,79,82.19,15.63,16.32,12.48,6.0,0.4,0.0,37.7,60.0,2.3,1.88,221,-0.1001,6.7,44,stable_mid
m_3574,61098,691180,8.0,102,41.25,14.03,0.34,21,31,39,50,67,79,90.93,3.79,46.38,38.81,7.27,0.7,0.0,22.0,74.5,3.6,1.72,400,0.0174,5.4,45,stable_mid
m_3575,62613,691190,8.0,99,46.44,12.8,0.276,28,37,46,54,69,82,87.35,8.24,47.36,37.81,4.63,0.48,0.0,7.4,87.7,5.0,1.5,0,0.0567,5.7,45,stable_mid
m_3576,61759,691190,8.0,101,45.62,11.18,0.245,29,37,45,54,64,73,91.38,3.38,46.63,37.52,10.77,0.32,0.0,6.3,92.0,1.7,1.42,16,-0.001,5.6,63,stable_mid
m_3577,62646,681010,7.88,98,37.94,15.1,0.398,17,26,36,48,66,79,88.14,5.22,46.27,36.37,6.83,0.39,0.0,32.7,63.8,3.5,1.83,53,-0.0702,5.7,42,stable_mid
m_3578,60249,691190,8.0,103,39.24,12.54,0.32,22,30,37,48,62,74,91.04,4.12,50.77,41.97,6.74,0.65,0.0,24.8,73.6,1.6,1.68,4,-0.0247,5.7,50,stable_mid
m_3579,60929,678200,7.85,100,37.83,14.77,0.39,19,27,35,47,65,82,88.14,5.31,53.06,39.32,8.74,0.42,0.0,33.5,63.1,3.4,1.86,123,-0.0382,6.2,33,stable_mid
m_3580,59617,689980,7.99,104,36.07,12.47,0.346,19,27,34,44,59,71,90.45,3.84,41.98,31.16,6.02,0.54,0.0,35.1,63.7,1.2,1.74,5,0.0174,6.2,69,stable_mid
m_3581,63293,691190,8.0,98,38.42,16.22,0.422,20,27,35,45,69,96,91.7,3.43,36.31,26.99,7.46,0.29,0.0,31.9,63.2,4.9,1.97,85,0.0668,5.6,46,stable_mid
m_3582,60259,691190,8.0,103,34.7,12.45,0.359,19,25,33,42,58,73,91.93,3.16,43.96,32.67,6.81,0.38,0.0,39.9,58.8,1.3,1.76,11,0.0173,5.7,72,stable_mid
m_3583,59398,686020,7.94,104,39.68,16.74,0.422,20,28,36,47,73,96,89.7,4.71,42.34,32.72,5.57,0.4,0.0,29.1,65.2,5.7,2.03,37,0.0533,5.5,60,stable_mid
m_3584,63349,691190,8.0,98,42.24,15.12,0.358,22,32,40,50,70,89,91.15,3.61,46.8,36.5,7.38,0.53,0.0,19.2,75.6,5.1,1.75,17,0.0571,5.6,39,stable_mid
m_3585,61553,691190,8.0,101,46.94,10.87,0.232,31,39,45,54,66,75,90.0,4.29,45.72,38.96,8.1,0.86,0.0,2.8,94.3,2.9,1.47,0,0.0091,5.7,45,stable_mid
m_3586,61277,689110,7.98,101,34.62,12.92,0.373,16,25,33,43,57,73,91.08,3.44,40.51,30.67,6.6,0.47,0.0,39.1,59.6,1.3,1.73,5,0.0313,5.7,53,stable_mid
m_3587,63467,691190,8.0,98,34.68,12.66,0.365,18,25,33,42,58,72,89.8,4.31,41.7,32.8,5.95,0.55,0.0,39.7,58.9,1.4,1.76,8,0.0245,5.6,27,stable_mid
m_3588,59679,691190,8.0,104,42.01,12.25,0.292,24,33,41,50,64,77,91.39,3.95,42.35,34.49,9.01,0.54,0.0,14.9,82.7,2.4,1.56,63,0.02,7.2,54,stable_mid
m_3589,61226,691190,8.0,102,38.13,13.09,0.343,21,28,36,46,62,79,91.06,3.71,46.96,37.58,8.11,0.74,0.0,29.0,69.0,2.0,1.72,165,0.0152,6.8,54,stable_mid
m_3590,61326,689110,7.98,101,48.36,12.59,0.26,28,39,49,57,68,77,84.15,9.65,50.56,39.12,6.3,0.65,0.0,7.4,88.8,3.8,1.39,13,0.0057,5.5,61,stable_mid
m_3591,62447,685100,7.93,99,32.93,15.59,0.473,15,22,30,39,62,91,86.41,7.8,40.52,29.46,6.9,0.39,0.0,49.1,47.0,3.9,2.07,33,0.0209,5.6,45,stable_mid
m_3592,61885,684610,7.92,100,36.34,16.49,0.454,18,25,33,43,68,94,89.75,4.62,42.01,31.41,5.87,0.22,0.0,40.1,55.1,4.9,2.06,88,0.0767,5.4,45,stable_mid
m_3593,59205,687900,7.96,105,8.93,2.46,0.276,5,7,9,11,12,14,53.51,1.12,8.3,11.36,2.65,0.83,1.4,98.6,0.0,0.0,1.33,0,0.0051,5.5,81,stable_low
m_3594,61177,691190,8.0,102,36.6,14.03,0.383,18,26,34,45,62,82,91.05,4.06,47.13,37.54,7.03,0.57,0.0,35.0,62.4,2.6,1.82,241,0.0079,5.7,54,stable_mid
m_3595,62741,687460,7.96,99,32.65,13.32,0.408,15,23,30,40,57,73,88.19,4.89,42.1,30.34,7.12,0.62,0.0,47.3,51.3,1.4,1.9,10,0.0044,5.7,36,stable_mid
m_3596,62582,688930,7.97,99,40.89,12.9,0.316,23,31,39,49,64,78,90.88,4.04,44.47,35.86,10.59,0.57,0.0,20.0,77.5,2.5,1.64,52,0.0249,5.7,45,stable_mid
m_3597,61308,689410,7.98,101,32.17,14.98,0.466,12,21,30,41,59,75,86.68,7.37,35.55,26.04,7.3,0.0,0.1,48.4,49.6,1.8,1.97,41,-0.0372,5.6,63,stable_mid
m_3598,60817,691070,8.0,102,38.16,12.85,0.337,20,28,37,46,61,75,91.91,2.83,45.22,36.48,8.55,0.56,0.0,28.7,69.6,1.7,1.65,1,-0.0117,5.7,67,stable_mid
m_3599,61849,684600,7.92,100,32.22,15.45,0.48,13,21,29,40,64,80,90.57,3.89,40.67,29.43,4.97,0.59,0.0,51.0,45.1,3.9,2.21,23,-0.077,5.5,46,stable_mid
m_3600,61263,691190,8.0,102,43.33,13.55,0.313,25,33,41,52,67,88,91.25,3.76,50.16,39.83,7.07,0.84,0.0,14.3,81.8,3.9,1.63,72,0.0191,5.6,63,stable_mid
m_3601,63520,691190,8.0,98,47.6,10.89,0.229,31,40,47,55,66,74,91.44,3.56,45.85,38.77,12.79,0.54,0.0,3.8,93.7,2.5,1.4,17,0.0162,5.5,39,stable_mid
m_3602,60877,682700,7.9,101,40.45,12.28,0.303,23,31,39,48,63,76,91.18,3.74,46.97,52.3,6.7,0.9,0.0,19.0,78.9,2.1,1.62,14,0.0124,5.5,46,stable_mid
m_3603,61496,691190,8.0,101,0.0,0.04,4.226,0,0,0,0,0,0,4.0,0.0,0.01,0.02,0.0,0.12,100.0,0.0,0.0,0.0,0.0,0,0.0,5.5,39,bursty
m_3604,62379,691070,8.0,100,39.44,12.22,0.31,23,30,37,47,62,76,91.38,3.56,37.06,27.38,7.03,0.7,0.0,22.9,75.3,1.8,1.68,20,0.0162,5.4,54,stable_mid
m_3605,61170,684800,7.93,101,32.8,13.49,0.411,14,23,31,41,57,72,89.72,4.95,38.46,26.71,4.79,0.81,0.0,45.9,52.8,1.3,1.84,18,-0.009,5.6,45,stable_mid
m_3606,60596,683850,7.91,102,0.03,0.18,5.287,0,0,0,0,0,1,5.97,0.18,0.02,0.01,0.0,0.26,100.0,0.0,0.0,0.0,0.0,0,0.0003,6.3,72,bursty
m_3607,60303,675550,7.82,101,45.23,12.01,0.265,28,36,44,53,66,76,87.16,7.14,47.29,41.11,7.67,0.78,0.0,7.9,89.4,2.7,1.5,68,-0.0068,5.7,72,stable_mid
m_3608,59923,691190,8.0,104,43.56,11.87,0.272,26,35,42,51,65,76,91.97,3.1,40.19,34.24,9.86,0.8,0.0,11.2,86.3,2.5,1.55,25,0.0106,5.6,54,stable_mid
m_3609,62355,689410,7.98,99,33.86,14.08,0.416,14,24,32,42,60,75,87.78,5.57,42.02,30.32,6.67,0.56,0.0,42.8,55.4,1.8,1.88,42,-0.0328,5.6,44,stable_mid
m_3610,59271,691190,8.0,105,29.95,14.47,0.483,14,20,27,36,55,89,91.22,3.36,36.5,26.57,4.57,0.0,0.0,58.9,38.3,2.8,2.04,15,0.0368,5.6,73,stable_mid
m_3611,62256,690310,7.99,100,35.12,12.35,0.351,19,26,33,42,58,72,89.5,4.82,41.4,30.59,6.08,0.61,0.0,37.3,61.5,1.3,1.76,8,-0.0016,5.7,58,stable_mid
m_3612,62600,687910,7.96,99,4.09,1.24,0.303,3,3,4,5,6,7,89.89,0.62,20.97,17.24,2.24,0.43,65.9,34.1,0.0,0.0,1.5,0,0.0021,5.5,63,idle_pure
m_3613,61708,682510,7.9,100,43.37,12.06,0.278,26,34,42,52,65,74,91.5,3.49,43.06,35.57,9.82,1.17,0.0,11.6,86.1,2.3,1.55,1,0.0078,5.4,46,stable_mid
m_3614,62167,691180,8.0,100,31.6,12.47,0.395,15,22,30,39,54,70,89.16,5.33,41.19,30.91,9.53,0.46,0.0,49.1,49.8,1.1,1.8,8,0.0143,6.0,54,stable_mid
m_3615,61222,691190,8.0,102,40.35,14.15,0.351,22,30,38,49,68,81,87.33,6.45,47.47,37.46,10.21,0.47,0.0,24.5,71.4,4.1,1.79,63,0.02,6.9,54,stable_mid
m_3616,61714,691180,8.0,101,39.23,12.2,0.311,23,30,37,47,61,77,91.01,3.79,44.47,32.85,6.3,0.47,0.0,22.8,75.3,1.9,1.65,123,0.0204,5.4,62,stable_mid
m_3617,62256,689990,7.99,100,34.87,13.47,0.386,17,25,32,43,60,76,91.79,3.41,43.07,32.0,6.9,0.44,0.0,40.1,58.0,1.9,1.88,95,-0.0289,5.6,76,stable_mid
m_3618,60180,680950,7.88,102,40.1,15.73,0.392,21,29,37,48,69,91,90.13,4.54,42.38,34.16,9.41,0.57,0.0,27.0,68.1,4.9,1.86,5,0.0499,5.6,63,stable_mid
m_3619,59874,691070,8.0,104,41.93,12.35,0.295,25,33,40,50,65,76,91.77,3.38,45.38,40.21,12.56,0.91,0.0,15.7,81.5,2.8,1.62,56,-0.007,7.4,72,stable_mid
m_3620,62675,691190,8.0,99,13.01,3.68,0.283,7,9,14,16,18,20,39.67,3.05,26.44,25.48,3.1,1.0,0.0,100.0,0.0,0.0,1.29,0,0.0151,5.6,37,stable_low
m_3621,60907,691190,8.0,102,32.42,13.05,0.402,16,22,30,40,56,71,86.06,11.77,41.26,30.95,8.9,0.42,0.0,48.1,50.9,1.1,1.87,2,0.0327,6.2,45,stable_mid
m_3622,62216,691190,8.0,100,40.93,12.21,0.298,23,32,40,49,62,76,88.24,6.45,45.98,37.31,7.38,0.81,0.0,18.3,79.8,1.9,1.55,58,-0.0185,5.6,70,stable_mid
m_3623,59839,688860,7.97,104,35.91,12.66,0.352,19,26,34,43,59,74,91.72,3.37,39.4,29.43,7.08,0.47,0.0,34.8,63.8,1.4,1.74,28,0.018,5.8,65,stable_mid
m_3624,62930,689400,7.98,99,39.08,13.31,0.341,22,29,37,47,64,79,90.88,3.89,39.3,28.89,7.56,0.39,0.0,27.0,70.5,2.6,1.73,24,-0.0266,5.7,36,stable_mid
m_3625,63152,689720,7.98,98,51.84,10.17,0.196,36,44,52,59,69,76,90.34,4.21,50.72,44.39,9.2,0.81,0.0,0.6,95.2,4.2,1.33,4,0.0241,5.6,27,stable_high
m_3626,62673,691190,8.0,99,41.38,12.98,0.314,24,31,40,50,65,78,91.01,3.93,40.85,34.84,10.5,0.63,0.0,19.4,77.7,2.9,1.62,19,0.0196,5.6,50,stable_mid
m_3627,63217,691190,8.0,98,47.24,12.17,0.258,30,38,46,56,67,81,91.06,3.79,46.99,40.95,8.46,0.71,0.0,4.9,91.3,3.8,1.46,33,0.0429,5.8,27,stable_mid
m_3628,60130,691190,8.0,103,37.23,13.39,0.36,20,27,35,45,61,80,91.51,3.7,39.43,30.41,6.98,0.32,0.0,32.8,64.9,2.3,1.74,95,0.0013,6.5,70,stable_mid
m_3629,63793,691190,8.0,98,39.97,12.56,0.314,23,31,38,48,63,77,90.6,3.96,45.96,36.21,6.75,0.55,0.0,21.3,76.5,2.2,1.66,2,0.0122,5.6,35,stable_mid
m_3630,64164,688930,7.97,97,19.89,15.5,0.779,4,6,16,30,49,64,84.52,8.11,18.04,12.14,2.79,0.64,7.5,66.5,25.4,0.6,3.06,35,-0.0333,5.6,27,bursty
m_3631,64056,688930,7.97,97,41.21,12.94,0.314,23,31,39,49,65,77,90.37,4.74,45.73,36.6,9.13,0.66,0.0,19.6,77.6,2.8,1.67,16,0.002,5.6,27,stable_mid
m_3632,60720,691190,8.0,102,39.71,11.78,0.297,24,31,38,47,62,73,91.57,3.15,36.51,25.8,5.81,0.55,0.0,20.3,78.2,1.6,1.63,56,0.055,7.9,36,stable_mid
m_3633,61788,691190,8.0,101,42.39,14.0,0.33,24,32,40,50,67,90,90.95,4.18,49.25,38.18,8.06,0.7,0.0,17.3,78.6,4.1,1.68,5,0.0301,5.9,63,stable_mid
m_3634,63210,680090,7.87,97,46.31,11.72,0.253,29,37,45,54,67,77,91.12,3.43,45.74,37.42,9.46,0.7,0.0,5.1,91.6,3.4,1.49,36,0.0199,5.8,9,stable_mid
m_3635,59285,689990,7.99,105,43.51,12.19,0.28,26,34,42,52,66,76,91.81,3.32,39.39,33.37,9.61,0.78,0.0,11.6,85.7,2.7,1.57,2,0.0089,5.6,77,stable_mid
m_3636,59004,687990,7.96,105,43.93,15.17,0.345,25,33,41,52,75,89,91.35,3.72,50.18,37.83,9.31,0.47,0.0,15.4,78.3,6.3,1.83,28,0.0674,5.6,90,stable_mid
m_3637,58762,682510,7.9,105,45.38,12.1,0.267,28,36,45,54,66,77,90.62,4.13,53.23,39.99,8.27,0.61,0.0,8.5,88.7,2.8,1.47,1,0.0274,8.0,89,stable_mid
m_3638,61544,691190,8.0,101,43.64,11.63,0.267,28,35,42,52,64,75,88.51,5.27,44.31,37.0,8.51,1.22,0.0,8.7,89.1,2.2,1.52,11,0.0086,6.5,45,stable_mid
m_3639,61696,691190,8.0,101,42.88,12.92,0.301,25,33,41,51,67,78,89.51,7.78,45.9,38.24,9.97,0.66,0.0,15.1,81.3,3.6,1.63,117,0.0232,6.5,45,stable_mid
m_3640,59534,690120,7.99,104,40.17,12.08,0.301,24,31,38,47,62,76,88.58,5.55,39.5,30.58,6.94,0.69,0.0,19.2,78.8,1.9,1.63,7,0.0343,5.6,81,stable_mid
m_3641,63007,691180,8.0,99,39.18,13.46,0.344,21,29,37,47,63,84,91.68,3.3,43.92,35.87,6.65,0.72,0.0,26.6,70.7,2.7,1.7,260,0.0352,5.5,27,stable_mid
m_3642,59616,691180,8.0,104,41.51,11.84,0.285,25,33,40,49,63,74,91.94,3.28,47.64,39.08,6.93,0.66,0.0,15.4,82.7,2.0,1.58,32,0.0165,6.7,73,stable_mid
m_3643,60184,691190,8.0,103,40.21,11.97,0.298,23,31,39,48,62,73,92.35,3.12,41.43,36.75,10.21,0.83,0.0,20.0,78.3,1.6,1.59,23,0.0224,5.6,81,stable_mid
m_3644,61786,691190,8.0,101,38.1,13.17,0.346,21,28,36,46,62,78,90.85,5.06,45.89,35.88,6.66,0.51,0.0,29.4,68.4,2.3,1.72,143,0.0079,6.3,54,stable_mid
m_3645,59494,691190,8.0,105,35.81,12.43,0.347,19,26,34,43,58,73,90.15,4.28,43.55,32.62,6.4,0.65,0.0,35.6,63.0,1.4,1.71,6,0.0024,6.2,63,stable_mid
m_3646,60752,691180,8.0,102,39.13,12.58,0.322,22,30,37,47,62,78,91.12,3.94,41.95,34.82,9.8,0.63,0.0,24.1,73.7,2.2,1.68,4,-0.0033,5.5,77,stable_mid
m_3647,60207,691190,8.0,103,44.14,12.46,0.282,26,35,43,53,66,77,89.46,5.24,52.44,43.82,8.21,0.73,0.0,11.0,85.8,3.2,1.53,5,-0.0195,7.7,49,stable_mid
m_3648,61663,688890,7.97,101,37.27,12.38,0.332,20,28,36,45,59,73,89.03,5.56,46.76,37.32,6.78,0.74,0.0,29.6,69.1,1.3,1.64,64,0.0312,5.7,60,stable_mid
m_3649,62106,691190,8.0,100,31.93,12.99,0.407,15,22,30,40,56,70,88.61,5.49,36.68,25.03,5.76,0.48,0.0,49.5,49.4,1.1,1.87,16,0.0251,5.6,45,stable_mid
m_3650,60740,684790,7.93,101,43.53,10.82,0.249,28,35,42,51,63,73,90.73,3.91,43.44,38.64,11.23,0.94,0.0,7.5,90.8,1.7,1.5,5,0.0483,6.4,45,stable_mid
m_3651,61276,691190,8.0,102,2.93,0.7,0.238,2,2,3,3,4,5,87.57,0.93,21.93,17.31,1.03,0.08,98.0,2.0,0.0,0.0,1.33,0,0.0009,5.7,56,idle_pure
m_3652,62555,691190,8.0,99,37.17,13.41,0.361,20,27,35,45,62,79,89.72,4.73,44.03,35.76,6.99,0.38,0.0,32.9,64.7,2.3,1.77,116,-0.0027,5.6,54,stable_mid
m_3653,62133,691190,8.0,100,45.86,12.14,0.265,27,37,45,54,68,74,90.54,4.12,45.0,34.74,58.34,0.34,0.0,7.8,88.7,3.5,1.51,0,0.0613,5.4,54,stable_mid
m_3654,61485,691190,8.0,101,39.45,12.16,0.308,23,31,37,47,62,76,91.92,3.21,44.07,37.25,8.48,0.65,0.0,21.5,76.4,2.1,1.68,75,0.0196,5.6,45,stable_mid
m_3655,62878,691190,8.0,99,41.2,12.58,0.305,23,32,40,49,64,78,91.52,3.51,45.05,35.73,8.27,0.42,0.0,18.0,79.6,2.4,1.6,98,0.0229,5.6,36,stable_mid
m_3656,61221,691190,8.0,102,45.0,12.16,0.27,27,36,44,53,66,76,90.9,3.72,44.99,37.04,11.15,0.86,0.0,9.4,87.8,2.7,1.5,58,0.0141,5.7,64,stable_mid
m_3657,61035,691190,8.0,102,29.86,12.69,0.425,13,20,28,37,54,67,88.25,5.62,37.8,26.92,4.72,1.01,0.0,55.9,43.3,0.8,1.93,12,-0.0051,7.0,47,stable_mid
m_3658,62380,691190,8.0,100,39.6,11.96,0.302,23,30,38,47,61,72,91.87,3.14,44.02,36.39,9.79,0.63,0.0,22.0,76.7,1.4,1.61,14,0.0024,5.6,54,stable_mid
m_3659,62888,684290,7.92,98,42.96,12.69,0.295,25,33,41,51,66,78,91.46,3.65,46.09,38.0,8.55,0.82,0.0,13.3,83.2,3.5,1.61,85,0.0281,5.4,43,stable_mid
m_3660,62875,691190,8.0,99,42.7,11.49,0.269,25,34,42,51,61,72,87.55,8.15,46.55,36.94,4.42,0.54,0.0,13.8,84.9,1.3,1.45,0,-0.0159,5.6,37,stable_mid
m_3661,59140,691190,8.0,105,29.74,12.86,0.432,13,20,28,37,54,68,87.05,7.94,35.94,24.13,4.79,0.0,0.0,55.5,43.6,0.8,1.93,3,0.0045,7.1,63,stable_mid
m_3662,58100,691190,8.0,107,1.15,5.39,4.672,0,0,0,0,1,30,9.89,6.27,9.62,11.78,0.13,0.0,95.3,3.6,1.1,0.0,1.0,0,0.0363,14.3,45,bursty
m_3663,60830,682790,7.9,101,37.98,12.23,0.322,21,29,36,46,60,72,91.02,3.79,42.95,32.82,7.86,0.39,0.0,27.2,71.6,1.3,1.67,20,-0.0043,5.4,45,stable_mid
m_3664,62975,688520,7.97,98,39.86,11.67,0.293,24,31,38,47,61,74,92.04,3.26,43.48,36.96,6.75,0.56,0.0,19.6,78.8,1.6,1.61,6,-0.0122,6.0,36,stable_mid
m_3665,62108,691190,8.0,100,37.59,15.26,0.406,17,27,35,46,65,93,92.07,3.08,39.93,30.19,6.83,0.53,0.0,33.1,63.3,3.6,1.86,87,0.0112,5.7,53,stable_mid
m_3666,63213,691190,8.0,98,29.86,12.21,0.409,14,21,28,37,53,67,90.81,3.52,37.37,27.92,4.75,0.25,0.0,55.9,43.3,0.8,1.89,6,0.0475,6.2,30,stable_mid
m_3667,60898,691180,8.0,102,33.16,12.56,0.379,16,24,31,40,57,72,90.75,3.62,41.44,30.67,6.61,0.51,0.0,44.1,54.7,1.2,1.84,4,0.0026,6.5,63,stable_mid
m_3668,60953,691190,8.0,102,32.27,12.71,0.394,15,23,30,40,56,70,90.39,4.51,41.21,29.8,6.93,0.45,0.0,46.9,52.1,1.0,1.87,4,-0.0281,5.6,63,stable_mid
m_3669,62103,691190,8.0,100,33.31,12.79,0.384,16,24,32,41,57,73,90.29,4.1,41.5,32.25,5.46,0.54,0.0,43.4,55.3,1.3,1.78,4,0.0035,5.7,63,stable_mid
m_3670,61630,691190,8.0,101,31.92,16.75,0.525,14,21,28,38,62,97,90.19,4.08,39.93,28.78,5.21,0.53,0.0,53.6,42.2,4.2,2.21,1,0.0867,6.3,31,stable_mid
m_3671,61379,686110,7.94,101,37.68,12.16,0.323,21,29,36,45,60,74,89.29,4.56,36.75,29.17,7.48,0.54,0.0,27.7,70.9,1.5,1.67,5,0.0062,5.7,36,stable_mid
m_3672,63170,683050,7.91,97,40.44,13.54,0.335,23,31,38,48,65,86,90.6,3.78,35.26,25.76,7.01,0.71,0.0,21.7,74.7,3.6,1.71,10,0.0731,5.7,27,stable_mid
m_3673,60788,691190,8.0,102,38.06,13.63,0.358,20,28,36,46,63,80,89.37,4.68,53.2,41.27,7.65,0.59,0.0,30.1,67.1,2.8,1.75,134,0.0049,5.7,81,stable_mid
m_3674,61657,691190,8.0,101,41.45,13.14,0.317,24,32,39,49,64,87,91.79,3.0,50.84,40.83,7.24,0.55,0.0,16.5,80.2,3.3,1.64,56,0.0534,5.7,53,stable_mid
m_3675,61704,684610,7.92,100,33.02,12.62,0.382,16,23,31,41,56,70,90.42,3.93,40.62,28.97,5.23,0.59,0.0,44.7,54.3,1.0,1.81,8,0.001,7.7,27,stable_mid
m_3676,62743,691190,8.0,99,45.71,13.37,0.293,27,36,44,54,69,86,88.78,4.87,38.19,31.21,8.13,0.69,0.0,8.9,86.5,4.7,1.57,14,0.0486,5.7,35,stable_mid
m_3677,62501,690520,7.99,99,36.25,12.59,0.347,20,27,34,43,60,75,90.04,4.83,43.73,33.63,6.4,0.61,0.0,33.8,64.5,1.7,1.76,63,-0.0259,5.6,45,stable_mid
m_3678,60397,688000,7.96,103,44.25,13.44,0.304,26,34,42,53,68,85,91.35,3.65,48.39,40.64,8.28,0.73,0.0,11.9,83.8,4.2,1.62,13,0.0615,6.3,54,stable_mid
m_3679,61282,684800,7.93,101,40.04,12.78,0.319,22,31,39,48,63,81,91.29,3.48,41.47,31.5,6.93,0.77,0.0,21.1,76.5,2.4,1.62,38,0.01,5.6,78,stable_mid
m_3680,61258,691190,8.0,102,49.16,9.9,0.201,35,42,48,56,67,75,90.65,3.94,62.97,44.37,4.5,0.17,0.0,0.1,96.6,3.3,1.4,0,0.0078,5.6,63,stable_mid
m_3681,63371,691190,8.0,98,41.38,12.51,0.302,24,32,40,50,64,75,91.05,4.49,39.68,31.92,7.62,0.76,0.0,18.4,79.5,2.1,1.6,16,0.0085,5.8,36,stable_mid
m_3682,63248,691190,8.0,98,35.83,15.05,0.42,17,25,33,44,63,90,88.72,5.19,43.14,31.73,11.46,0.45,0.0,38.9,58.0,3.1,1.91,20,0.0411,5.5,45,stable_mid
m_3683,59764,691190,8.0,104,51.97,10.51,0.202,35,44,52,60,68,75,90.12,4.5,48.93,42.71,56.45,0.87,0.0,0.9,95.7,3.4,1.31,1,0.0026,5.8,62,stable_high
m_3684,59628,691180,8.0,104,55.19,8.04,0.146,41,49,56,61,67,71,90.24,3.97,38.78,28.56,2.94,0.19,0.0,0.3,97.8,1.9,1.2,0,0.05,5.4,72,stable_high
m_3685,61990,691190,8.0,100,48.08,14.05,0.292,28,37,46,57,75,79,88.43,5.37,41.11,32.1,8.37,0.77,0.0,7.2,82.7,10.2,1.63,1,0.0174,5.6,36,stable_mid
m_3686,61322,691190,8.0,101,39.89,12.63,0.317,22,31,38,48,63,77,90.91,4.16,40.61,32.93,6.68,0.64,0.0,21.8,76.1,2.1,1.66,17,-0.0052,5.6,72,stable_mid
m_3687,62660,691190,8.0,99,45.03,11.44,0.254,29,36,44,53,65,76,91.35,3.51,43.07,35.03,8.47,0.76,0.0,6.5,91.1,2.4,1.48,0,0.0202,5.6,45,stable_mid
m_3688,61090,676690,7.83,100,46.82,14.29,0.305,28,36,44,55,75,87,91.49,3.28,43.84,35.28,7.57,0.61,0.0,7.7,85.6,6.8,1.7,86,0.0587,5.5,45,stable_mid
m_3689,62705,691190,8.0,99,42.46,12.65,0.298,25,33,41,51,66,78,91.6,3.47,51.88,44.58,6.39,0.68,0.0,14.9,82.1,3.1,1.61,104,0.012,5.6,43,stable_mid
m_3690,60836,691190,8.0,102,36.54,12.64,0.346,20,27,35,44,59,76,91.59,3.68,43.58,34.29,6.7,0.62,0.0,32.9,65.5,1.6,1.69,80,0.0048,5.6,63,stable_mid
m_3691,59236,691190,8.0,105,39.57,13.95,0.353,22,30,37,47,68,83,91.44,3.34,41.06,32.88,8.46,0.69,0.0,25.0,70.6,4.4,1.84,434,0.0094,5.7,94,stable_mid
m_3692,61432,682620,7.9,100,41.06,11.76,0.286,24,32,40,49,62,73,92.04,3.23,47.24,41.18,10.87,0.8,0.0,17.2,81.3,1.5,1.55,3,-0.0251,6.5,59,stable_mid
m_3693,60948,691190,8.0,102,45.35,11.62,0.256,29,36,44,53,66,76,91.57,3.22,45.91,37.84,9.36,0.71,0.0,6.4,90.9,2.7,1.5,40,0.0209,6.9,65,stable_mid
m_3694,62931,691190,8.0,99,43.63,12.62,0.289,25,34,42,52,66,75,92.13,3.14,44.65,36.48,8.71,0.66,0.0,13.1,84.1,2.8,1.57,29,0.0122,5.6,36,stable_mid
m_3695,61836,691190,8.0,101,45.77,11.12,0.243,29,37,45,53,65,75,91.48,3.24,45.99,39.38,8.52,0.85,0.0,5.1,92.6,2.3,1.44,0,0.0325,5.6,49,stable_mid
m_3696,57541,691180,8.0,108,9.27,20.12,2.172,0,0,0,0,53,88,19.09,32.8,0.29,0.28,0.91,0.0,79.8,3.0,14.6,2.6,53.0,1,0.2612,14.2,55,bursty
m_3697,61962,687960,7.96,100,49.68,10.65,0.214,33,42,50,58,67,74,90.61,3.83,48.4,44.24,12.43,0.89,0.0,2.1,95.4,2.5,1.34,6,0.0127,5.6,45,stable_mid
m_3698,59345,669310,7.75,101,7.58,15.91,2.099,0,0,0,0,43,60,17.72,32.16,0.24,0.19,0.7,0.0,79.2,6.0,14.3,0.6,43.0,1,0.2014,6.2,63,bursty
m_3699,61511,691190,8.0,101,41.3,13.11,0.317,22,32,40,50,64,76,91.11,4.54,36.38,26.25,7.32,0.53,0.0,19.0,78.7,2.3,1.6,6,0.0734,5.6,62,stable_mid
m_3700,61219,691190,8.0,102,29.97,12.63,0.422,14,21,28,37,54,68,90.53,3.93,34.31,23.44,5.34,0.54,0.0,55.3,43.8,0.9,1.93,12,0.0138,6.5,66,stable_mid
m_3701,61991,691190,8.0,100,42.12,13.82,0.328,24,32,40,50,67,90,91.89,3.25,43.53,35.71,8.17,0.61,0.0,17.1,78.6,4.3,1.68,50,0.0364,5.6,65,stable_mid
m_3702,60253,685750,7.94,102,34.74,12.7,0.366,18,25,33,42,58,73,91.86,3.18,37.4,27.74,7.99,0.71,0.0,39.2,59.4,1.4,1.76,80,0.0069,5.6,54,stable_mid
m_3703,62284,691180,8.0,100,41.43,12.43,0.3,23,32,40,50,63,74,91.47,3.44,44.99,37.6,7.65,0.83,0.0,18.1,80.1,1.8,1.58,46,0.0428,7.2,36,stable_mid
m_3704,59943,691190,8.0,104,43.02,14.1,0.328,26,33,40,50,73,84,88.62,5.19,40.65,29.77,6.83,0.51,0.0,13.9,80.0,6.1,1.82,29,0.0651,8.1,55,stable_mid
m_3705,62786,691190,8.0,99,45.16,11.71,0.259,28,36,44,53,65,75,91.47,3.2,44.77,36.78,8.14,0.77,0.0,7.5,90.1,2.5,1.48,3,0.0246,5.6,40,stable_mid
m_3706,61892,691190,8.0,101,44.81,11.35,0.253,29,36,43,52,66,76,88.62,6.39,43.92,38.97,8.53,0.92,0.0,6.2,91.1,2.7,1.53,39,0.0209,5.6,54,stable_mid
m_3707,61493,683860,7.92,100,47.92,11.57,0.242,31,39,47,56,69,78,91.24,3.7,51.25,41.75,6.75,0.5,0.0,2.9,92.5,4.5,1.47,70,-0.0056,5.7,46,stable_mid
m_3708,64052,691190,8.0,97,40.39,11.75,0.291,25,32,38,47,63,75,88.58,6.34,44.27,34.66,8.26,0.68,0.0,17.2,80.8,2.0,1.66,3,0.0206,5.6,36,stable_mid
m_3709,60747,682760,7.9,101,45.17,12.91,0.286,27,35,44,54,69,77,87.71,6.17,45.25,37.75,7.94,0.87,0.0,10.4,84.8,4.7,1.57,2,0.0409,5.6,56,stable_mid
m_3710,59549,686780,7.95,104,53.04,10.59,0.2,37,45,53,60,72,78,91.04,3.46,50.54,41.39,11.91,0.44,0.0,0.1,92.8,7.0,1.36,0,0.0091,5.7,90,stable_high
m_3711,61923,691190,8.0,100,38.24,14.09,0.369,19,28,36,47,64,80,90.96,3.68,46.63,36.91,6.05,0.45,0.0,29.9,67.4,2.6,1.78,126,-0.0524,5.7,43,stable_mid
m_3712,62094,688680,7.97,100,43.35,11.57,0.267,27,34,42,51,64,76,88.62,6.46,44.26,35.82,6.4,0.72,0.0,9.6,88.3,2.1,1.52,0,0.0147,7.2,36,stable_mid
m_3713,60647,679100,7.86,101,42.13,16.53,0.392,22,30,39,51,77,92,89.71,4.74,63.96,54.64,6.72,0.38,0.0,23.5,69.6,6.8,1.97,159,0.0345,5.6,45,stable_mid
m_3714,62271,684090,7.92,99,41.18,12.51,0.304,24,32,39,49,64,77,91.18,3.6,45.79,35.35,7.24,0.55,0.0,18.1,79.6,2.3,1.64,23,0.0104,5.7,37,stable_mid
m_3715,62869,691190,8.0,99,43.13,11.45,0.265,27,35,42,51,63,75,91.51,3.28,43.78,36.12,7.59,0.72,0.0,10.3,87.9,1.8,1.5,1,0.025,5.6,36,stable_mid
m_3716,62082,687990,7.96,100,52.22,9.86,0.189,37,45,52,60,68,76,91.23,3.52,48.82,40.4,8.69,0.0,0.0,0.2,96.4,3.4,1.31,0,-0.0001,5.4,31,stable_high
m_3717,61216,691190,8.0,102,37.56,15.29,0.407,18,27,35,46,64,96,92.17,3.1,40.44,32.67,7.72,0.44,0.0,34.3,62.3,3.4,1.83,34,0.064,5.6,79,stable_mid
m_3718,61171,691190,8.0,102,38.27,14.19,0.371,20,28,36,46,62,91,92.18,3.27,43.0,38.86,10.15,0.63,0.0,29.3,67.6,3.1,1.72,50,0.0025,5.5,61,stable_mid
m_3719,59549,691190,8.0,104,33.27,12.47,0.375,17,24,31,41,56,70,90.43,4.16,41.5,30.16,3.5,0.89,0.0,43.6,55.3,1.1,1.81,4,0.0138,6.6,58,stable_mid
m_3720,62773,691190,8.0,99,49.71,14.2,0.286,29,39,49,59,76,86,89.09,4.9,60.91,40.27,5.15,0.37,0.0,5.4,85.7,8.9,1.55,63,0.0592,5.6,28,stable_mid
m_3721,59998,690310,7.99,104,41.84,13.71,0.328,24,32,40,49,66,87,91.43,3.52,48.72,37.76,7.18,0.6,0.0,18.2,77.9,4.0,1.65,11,0.0534,5.5,63,stable_mid
m_3722,58128,691180,8.0,107,32.48,12.86,0.396,15,23,31,40,56,70,91.41,3.41,37.86,28.05,6.38,0.67,0.0,45.7,53.3,1.0,1.81,14,0.0147,5.7,109,stable_mid
m_3723,62110,690120,7.99,100,41.06,13.62,0.332,21,31,40,50,65,75,89.01,5.42,69.29,61.03,12.5,0.19,0.0,21.9,75.7,2.4,1.62,2,-0.0226,5.8,55,stable_mid
m_3724,63320,691190,8.0,98,45.7,14.4,0.315,26,34,43,55,73,86,90.47,4.53,39.15,32.11,7.45,0.73,0.0,10.9,82.0,7.0,1.7,4,0.0804,5.7,36,stable_mid
m_3725,61661,691190,8.0,101,38.06,12.07,0.317,22,29,36,45,60,74,90.64,4.32,46.98,37.53,6.65,0.75,0.0,27.0,71.4,1.6,1.67,4,-0.0114,5.7,62,stable_mid
m_3726,60491,691180,8.0,103,46.96,13.27,0.282,29,37,45,55,75,81,89.67,4.69,45.02,38.1,10.87,0.76,0.0,6.1,87.1,6.8,1.67,40,0.0661,5.8,63,stable_mid
m_3727,61874,691190,8.0,101,53.06,9.77,0.184,36,46,54,60,68,74,90.9,3.76,51.78,50.09,9.26,0.94,0.0,0.7,96.3,3.0,1.26,9,0.0186,6.6,36,stable_high
m_3728,60958,687790,7.96,102,41.74,16.1,0.386,22,30,38,50,74,93,88.73,5.77,46.84,36.35,7.44,0.55,0.0,23.2,70.9,5.9,1.95,11,0.0643,5.9,54,stable_mid
m_3729,63220,691190,8.0,98,48.57,11.12,0.229,32,40,47,56,68,77,90.32,4.25,45.33,38.23,12.82,0.45,0.0,1.9,94.6,3.6,1.45,13,-0.0104,5.7,53,stable_mid
m_3730,61351,691190,8.0,101,39.08,12.87,0.329,22,29,37,47,63,76,91.32,3.83,42.32,32.73,8.02,0.49,0.0,25.3,72.6,2.1,1.7,18,0.0087,5.6,63,stable_mid
m_3731,61557,691190,8.0,101,39.05,15.52,0.397,19,27,36,48,72,82,89.53,4.46,40.19,27.35,6.27,0.48,0.0,31.6,62.6,5.8,2.0,535,0.0095,5.6,59,stable_mid
m_3732,63097,691190,8.0,99,42.93,12.44,0.29,26,34,41,51,66,78,91.33,3.47,50.18,40.69,7.34,0.62,0.0,12.2,84.8,2.9,1.61,89,0.0251,6.7,36,stable_mid
m_3733,61668,685820,7.94,100,47.03,11.18,0.238,30,39,46,55,67,75,88.29,6.27,45.75,36.64,9.55,0.43,0.0,3.7,93.4,3.0,1.46,3,-0.0129,5.6,45,stable_mid
m_3734,62351,691190,8.0,100,31.44,13.13,0.418,14,22,29,39,55,73,89.94,4.36,41.96,32.21,5.07,0.57,0.0,50.3,48.4,1.3,1.9,14,-0.0109,8.5,41,stable_mid
m_3735,62077,691190,8.0,100,44.33,15.47,0.349,20,33,44,54,71,84,87.7,7.93,36.2,25.43,7.22,0.84,0.0,18.2,75.8,6.0,1.61,44,0.1675,6.6,49,stable_mid
m_3736,60502,691190,8.0,103,41.92,13.48,0.321,24,32,40,49,65,89,91.37,3.5,49.6,41.35,8.8,0.51,0.0,16.8,79.5,3.8,1.62,61,0.032,5.6,61,stable_mid
m_3737,61282,691190,8.0,101,45.58,11.19,0.245,29,37,44,53,65,75,91.69,3.52,46.87,39.57,8.6,0.68,0.0,5.6,92.3,2.2,1.48,0,0.0179,5.7,63,stable_mid
m_3738,60195,691190,8.0,103,43.06,13.91,0.323,25,33,41,52,68,87,89.91,4.88,51.35,40.18,8.66,0.57,0.0,15.6,80.0,4.3,1.66,11,0.0104,5.5,72,stable_mid
m_3739,62528,691190,8.0,99,38.63,12.66,0.328,22,29,36,46,62,77,90.43,4.08,47.21,35.99,6.74,0.55,0.0,26.4,71.5,2.1,1.72,97,0.0156,5.8,54,stable_mid
m_3740,61581,691190,8.0,101,30.22,12.93,0.428,11,21,29,38,53,68,88.77,6.1,42.51,32.12,4.81,0.94,0.0,52.4,46.7,0.9,1.83,13,0.0032,5.8,63,stable_mid
m_3741,58490,669310,7.75,103,8.57,18.99,2.215,0,0,0,0,49,90,17.9,32.73,0.27,0.2,0.7,0.0,80.0,4.3,13.8,1.9,49.0,0,0.2439,5.7,63,bursty
m_3742,62010,688000,7.96,100,33.76,13.44,0.398,16,23,31,42,58,73,90.11,3.96,41.0,30.96,3.27,0.72,0.0,44.3,54.2,1.5,1.87,3,0.0026,5.5,54,stable_mid
m_3743,59683,691190,8.0,104,34.05,13.93,0.409,16,24,32,42,60,76,88.29,5.29,42.98,30.71,7.94,0.59,0.0,43.4,54.7,2.0,1.88,35,0.0031,5.6,80,stable_mid
m_3744,62244,691190,8.0,100,34.7,14.41,0.415,17,25,32,42,60,91,89.87,4.13,40.83,30.4,5.63,0.46,0.0,40.8,56.4,2.8,1.88,20,0.0507,5.4,46,stable_mid
m_3745,60750,684610,7.92,101,34.57,16.27,0.471,14,23,31,43,64,92,86.97,5.95,41.66,29.7,6.91,0.61,0.0,44.7,51.5,3.8,2.06,46,0.0224,5.5,54,stable_mid
m_3746,62089,688930,7.97,100,41.12,12.11,0.295,25,32,39,49,63,76,91.69,3.11,51.67,39.26,7.95,0.63,0.0,16.9,81.1,2.0,1.62,6,0.011,8.0,28,stable_mid
m_3747,61784,689990,7.99,101,43.83,12.07,0.275,27,35,42,52,66,77,90.41,4.38,49.9,44.24,8.04,0.66,0.0,10.0,87.3,2.7,1.57,23,0.0267,6.8,65,stable_mid
m_3748,60368,691190,8.0,103,39.36,13.73,0.349,21,29,37,47,64,83,91.13,3.74,46.63,37.78,5.54,0.48,0.0,25.5,71.0,3.5,1.73,14,-0.0046,5.6,71,stable_mid
m_3749,60114,685310,7.93,103,50.33,10.01,0.199,35,43,50,57,67,75,90.83,4.24,47.32,39.93,13.73,0.6,0.0,0.7,96.4,3.0,1.34,0,0.0221,5.7,72,stable_high
m_3750,61670,691190,8.0,101,45.57,11.37,0.25,29,37,44,53,65,75,90.34,4.63,48.1,41.51,3.88,0.41,0.0,6.2,91.5,2.4,1.48,17,0.0121,5.4,53,stable_mid
m_3751,61450,689420,7.98,101,36.57,12.56,0.344,20,27,34,44,60,73,90.91,3.79,32.08,22.22,6.08,0.52,0.0,33.6,65.1,1.4,1.76,10,0.0156,5.9,63,stable_mid
m_3752,60899,691190,8.0,102,36.78,13.01,0.354,20,27,35,45,61,74,91.68,3.11,37.77,27.47,7.94,0.62,0.0,34.1,64.3,1.6,1.74,12,0.0074,5.6,65,stable_mid
m_3753,61479,688490,7.97,101,34.09,12.15,0.356,18,25,32,41,56,72,90.42,3.82,41.27,31.66,10.24,0.53,0.0,40.4,58.4,1.2,1.75,7,0.0073,7.2,45,stable_mid
m_3754,60069,690120,7.99,103,31.59,14.63,0.463,14,21,29,39,55,93,89.98,4.49,38.61,26.7,5.45,0.41,0.1,50.6,47.0,2.4,1.9,10,0.0319,5.6,81,stable_mid
m_3755,63155,691190,8.0,98,37.32,14.3,0.383,20,27,34,45,62,91,91.73,3.26,47.15,37.96,5.65,0.49,0.0,33.7,63.1,3.2,1.82,42,0.0412,5.8,36,stable_mid
m_3756,60666,691190,8.0,103,25.92,12.48,0.481,10,17,24,33,49,65,91.19,3.35,38.06,27.21,4.91,0.4,0.0,67.3,31.9,0.8,2.04,3,0.0068,5.7,64,stable_mid
m_3757,62725,687780,7.96,98,39.77,13.03,0.328,23,30,38,47,64,81,90.15,5.0,44.67,35.64,6.84,0.56,0.0,23.3,73.8,2.9,1.68,103,0.02,7.0,33,stable_mid
m_3758,62158,691190,8.0,100,43.8,14.7,0.336,23,32,42,54,70,78,89.47,4.48,68.88,61.06,12.67,0.16,0.0,17.5,76.8,5.7,1.67,90,-0.023,6.3,38,stable_mid
m_3759,61304,691190,8.0,101,42.08,13.95,0.332,24,32,40,50,67,88,91.88,3.06,42.24,32.91,7.18,0.74,0.0,17.9,78.0,4.1,1.68,105,0.0785,5.7,43,stable_mid
m_3760,61286,691190,8.0,101,56.72,9.06,0.16,41,50,57,64,70,75,89.69,4.83,51.07,44.39,45.3,0.62,0.0,0.0,93.1,6.8,1.23,0,-0.0012,5.6,48,stable_high
m_3761,62611,686990,7.95,99,32.21,11.8,0.366,16,24,30,39,53,69,91.61,3.2,34.37,25.63,5.73,0.41,0.0,46.9,52.2,0.9,1.77,11,0.0016,5.5,38,stable_mid
m_3762,60547,691190,8.0,103,5.2,0.97,0.187,4,4,5,6,7,8,89.13,0.51,23.31,19.04,6.56,0.05,25.7,74.3,0.0,0.0,1.4,0,0.0051,5.7,60,stable_low
m_3763,61574,684800,7.93,100,37.09,12.18,0.328,21,28,35,44,59,74,91.38,3.45,37.42,28.02,6.79,0.67,0.0,29.8,68.6,1.6,1.69,55,0.0059,5.6,45,stable_mid
m_3764,60622,691190,8.0,103,34.91,13.79,0.395,16,25,33,43,60,75,90.7,3.6,46.25,33.77,6.63,0.47,0.0,39.3,59.0,1.7,1.82,48,-0.0009,5.7,62,stable_mid
m_3765,62452,691190,8.0,100,36.9,12.69,0.344,20,27,35,44,60,76,89.75,4.86,44.57,31.86,7.27,0.42,0.0,32.3,65.8,1.9,1.71,23,0.0234,5.7,45,stable_mid
m_3766,61019,691190,8.0,102,35.63,12.5,0.351,19,26,34,43,59,73,90.88,4.42,33.81,24.73,6.48,0.53,0.0,36.2,62.5,1.3,1.74,1,0.0176,7.8,68,stable_mid
m_3767,60782,689110,7.98,102,33.51,13.75,0.41,15,23,31,42,59,77,89.27,4.71,35.02,24.3,5.26,0.88,0.0,45.0,53.1,1.9,1.9,108,-0.0028,5.7,53,stable_mid
m_3768,60303,690680,7.99,103,41.85,14.08,0.336,25,32,39,48,69,89,91.75,3.2,50.34,40.69,7.43,0.51,0.0,15.8,79.4,4.9,1.77,6,0.0676,5.6,36,stable_mid
m_3769,63082,691190,8.0,99,39.65,12.49,0.315,23,30,38,47,62,77,91.39,3.08,46.51,35.33,7.41,0.56,0.0,22.9,75.1,2.0,1.63,24,0.0199,5.6,28,stable_mid
m_3770,62821,691190,8.0,99,38.38,12.55,0.327,21,29,37,47,61,73,91.37,3.53,42.97,31.87,6.1,0.37,0.0,27.2,71.3,1.5,1.65,17,0.0162,5.7,45,stable_mid
m_3771,63240,690520,7.99,98,41.57,11.61,0.279,26,33,40,49,63,73,91.19,3.63,56.29,45.14,6.32,0.6,0.0,13.9,84.5,1.6,1.58,1,-0.0027,5.6,36,stable_mid
m_3772,58861,680090,7.87,104,47.77,12.65,0.265,30,38,46,56,70,85,91.34,3.84,48.88,39.96,10.99,0.81,0.0,4.0,90.4,5.5,1.52,33,0.0369,5.6,55,stable_mid
m_3773,62479,691190,8.0,100,39.84,13.23,0.332,22,30,38,48,64,78,87.94,6.79,41.73,31.12,7.13,0.55,0.0,24.0,73.8,2.3,1.68,53,0.0106,5.5,51,stable_mid
m_3774,61337,688640,7.97,101,43.21,13.05,0.302,25,33,41,52,67,77,91.2,3.78,43.44,35.34,9.17,0.83,0.0,14.2,82.1,3.7,1.63,64,0.0033,5.7,57,stable_mid
m_3775,61592,688790,7.97,101,36.2,15.93,0.44,15,25,34,45,64,94,87.66,10.02,38.03,29.92,4.32,0.53,0.0,37.2,59.5,3.3,1.88,22,-0.0345,5.4,54,stable_mid
m_3776,62728,691190,8.0,99,33.91,12.66,0.373,17,25,32,41,57,71,89.43,4.52,42.12,31.72,5.91,0.5,0.0,41.7,57.2,1.1,1.78,18,0.0227,5.6,54,stable_mid
m_3777,63582,691190,8.0,98,37.58,13.02,0.346,20,28,35,45,62,76,88.77,5.04,43.77,34.64,8.06,0.56,0.0,30.2,67.5,2.3,1.77,57,0.0141,5.6,36,stable_mid
m_3778,58545,680990,7.88,105,40.49,13.0,0.321,23,30,39,49,64,78,90.38,4.23,38.54,28.75,8.88,0.57,0.0,22.2,75.2,2.6,1.64,29,0.0207,5.8,57,stable_mid
m_3779,61217,687060,7.95,101,33.9,11.8,0.348,18,25,32,41,55,69,88.96,5.21,35.87,25.65,5.27,0.67,0.0,40.3,58.8,1.0,1.72,6,0.0229,5.6,50,stable_mid
m_3780,59987,678100,7.85,102,35.21,12.61,0.358,18,26,34,43,58,72,92.06,3.12,37.99,28.6,6.9,0.65,0.0,36.5,62.3,1.2,1.71,12,-0.0054,5.6,69,stable_mid
m_3781,61292,691190,8.0,101,45.37,15.53,0.342,25,34,43,54,76,88,89.21,5.03,51.7,40.64,7.72,0.6,0.0,14.1,78.1,7.8,1.77,114,0.0366,5.7,63,stable_mid
m_3782,60243,691190,8.0,103,29.05,12.51,0.431,13,20,27,36,52,71,90.46,4.03,34.57,23.78,4.65,0.48,0.0,59.5,39.4,1.1,1.93,36,-0.005,8.0,72,stable_mid
m_3783,62384,686990,7.95,99,35.11,12.22,0.348,19,26,33,42,58,72,90.48,4.12,42.35,30.97,5.66,0.47,0.0,37.0,61.9,1.2,1.76,3,0.0101,5.6,55,stable_mid
m_3784,62862,691190,8.0,99,45.55,11.6,0.255,29,37,45,53,66,76,91.74,2.88,46.29,36.46,8.7,0.43,0.0,6.6,90.7,2.8,1.47,8,-0.0048,5.6,45,stable_mid
m_3785,62250,690670,7.99,100,35.97,11.21,0.312,21,28,34,43,56,69,92.55,2.72,38.7,31.91,6.88,0.81,0.0,32.4,66.6,1.0,1.65,1,-0.011,5.7,58,stable_mid
m_3786,62777,690520,7.99,99,44.44,15.83,0.356,24,33,42,53,74,93,85.52,14.47,27.57,23.84,8.44,0.34,0.0,15.3,77.4,7.3,1.76,41,0.0035,5.8,36,stable_mid
m_3787,62074,691190,8.0,100,41.99,13.5,0.322,24,32,40,51,67,80,91.99,3.3,38.22,29.73,8.27,0.47,0.0,18.3,77.9,3.8,1.68,71,0.0647,5.6,66,stable_mid
m_3788,60904,691070,8.0,102,8.64,2.28,0.263,5,7,9,10,12,13,94.88,1.02,26.1,22.63,1.74,0.0,0.3,99.7,0.0,0.0,1.33,0,0.0024,5.6,63,stable_low
m_3789,60745,682510,7.9,101,44.15,12.04,0.273,26,35,43,52,65,75,90.95,3.83,46.22,38.48,8.88,0.41,0.0,11.1,86.6,2.3,1.51,55,0.0092,5.6,53,stable_mid
m_3790,59453,688930,7.97,104,43.55,14.37,0.33,25,33,41,51,73,86,91.67,3.45,41.31,35.25,9.04,0.62,0.0,14.6,79.7,5.6,1.78,50,0.0565,5.7,72,stable_mid
m_3791,61910,691190,8.0,100,27.86,12.57,0.451,12,18,26,35,51,68,90.11,4.7,38.91,28.45,4.98,0.53,0.0,61.9,37.1,0.9,1.96,29,0.0351,5.6,54,stable_mid
m_3792,59754,685320,7.93,103,44.89,15.64,0.348,25,33,42,53,79,86,88.6,6.63,45.25,37.64,6.99,0.68,0.0,14.2,76.9,8.9,1.88,276,0.0457,5.4,53,stable_mid
m_3793,62997,691190,8.0,99,38.39,12.32,0.321,21,29,37,46,60,76,90.96,3.64,38.74,29.26,6.09,0.59,0.0,25.6,72.5,1.9,1.62,90,-0.0043,5.5,36,stable_mid
m_3794,61326,691170,8.0,101,33.25,15.21,0.458,14,22,31,41,59,90,89.97,4.19,40.18,28.12,6.08,0.65,0.0,46.2,51.0,2.9,1.9,17,0.0252,5.6,60,stable_mid
m_3795,62052,691180,8.0,100,34.44,13.0,0.378,17,25,33,42,58,73,90.08,4.41,40.94,29.22,5.14,0.48,0.0,40.2,58.5,1.4,1.76,17,-0.0069,5.8,45,stable_mid
m_3796,61851,691190,8.0,101,40.0,12.13,0.303,23,31,38,48,62,76,91.71,3.48,46.05,39.9,5.8,0.72,0.0,21.0,77.0,1.9,1.63,61,0.0034,8.3,35,stable_mid
m_3797,61965,691180,8.0,100,43.35,10.68,0.246,28,36,42,50,62,74,91.22,3.5,43.99,40.51,7.67,0.9,0.0,7.7,90.5,1.8,1.48,33,0.023,5.5,48,stable_mid
m_3798,63464,691190,8.0,98,40.08,13.13,0.328,23,30,38,48,65,80,91.19,3.63,51.79,40.65,6.89,0.54,0.0,22.4,74.1,3.4,1.71,153,-0.0022,5.6,37,stable_mid
m_3799,60981,686090,7.94,101,42.72,11.09,0.26,27,34,41,50,63,74,90.79,5.23,41.6,34.7,8.92,0.72,0.0,10.0,88.2,1.8,1.54,0,0.0236,6.1,58,stable_mid
m_3800,62042,691190,8.0,100,41.1,13.21,0.321,24,31,39,48,66,84,91.55,3.49,46.44,36.37,7.98,0.52,0.0,19.0,77.3,3.8,1.69,7,0.046,5.6,46,stable_mid
m_3801,61717,678590,7.85,99,41.04,14.42,0.351,23,30,38,49,67,90,91.02,3.9,49.84,39.77,6.93,0.47,0.0,22.4,73.4,4.2,1.76,66,0.0514,5.7,45,stable_mid
m_3802,61973,691190,8.0,100,41.89,12.57,0.3,25,32,40,50,65,78,86.83,6.66,46.17,37.85,8.17,0.53,0.0,15.8,81.4,2.8,1.62,68,0.0222,5.7,63,stable_mid
m_3803,60366,691190,8.0,103,39.57,12.76,0.322,23,30,37,47,64,77,91.02,4.23,42.69,33.05,7.43,0.6,0.0,23.7,74.1,2.2,1.73,10,0.0198,6.2,48,stable_mid
m_3804,62919,689400,7.98,99,32.91,13.67,0.416,15,23,30,41,58,76,88.27,5.86,41.16,29.77,5.0,0.59,0.0,47.1,51.3,1.6,1.93,30,-0.0101,6.5,20,stable_mid
m_3805,61647,691190,8.0,101,45.64,15.18,0.333,26,34,43,55,76,87,87.52,6.3,42.72,34.71,10.29,0.63,0.0,11.7,80.7,7.7,1.77,39,0.0641,5.6,65,stable_mid
m_3806,61395,691190,8.0,101,33.12,12.92,0.39,16,24,31,40,57,74,91.76,3.18,36.77,28.43,4.94,0.18,0.0,45.7,52.6,1.6,1.84,127,0.0431,5.4,52,stable_mid
m_3807,61548,691190,8.0,101,40.78,13.13,0.322,23,31,39,49,65,78,90.19,4.16,48.24,37.86,8.19,0.73,0.0,21.6,75.6,2.8,1.67,26,-0.0078,5.4,72,stable_mid
m_3808,60457,689990,7.99,103,32.35,14.53,0.449,15,22,30,39,57,93,90.76,3.6,42.74,30.78,5.43,0.58,0.0,49.2,48.2,2.6,1.9,15,0.0356,6.2,64,stable_mid
m_3809,62020,689410,7.98,100,37.69,12.33,0.327,21,28,36,45,60,75,91.59,4.12,44.94,34.95,7.16,0.84,0.0,28.8,69.3,1.9,1.67,109,0.0114,5.6,57,stable_mid
m_3810,60015,689410,7.98,103,43.9,16.01,0.365,24,32,41,53,77,89,90.31,4.18,46.24,37.86,7.37,0.54,0.0,17.7,74.4,7.9,1.88,138,0.0677,5.6,79,stable_mid
m_3811,61352,684800,7.93,100,37.7,12.68,0.336,21,28,35,45,61,76,90.68,4.14,40.25,30.43,6.54,0.31,0.0,30.1,68.1,1.8,1.74,23,-0.0224,8.9,44,stable_mid
m_3812,61358,691190,8.0,101,47.44,18.39,0.388,24,33,43,58,83,87,91.78,3.03,51.11,41.91,6.12,0.48,0.0,15.7,67.1,17.2,1.93,87,-0.0733,7.6,53,stable_mid
m_3813,59939,691190,8.0,104,35.25,12.89,0.366,17,26,34,43,58,73,90.83,3.96,37.89,26.1,5.63,0.57,0.0,36.3,62.3,1.4,1.71,18,-0.0222,6.3,72,stable_mid
m_3814,61469,685820,7.94,100,42.66,12.2,0.286,26,33,41,50,65,78,88.78,5.46,40.18,29.49,7.44,0.6,0.0,13.1,84.3,2.6,1.59,47,0.0268,5.4,24,stable_mid
m_3815,60249,690420,7.99,103,36.97,12.17,0.329,20,28,35,44,59,73,91.56,3.35,49.84,39.12,7.96,0.54,0.0,30.3,68.3,1.4,1.69,7,-0.0278,5.4,73,stable_mid
m_3816,61019,691190,8.0,102,46.86,14.44,0.308,28,36,44,55,75,89,91.93,3.22,42.23,34.06,11.07,0.63,0.0,7.4,85.1,7.5,1.7,35,0.0551,6.2,78,stable_mid
m_3817,61984,691190,8.0,100,53.28,8.74,0.164,39,47,53,59,67,73,89.62,4.49,49.32,43.98,11.89,0.92,0.0,0.1,97.0,2.9,1.26,0,-0.0025,5.5,62,stable_high
m_3818,60278,682500,7.9,102,39.88,12.63,0.317,22,30,38,48,63,76,89.9,4.93,50.49,38.81,6.54,0.37,0.0,22.3,75.8,1.9,1.66,30,0.0201,5.7,54,stable_mid
m_3819,59009,691190,8.0,105,31.25,13.16,0.421,13,22,29,39,55,71,89.97,4.35,36.76,24.81,4.96,0.46,0.0,50.4,48.4,1.2,1.9,13,-0.0048,5.6,85,stable_mid
m_3820,61574,691070,8.0,101,41.7,12.16,0.292,25,32,40,49,64,78,91.79,3.3,45.79,34.62,7.8,0.76,0.0,15.6,81.8,2.6,1.6,4,0.022,5.4,55,stable_mid
m_3821,60117,691190,8.0,103,44.4,11.39,0.257,28,36,43,52,65,77,91.0,3.54,48.66,42.39,6.96,0.78,0.0,7.4,89.8,2.8,1.51,20,0.0137,5.6,83,stable_mid
m_3822,62636,684410,7.92,98,35.9,13.32,0.371,19,26,34,44,61,77,91.43,3.57,38.29,28.36,5.68,0.36,0.0,37.2,60.9,1.9,1.79,37,0.0083,6.2,37,stable_mid
m_3823,60482,686710,7.95,102,37.38,12.95,0.346,21,28,35,45,61,79,90.15,4.57,48.42,36.58,6.81,0.55,0.0,30.7,67.1,2.2,1.74,91,0.0342,5.7,63,stable_mid
m_3824,61135,690010,7.99,102,34.83,12.94,0.371,18,25,32,42,59,76,91.56,3.62,45.39,33.11,6.83,0.45,0.0,40.3,58.1,1.6,1.84,5,-0.0224,9.5,53,stable_mid
m_3825,62313,691190,8.0,100,39.25,12.61,0.321,22,30,38,47,62,75,91.37,3.41,47.96,38.37,6.9,0.72,0.0,23.9,74.3,1.8,1.63,13,-0.0084,5.6,63,stable_mid
m_3826,60229,691190,8.0,103,39.93,12.71,0.318,23,30,38,48,62,81,91.38,4.03,43.21,32.91,7.25,0.58,0.0,22.3,75.4,2.3,1.63,4,0.0157,5.7,70,stable_mid
m_3827,60759,683100,7.91,101,39.14,13.89,0.355,22,29,37,46,64,90,91.4,3.29,40.21,31.06,8.01,0.69,0.0,25.7,70.8,3.5,1.73,18,0.0708,5.6,45,stable_mid
m_3828,61918,685210,7.93,100,34.11,13.37,0.392,16,24,32,42,59,74,82.84,13.01,41.96,32.01,6.08,0.77,0.0,42.3,56.2,1.4,1.84,16,0.013,5.7,44,stable_mid
m_3829,61256,691170,8.0,102,37.09,14.3,0.386,19,27,34,44,62,91,90.11,4.6,42.16,28.84,5.53,0.55,0.0,32.4,64.2,3.4,1.82,6,0.034,5.6,81,stable_mid
m_3830,59522,682620,7.9,103,35.42,11.97,0.338,19,26,34,43,57,72,91.26,3.87,42.2,30.41,5.03,0.26,0.0,35.6,63.2,1.2,1.68,12,-0.0113,5.4,72,stable_mid
m_3831,62470,691190,8.0,100,34.91,13.49,0.386,18,25,32,42,61,78,91.01,4.03,40.47,30.77,6.6,0.36,0.0,40.6,57.4,2.1,1.91,119,-0.0059,5.7,54,stable_mid
m_3832,60096,686100,7.94,103,37.42,12.89,0.344,20,28,36,46,61,75,89.66,4.96,40.69,29.7,11.72,0.53,0.0,31.0,67.4,1.6,1.69,24,-0.0007,9.1,54,stable_mid
m_3833,62309,688540,7.97,99,38.8,12.57,0.324,22,29,37,46,62,76,91.39,3.19,43.44,32.01,6.55,0.41,0.0,25.8,72.5,1.8,1.68,1,-0.0036,5.6,28,stable_mid
m_3834,61418,691190,8.0,101,32.88,12.71,0.386,16,23,31,40,56,72,90.11,4.55,40.66,29.44,5.74,0.55,0.0,45.6,53.1,1.3,1.81,13,0.0181,5.9,52,stable_mid
m_3835,59015,678600,7.85,103,46.23,11.14,0.241,31,38,45,54,66,76,91.3,3.1,43.79,36.74,6.08,0.77,0.0,3.6,93.3,3.0,1.47,33,0.0143,5.6,63,stable_mid
m_3836,59443,691070,8.0,105,38.1,11.57,0.304,23,29,36,45,59,72,91.44,2.93,44.63,35.49,10.31,0.57,0.0,25.4,73.4,1.2,1.64,7,0.0029,5.7,63,stable_mid
m_3837,58988,691190,8.0,105,43.8,11.47,0.262,27,35,43,52,63,74,91.22,3.68,50.42,40.26,7.08,0.68,0.0,9.7,88.6,1.8,1.47,3,0.0044,6.7,54,stable_mid
m_3838,60953,691190,8.0,102,41.2,12.72,0.309,24,32,39,49,64,77,91.72,3.4,44.66,36.24,9.65,0.72,0.0,18.8,78.8,2.4,1.64,6,0.0231,5.8,55,stable_mid
m_3839,63503,691190,8.0,98,34.55,13.92,0.403,15,24,33,44,59,74,89.22,5.18,43.78,32.82,6.16,0.45,0.0,40.7,57.7,1.7,1.79,26,0.005,5.7,36,stable_mid
m_3840,62384,691190,8.0,100,33.52,12.79,0.382,16,24,32,41,57,72,90.31,3.93,41.39,29.86,5.28,0.49,0.0,42.9,55.9,1.2,1.78,16,0.0113,6.3,38,stable_mid
m_3841,60161,686170,7.94,103,31.67,13.41,0.423,14,21,30,40,56,70,88.55,5.98,41.96,30.39,4.44,0.5,0.0,49.3,49.6,1.1,1.87,11,-0.0218,6.6,63,stable_mid
m_3842,61243,691190,8.0,102,42.72,12.44,0.291,25,34,41,50,65,79,91.29,3.8,45.1,34.88,7.26,0.72,0.0,13.1,83.8,3.1,1.59,52,0.001,5.6,78,stable_mid
m_3843,61655,682620,7.9,100,44.52,11.7,0.263,28,36,43,52,65,76,91.38,3.74,40.92,33.26,7.81,0.81,0.0,8.3,89.0,2.7,1.51,7,0.0068,5.6,54,stable_mid
m_3844,61503,691190,8.0,101,36.7,14.06,0.383,19,26,34,45,62,83,91.06,3.93,43.46,34.37,6.41,0.47,0.0,35.6,61.7,2.6,1.82,266,0.0231,5.7,69,stable_mid
m_3845,61117,682700,7.9,101,31.08,13.06,0.42,14,21,29,39,55,73,90.28,3.85,44.29,32.08,6.19,0.39,0.0,52.0,46.7,1.3,1.9,102,0.0012,5.6,45,stable_mid
m_3846,62561,691190,8.0,99,41.04,12.43,0.303,24,32,40,49,63,77,91.79,3.09,44.7,33.53,8.38,0.54,0.0,18.7,79.2,2.1,1.58,60,0.0202,5.7,39,stable_mid
m_3847,63030,689100,7.98,98,29.94,12.93,0.432,13,20,28,37,54,69,90.51,3.77,37.58,26.52,5.67,0.53,0.0,55.9,43.2,0.9,1.93,12,-0.0008,5.6,20,stable_mid
m_3848,59966,678200,7.85,102,17.66,5.54,0.314,9,12,19,22,25,27,94.37,1.9,29.93,31.33,3.19,1.0,0.0,99.9,0.1,0.0,1.32,0,0.0014,5.7,63,stable_mid
m_3849,60140,691190,8.0,103,44.3,14.56,0.329,25,33,42,53,72,87,91.54,3.13,45.13,37.56,5.93,0.49,0.0,14.2,80.2,5.6,1.71,92,0.0676,5.6,63,stable_mid
m_3850,60340,681010,7.88,102,44.21,11.28,0.255,28,36,43,52,64,73,91.28,4.21,36.54,28.36,7.67,0.87,0.0,8.2,89.9,1.9,1.49,1,0.0243,5.4,56,stable_mid
m_3851,62396,691190,8.0,100,38.98,13.16,0.338,21,29,37,48,62,77,90.95,3.87,46.13,36.2,6.73,0.64,0.0,27.1,71.0,2.0,1.68,46,0.0022,5.6,45,stable_mid
m_3852,57404,691190,8.0,108,42.83,14.41,0.337,23,31,41,53,69,80,87.53,6.22,46.71,39.45,15.05,0.55,0.0,20.7,74.8,4.5,1.68,113,-0.0278,6.1,72,stable_mid
m_3853,60373,687900,7.96,103,34.41,12.86,0.374,18,25,32,42,58,74,91.71,3.48,41.21,31.01,7.52,0.41,0.0,41.1,57.4,1.5,1.81,15,-0.0091,7.6,72,stable_mid
m_3854,60677,691190,8.0,103,8.15,17.1,2.098,0,0,0,0,46,66,18.62,32.48,0.26,0.21,0.92,0.0,79.7,3.5,16.1,0.8,46.0,1,0.2079,11.3,37,bursty
m_3855,62080,691190,8.0,99,47.22,10.94,0.232,31,39,47,55,66,75,91.45,3.83,46.09,38.94,9.54,0.78,0.0,3.5,94.1,2.4,1.4,2,0.0234,5.8,47,stable_mid
m_3856,61086,691190,8.0,102,40.19,13.38,0.333,21,30,38,48,65,79,89.79,5.37,47.83,36.06,8.23,0.58,0.0,22.6,74.6,2.8,1.71,19,0.0134,6.3,54,stable_mid
m_3857,61804,691190,8.0,101,50.71,10.74,0.212,34,43,51,58,68,76,91.09,3.78,48.71,41.6,15.89,0.61,0.0,1.4,94.6,4.0,1.33,9,0.0008,6.1,62,stable_high
m_3858,61106,691190,8.0,102,7.99,17.19,2.152,0,0,0,0,47,66,18.32,32.19,0.24,0.2,0.92,0.0,79.9,4.4,15.0,0.7,47.0,23,0.2111,5.7,64,bursty
m_3859,62389,685840,7.94,99,42.96,12.34,0.287,26,34,41,50,66,80,91.01,4.25,49.8,40.32,6.91,0.51,0.0,11.8,84.5,3.7,1.61,173,-0.0013,8.5,35,stable_mid
m_3860,60289,691190,8.0,103,32.37,12.97,0.401,16,23,30,40,56,75,90.47,4.21,38.31,28.04,5.93,0.49,0.0,48.0,50.6,1.4,1.87,3,0.0093,5.7,59,stable_mid
m_3861,59362,681890,7.89,103,36.16,12.88,0.356,19,26,34,44,60,75,91.48,3.13,46.14,34.09,8.55,0.6,0.0,35.4,63.1,1.5,1.76,27,0.0165,5.6,74,stable_mid
m_3862,63044,691190,8.0,99,41.77,11.13,0.267,26,33,41,49,62,71,92.42,3.06,42.9,37.0,10.31,0.72,0.0,13.5,85.2,1.3,1.51,5,-0.0233,5.6,54,stable_mid
m_3863,61708,691180,8.0,101,47.94,10.68,0.223,32,40,47,55,66,75,90.53,4.42,47.29,39.89,8.88,0.73,0.0,2.3,95.1,2.6,1.4,0,0.0137,5.7,36,stable_mid
m_3864,60704,691190,8.0,102,34.26,12.81,0.374,17,25,32,42,58,73,90.13,4.06,41.95,30.69,5.63,0.44,0.0,41.8,56.9,1.3,1.81,2,0.0147,5.6,51,stable_mid
m_3865,60203,685690,7.94,102,9.99,21.88,2.189,0,0,0,0,60,86,17.95,31.16,0.25,0.2,0.77,0.0,79.5,3.1,13.2,4.2,60.0,1,0.2663,5.9,47,bursty
m_3866,63892,689400,7.98,97,44.2,11.99,0.271,27,35,43,52,66,75,92.14,3.2,45.07,37.82,12.85,0.6,0.0,9.7,87.5,2.8,1.53,42,0.0225,5.7,18,stable_mid
m_3867,61091,688790,7.97,101,34.88,13.0,0.373,18,25,33,42,60,73,90.41,4.36,39.73,29.05,5.59,0.37,0.0,39.3,59.2,1.5,1.82,18,0.0231,6.3,57,stable_mid
m_3868,63047,691190,8.0,99,51.18,12.07,0.236,34,42,50,59,73,82,90.89,3.56,46.71,40.08,8.98,0.76,0.0,1.5,91.3,7.2,1.46,11,0.0529,5.4,25,stable_high
m_3869,60802,689990,7.99,102,38.76,12.7,0.328,21,29,37,47,61,74,91.65,3.18,48.89,39.69,7.52,0.59,0.0,26.5,71.8,1.6,1.65,1,-0.0074,5.7,65,stable_mid
m_3870,61360,691190,8.0,101,43.27,12.34,0.285,26,34,41,51,66,77,91.45,3.75,43.68,36.84,9.49,1.08,0.0,12.0,84.7,3.3,1.61,11,0.0026,5.7,54,stable_mid
m_3871,63577,691190,8.0,98,16.95,4.81,0.284,9,12,19,21,23,25,85.24,1.28,29.71,28.91,2.82,1.0,0.0,100.0,0.0,0.0,1.21,0,0.0111,5.5,38,stable_mid
m_3872,61611,691190,8.0,101,4.3,1.12,0.26,3,3,4,5,6,7,87.26,0.68,19.21,12.88,5.73,0.1,54.8,45.2,0.0,0.0,1.5,0,0.005,5.5,41,idle_pure
m_3873,63430,691190,8.0,98,43.88,11.53,0.263,27,35,42,51,65,75,91.86,3.44,42.19,35.35,9.95,0.68,0.0,8.9,88.7,2.4,1.55,3,-0.001,5.6,39,stable_mid
m_3874,61251,691190,8.0,102,35.07,12.75,0.364,17,26,33,43,59,72,87.5,7.22,41.36,30.26,6.31,0.51,0.0,37.9,60.7,1.3,1.79,2,-0.01,5.5,63,stable_mid
m_3875,62655,687780,7.96,99,35.83,13.65,0.381,17,26,34,44,61,79,89.03,5.18,43.08,31.24,7.45,0.52,0.0,36.6,61.4,2.0,1.79,98,0.0205,5.7,45,stable_mid
m_3876,63666,691190,8.0,98,37.79,15.65,0.414,19,27,34,45,68,88,85.26,7.86,45.26,35.88,13.67,0.5,0.0,34.3,61.0,4.7,2.0,37,0.0433,5.6,27,stable_mid
m_3877,58738,688890,7.97,106,37.98,14.37,0.378,20,28,36,45,63,90,91.38,3.6,45.81,35.24,6.53,0.6,0.0,30.6,66.0,3.4,1.75,95,0.0482,7.6,73,stable_mid
m_3878,53987,599580,6.94,100,0.0,0.01,1.427,0,0,0,0,0,0,3.0,0.0,0.01,0.01,0.0,1.0,100.0,0.0,0.0,0.0,0.0,0,0.0,5.4,27,bursty
m_3879,63541,690120,7.99,98,41.36,14.04,0.34,19,32,40,51,66,76,89.34,4.96,42.48,29.17,5.39,0.3,0.0,20.0,76.6,3.5,1.65,16,0.114,5.8,45,stable_mid
m_3880,61398,691190,8.0,101,40.58,16.01,0.394,21,29,38,48,71,93,91.32,3.65,45.33,33.0,7.48,0.44,0.0,26.0,68.8,5.2,1.87,9,0.0755,5.6,62,stable_mid
m_3881,61691,691180,8.0,101,47.44,11.19,0.236,31,39,46,55,67,77,91.46,3.62,45.37,37.72,7.87,0.93,0.0,2.5,94.2,3.3,1.46,38,0.0163,5.6,45,stable_mid
m_3882,61544,687910,7.96,101,39.72,12.14,0.306,22,30,39,48,61,73,85.9,8.99,43.81,35.27,7.35,0.49,0.0,22.6,75.9,1.4,1.56,5,0.0352,5.6,48,stable_mid
m_3883,61761,687810,7.96,100,33.54,12.89,0.384,14,25,32,41,56,70,89.87,4.27,38.16,28.64,4.81,0.89,0.0,40.8,58.1,1.1,1.75,9,-0.0074,5.7,45,stable_mid
m_3884,61096,691190,8.0,102,38.45,13.58,0.353,21,29,36,46,64,81,90.53,4.22,46.61,36.9,6.84,0.49,0.0,28.2,68.9,2.9,1.78,154,0.0248,5.7,72,stable_mid
m_3885,60827,691190,8.0,102,47.85,10.87,0.227,32,39,47,56,66,75,91.29,3.4,45.4,39.67,13.23,0.53,0.0,2.4,95.2,2.4,1.4,0,-0.0087,5.6,76,stable_mid
m_3886,61685,691190,8.0,101,32.43,13.16,0.406,15,23,30,40,56,73,88.98,4.89,42.36,30.25,6.44,0.49,0.0,47.6,51.0,1.4,1.87,53,0.0085,5.7,54,stable_mid
m_3887,62419,691190,8.0,100,40.93,12.21,0.298,24,32,39,49,63,76,91.4,3.36,41.47,31.32,7.88,0.51,0.0,18.6,79.3,2.1,1.62,0,0.003,5.5,44,stable_mid
m_3888,63348,689100,7.98,98,44.92,10.66,0.237,29,37,44,52,64,75,91.26,3.98,45.77,38.45,10.46,0.47,0.0,5.2,92.8,2.0,1.45,35,-0.0062,5.5,45,stable_mid
m_3889,62192,691190,8.0,100,44.35,16.87,0.38,22,31,41,54,79,84,88.96,5.03,44.9,36.58,11.87,0.53,0.0,20.8,68.0,11.2,1.93,124,-0.0028,7.8,54,stable_mid
m_3890,62951,689460,7.98,99,42.6,16.32,0.383,23,31,39,51,77,93,89.7,4.38,40.72,33.03,11.26,0.35,0.0,21.0,72.0,6.9,1.97,74,0.0551,5.8,29,stable_mid
m_3891,61977,691070,8.0,100,41.05,11.64,0.284,25,32,40,48,62,75,87.11,10.32,48.59,37.42,7.45,0.6,0.0,15.8,82.4,1.7,1.55,0,0.0181,5.6,47,stable_mid
m_3892,63341,691190,8.0,98,51.37,10.05,0.196,35,44,51,59,68,74,90.69,3.91,50.05,40.37,54.81,0.56,0.0,0.6,96.4,3.0,1.33,15,-0.0016,5.7,45,stable_high
m_3893,60878,691190,8.0,102,39.16,13.13,0.335,21,29,37,47,63,77,90.75,4.01,45.46,36.05,7.1,0.62,0.0,26.0,71.7,2.2,1.7,20,0.0224,5.6,63,stable_mid
m_3894,60531,691190,8.0,103,41.27,13.63,0.33,24,31,39,49,66,85,91.16,3.67,36.9,27.02,7.7,0.59,0.0,19.2,76.7,4.1,1.69,110,0.057,5.5,71,stable_mid
m_3895,60637,691190,8.0,103,43.98,13.19,0.3,26,35,42,52,67,87,91.87,3.2,49.16,40.98,7.86,0.59,0.0,11.0,85.0,4.0,1.6,38,0.0293,5.7,54,stable_mid
m_3896,61152,688000,7.96,101,43.33,13.51,0.312,25,33,41,52,69,79,88.41,5.33,43.25,32.74,9.28,0.63,0.0,14.6,80.6,4.8,1.68,65,0.0237,5.6,54,stable_mid
m_3897,61600,691190,8.0,101,37.88,13.33,0.352,20,28,36,46,62,77,91.48,3.43,47.25,34.44,7.66,0.49,0.0,30.6,67.4,2.0,1.72,70,0.0114,9.2,39,stable_mid
m_3898,63882,689990,7.99,97,45.3,11.42,0.252,28,37,44,53,65,76,90.44,4.81,43.46,34.98,7.21,0.67,0.0,6.9,90.8,2.3,1.48,2,-0.0051,5.6,36,stable_mid
m_3899,60870,691190,8.0,102,43.97,11.34,0.258,28,35,43,52,64,74,91.94,3.01,43.2,35.69,7.87,0.85,0.0,8.1,89.9,2.0,1.49,5,0.0068,5.4,67,stable_mid
m_3900,61711,688010,7.96,100,34.5,17.17,0.498,14,23,31,42,65,96,89.24,4.41,39.23,28.45,5.61,0.23,0.0,45.0,50.5,4.4,2.1,17,0.0368,6.2,63,stable_mid
m_3901,61349,690650,7.99,101,38.73,12.14,0.314,22,30,37,46,61,76,90.47,5.11,44.51,35.84,6.45,0.52,0.0,24.7,73.6,1.6,1.65,7,0.0201,5.7,48,stable_mid
m_3902,59606,685210,7.93,103,43.49,12.17,0.28,27,34,42,51,65,83,91.43,3.68,41.87,34.66,8.38,0.75,0.0,9.5,87.1,3.4,1.55,2,0.0388,5.5,63,stable_mid
m_3903,63915,687780,7.96,97,44.69,15.51,0.347,24,33,42,53,77,89,88.29,5.41,49.83,40.52,8.93,0.48,0.0,15.0,77.7,7.3,1.83,104,0.0488,5.6,36,stable_mid
m_3904,61106,691010,8.0,102,21.26,6.69,0.315,10,16,22,26,31,35,48.93,23.1,11.16,11.2,25.94,3.65,0.0,91.9,8.1,0.0,1.41,7,0.0518,5.6,42,stable_mid
m_3905,61627,686410,7.94,100,27.62,12.88,0.466,11,18,26,35,51,67,88.97,5.24,40.42,28.94,4.45,0.44,0.1,61.4,37.7,0.8,1.96,6,-0.0049,5.7,54,stable_mid
m_3906,56899,691190,8.0,109,8.84,19.51,2.208,0,0,0,0,51,89,19.49,33.43,0.25,0.21,0.93,0.0,79.6,4.7,13.2,2.5,51.0,17,0.2463,14.0,63,bursty
m_3907,56946,691190,8.0,109,9.0,19.38,2.152,0,0,0,0,50,87,19.44,33.25,0.28,0.22,0.91,0.0,79.5,3.6,14.9,2.0,50.0,0,0.2503,14.2,54,bursty
m_3908,61938,678110,7.85,99,43.73,11.76,0.269,27,35,43,52,64,76,88.14,6.15,38.93,29.43,8.77,0.74,0.0,10.4,87.3,2.3,1.49,35,0.0031,5.4,56,stable_mid
m_3909,59150,684580,7.92,104,30.06,12.66,0.421,13,21,28,37,54,68,91.05,3.1,34.16,22.97,5.81,0.49,0.0,55.3,43.8,0.9,1.93,5,0.0244,6.0,79,stable_mid
m_3910,62959,691190,8.0,99,37.76,11.85,0.314,21,29,37,45,59,73,91.71,3.3,36.46,28.03,6.43,0.57,0.0,26.9,71.7,1.4,1.59,62,0.0377,5.7,49,stable_mid
m_3911,62417,683110,7.91,98,39.82,12.42,0.312,23,30,38,48,62,76,91.28,3.37,45.62,35.42,7.75,0.77,0.0,22.3,75.7,1.9,1.63,5,0.008,5.6,54,stable_mid
m_3912,57788,691190,8.0,108,40.4,14.22,0.352,22,30,38,48,66,91,91.02,4.01,46.8,38.08,8.02,0.52,0.0,23.2,72.9,3.9,1.74,18,0.0692,12.7,71,stable_mid
m_3913,60420,691190,8.0,103,38.76,13.59,0.351,20,29,37,47,63,80,89.01,6.9,35.64,24.01,6.77,0.52,0.0,25.9,71.4,2.7,1.7,92,0.0824,5.6,56,stable_mid
m_3914,58928,689990,7.99,105,37.33,17.15,0.459,18,26,34,44,72,96,91.32,3.77,33.65,23.12,6.86,0.4,0.0,37.0,57.7,5.3,2.12,51,0.095,5.5,60,stable_mid
m_3915,60448,688510,7.97,102,35.57,11.79,0.331,19,27,34,43,57,69,89.13,4.73,46.05,37.68,5.86,0.71,0.0,35.0,64.1,1.0,1.68,9,0.0104,6.3,72,stable_mid
m_3916,61289,691190,8.0,101,36.3,16.16,0.445,17,25,33,43,68,91,90.2,4.27,40.47,29.49,6.11,0.48,0.0,38.2,57.0,4.8,2.06,9,0.0685,7.3,56,stable_mid
m_3917,62581,691190,8.0,99,42.1,14.8,0.351,24,32,39,50,70,91,92.18,3.19,40.95,32.38,8.93,0.49,0.0,18.2,76.7,5.1,1.79,0,0.0724,6.3,37,stable_mid
m_3918,63045,691190,8.0,99,52.2,10.53,0.202,35,44,52,60,69,76,90.62,4.29,46.9,40.59,59.46,0.54,0.0,0.6,94.7,4.7,1.33,2,0.0138,5.9,36,stable_high
m_3919,62833,691180,8.0,99,41.85,15.86,0.379,23,30,38,50,75,92,91.92,3.06,46.74,37.77,7.66,0.42,0.0,22.2,71.7,6.1,1.97,80,0.0754,5.6,36,stable_mid
m_3920,60569,691190,8.0,103,34.35,15.42,0.449,15,24,32,42,61,96,91.65,3.5,37.78,27.67,4.3,0.46,0.0,42.1,54.7,3.2,1.91,46,0.0304,5.6,63,stable_mid
m_3921,60396,685210,7.93,102,36.74,12.12,0.33,21,28,35,44,59,73,92.61,2.79,37.93,32.33,8.88,0.65,0.0,32.2,66.5,1.4,1.69,1,0.0309,8.8,36,stable_mid
m_3922,61128,691070,8.0,102,40.49,12.51,0.309,23,31,39,49,62,75,92.13,2.95,47.69,36.95,7.36,0.59,0.0,21.8,76.5,1.8,1.59,13,0.0253,6.1,45,stable_mid
m_3923,61620,686030,7.94,100,44.86,12.54,0.28,27,35,44,54,66,77,89.34,4.73,39.75,32.94,8.74,0.61,0.0,9.9,87.1,3.0,1.5,17,-0.0167,5.6,53,stable_mid
m_3924,61222,678480,7.85,100,32.46,13.48,0.415,15,22,30,40,58,74,88.24,5.27,42.79,30.53,7.24,0.61,0.0,47.9,50.6,1.5,1.93,46,0.0111,5.6,45,stable_mid
m_3925,62247,689990,7.99,100,33.16,12.97,0.391,15,24,31,41,57,71,90.61,4.09,42.45,32.22,5.88,0.51,0.0,43.9,55.0,1.1,1.84,2,0.0112,5.7,47,stable_mid
m_3926,62189,691000,8.0,100,36.03,13.44,0.373,18,26,34,45,61,74,90.21,4.33,44.1,33.19,14.69,0.47,0.0,36.1,62.4,1.5,1.79,2,0.03,5.6,36,stable_mid
m_3927,60626,691190,8.0,103,50.1,9.99,0.199,34,43,50,57,67,73,89.75,4.66,50.73,57.44,8.53,0.9,0.0,1.0,96.6,2.4,1.34,0,0.0066,6.4,73,stable_high
m_3928,63443,691190,8.0,98,38.93,15.28,0.392,21,28,36,46,69,89,89.12,4.98,43.68,33.22,11.42,0.36,0.0,28.9,66.2,4.9,1.92,14,0.0832,6.3,28,stable_mid
m_3929,60187,691190,8.0,103,38.92,14.75,0.379,21,28,36,46,65,93,90.73,3.89,48.78,38.24,6.71,0.56,0.0,28.8,67.3,3.9,1.81,89,0.0315,5.7,82,stable_mid
m_3930,58546,684290,7.92,105,43.54,13.78,0.316,24,33,42,52,68,87,91.35,3.38,45.04,35.29,7.2,0.68,0.0,14.0,81.8,4.2,1.62,92,-0.0086,5.8,90,stable_mid
m_3931,62931,691180,8.0,99,33.45,12.69,0.379,17,24,31,40,58,73,90.1,4.38,40.39,30.09,5.99,0.54,0.0,43.2,55.5,1.3,1.87,5,-0.0041,5.6,40,stable_mid
m_3932,62602,691190,8.0,99,42.79,11.64,0.272,27,34,41,50,64,77,91.67,3.33,42.12,33.94,8.61,0.83,0.0,11.3,86.4,2.3,1.56,15,0.0252,5.7,54,stable_mid
m_3933,62226,686110,7.94,99,48.92,10.57,0.216,33,41,48,56,67,76,91.86,3.28,46.05,38.33,7.87,1.03,0.0,1.4,95.5,3.1,1.4,0,0.0391,5.6,48,stable_mid
m_3934,62286,691070,8.0,100,35.83,12.54,0.35,19,26,34,43,59,73,91.64,3.39,41.41,32.08,6.11,0.53,0.0,36.0,62.6,1.4,1.74,15,0.0053,5.7,28,stable_mid
m_3935,63180,691190,8.0,98,43.64,12.06,0.276,26,34,42,52,65,75,90.05,4.1,51.88,42.77,8.56,1.09,0.0,11.1,86.5,2.4,1.55,1,0.0043,5.6,37,stable_mid
m_3936,62206,691190,8.0,100,40.81,12.27,0.301,24,31,39,49,63,76,90.35,4.93,47.35,42.12,7.34,0.6,0.0,18.3,79.7,2.0,1.62,1,0.0256,5.6,36,stable_mid
m_3937,62163,689410,7.98,100,35.98,14.38,0.4,18,26,33,43,62,90,90.4,4.06,46.91,34.61,5.24,0.55,0.0,38.0,59.1,3.0,1.88,4,0.0434,5.6,54,stable_mid
m_3938,62222,691190,8.0,100,43.68,14.57,0.334,25,33,41,51,72,88,90.61,4.0,45.95,38.62,13.14,0.52,0.0,14.3,80.1,5.7,1.76,9,0.0695,5.5,54,stable_mid
m_3939,59634,687850,7.96,104,44.24,12.1,0.274,28,35,43,53,66,77,89.23,5.13,49.73,40.75,9.92,0.74,0.0,9.4,87.8,2.8,1.53,17,0.0174,5.7,73,stable_mid
m_3940,60233,686110,7.94,103,50.66,10.43,0.206,35,43,50,58,69,75,91.78,3.27,48.24,44.59,10.64,0.85,0.0,0.5,95.4,4.1,1.38,1,-0.0001,5.5,67,stable_high
m_3941,61100,684590,7.92,101,40.42,12.47,0.309,23,31,39,48,63,73,92.06,3.19,42.08,34.42,10.84,0.56,0.0,21.1,77.2,1.7,1.62,0,0.0033,5.7,54,stable_mid
m_3942,60810,691190,8.0,102,43.91,11.66,0.265,27,35,43,52,64,75,91.69,3.56,49.16,39.8,10.91,0.7,0.0,9.5,88.4,2.1,1.49,2,0.0112,6.0,64,stable_mid
m_3943,60721,691180,8.0,102,36.46,13.41,0.368,18,26,35,44,61,77,91.48,3.56,39.68,27.97,6.2,0.4,0.0,34.3,63.8,1.9,1.74,88,0.0103,7.1,81,stable_mid
m_3944,63944,689420,7.98,97,45.31,12.59,0.278,28,36,44,53,68,79,90.99,3.57,44.06,35.63,8.0,0.5,0.0,8.6,87.1,4.4,1.55,36,0.0194,5.6,29,stable_mid
m_3945,61255,691190,8.0,101,40.16,14.81,0.369,19,29,38,50,67,80,90.47,4.37,41.67,31.48,5.19,0.64,0.0,26.2,70.2,3.6,1.76,123,0.0264,5.6,54,stable_mid
m_3946,61128,691190,8.0,102,38.88,13.91,0.358,20,28,37,48,64,79,87.9,5.46,54.19,42.66,8.47,0.66,0.0,28.7,68.5,2.8,1.73,36,-0.0305,5.9,67,stable_mid
m_3947,60413,691190,8.0,103,36.38,16.37,0.45,19,25,32,43,66,96,91.44,3.53,33.99,25.29,7.05,0.33,0.0,40.7,54.7,4.6,2.06,37,0.0546,5.6,47,stable_mid
m_3948,62477,680460,7.88,98,43.86,13.63,0.311,24,34,42,52,67,87,91.29,3.68,44.87,37.52,12.19,0.74,0.0,13.9,82.1,4.0,1.6,29,0.0292,5.8,28,stable_mid
m_3949,61743,689990,7.99,101,49.47,10.61,0.214,33,41,49,57,67,75,88.93,4.42,39.66,31.35,11.59,0.73,0.0,1.4,95.9,2.7,1.37,0,0.0348,5.7,45,stable_mid
m_3950,59493,680080,7.87,103,36.1,14.59,0.404,17,25,34,45,63,81,90.65,4.82,37.63,27.73,7.41,0.37,0.0,37.6,59.3,3.1,1.85,156,0.0268,5.5,81,stable_mid
m_3951,62794,691180,8.0,99,46.63,12.68,0.272,28,37,46,56,69,78,86.54,6.27,13.94,13.16,7.4,0.85,0.0,7.0,88.7,4.2,1.5,124,0.0202,5.9,35,stable_mid
m_3952,61436,691190,8.0,101,43.53,13.35,0.307,25,33,42,53,67,79,87.7,6.11,50.77,39.08,9.83,0.62,0.0,14.9,81.5,3.6,1.6,10,0.0116,5.6,63,stable_mid
m_3953,62727,691190,8.0,99,47.92,12.24,0.255,29,39,47,57,69,78,90.28,4.42,47.99,40.48,12.49,0.91,0.0,5.0,90.6,4.3,1.47,49,0.0099,5.6,37,stable_mid
m_3954,61539,691190,8.0,101,38.35,14.47,0.377,20,28,36,46,64,90,91.52,3.25,42.29,32.99,6.96,0.69,0.0,29.4,67.0,3.5,1.78,122,0.0615,5.6,54,stable_mid
m_3955,61781,691190,8.0,101,32.91,15.28,0.464,13,22,31,41,59,93,90.69,3.96,39.95,27.97,5.29,0.55,0.0,46.1,51.4,2.5,1.9,54,0.0434,5.6,46,stable_mid
m_3956,60982,691190,8.0,102,36.88,12.71,0.345,20,27,35,44,60,75,91.57,3.58,41.55,31.42,5.82,0.35,0.0,31.9,66.4,1.7,1.71,14,0.0206,5.6,77,stable_mid
m_3957,61097,691190,8.0,102,38.87,13.39,0.344,19,29,37,47,63,76,88.11,7.83,35.48,23.69,6.55,0.45,0.0,25.7,72.2,2.1,1.7,57,0.0936,5.6,45,stable_mid
m_3958,62169,685100,7.93,99,40.77,11.7,0.287,24,32,39,48,61,76,91.39,3.37,44.49,37.85,7.0,0.79,0.0,17.0,81.1,2.0,1.56,42,-0.0069,5.5,45,stable_mid
m_3959,61323,687850,7.96,101,36.41,12.2,0.335,20,27,35,44,58,73,91.92,3.02,52.42,41.32,6.72,0.54,0.0,32.7,65.9,1.4,1.66,2,0.0234,6.3,52,stable_mid
m_3960,62398,682690,7.9,98,41.72,12.59,0.302,25,32,40,49,64,84,91.98,3.37,41.26,35.81,10.35,0.7,0.0,15.9,81.1,3.0,1.6,0,0.0177,5.7,36,stable_mid
m_3961,62295,682510,7.9,99,36.06,12.57,0.349,19,27,34,44,59,74,90.35,3.84,49.85,38.54,6.08,0.9,0.0,34.9,63.7,1.5,1.74,4,0.0012,5.7,27,stable_mid
m_3962,64196,687070,7.95,96,31.06,13.1,0.422,12,22,29,39,55,69,90.1,3.86,41.49,30.32,4.96,0.54,0.0,50.4,48.7,0.9,1.9,14,-0.0145,5.6,18,stable_mid
m_3963,61389,691190,8.0,101,32.77,12.38,0.378,16,23,31,40,56,70,89.75,4.76,41.29,29.98,9.26,0.51,0.0,45.9,53.0,1.1,1.81,15,0.0097,5.6,54,stable_mid
m_3964,62240,688770,7.97,100,32.93,12.87,0.391,16,23,31,40,58,70,89.11,5.39,39.92,28.63,9.1,0.47,0.0,45.7,53.3,1.0,1.87,3,0.0026,5.5,54,stable_mid
m_3965,62766,691180,8.0,99,36.08,13.71,0.38,17,25,34,45,61,74,87.66,5.78,45.81,36.64,11.48,0.62,0.0,36.6,61.6,1.7,1.79,26,-0.0096,5.6,45,stable_mid
m_3966,60772,687810,7.96,102,35.72,15.42,0.432,16,25,33,43,64,93,90.74,3.74,44.3,35.08,6.14,0.26,0.0,38.6,57.7,3.7,1.94,99,0.0683,5.6,45,stable_mid
m_3967,62861,677510,7.84,97,36.57,12.66,0.346,20,27,35,44,61,74,91.43,3.73,40.92,30.04,6.46,0.36,0.0,33.0,65.5,1.6,1.74,17,0.0196,5.6,27,stable_mid
m_3968,58505,685800,7.94,105,41.31,11.46,0.277,25,33,40,49,62,74,91.24,3.59,42.94,33.38,6.4,0.62,0.0,14.8,83.5,1.6,1.55,2,0.0259,5.6,90,stable_mid
m_3969,61120,689080,7.98,101,42.0,12.65,0.301,25,33,40,50,66,78,90.78,4.1,35.21,28.28,7.86,0.46,0.0,15.8,81.3,3.0,1.65,5,0.0023,5.8,54,stable_mid
m_3970,61707,691190,8.0,101,36.69,12.07,0.329,21,28,35,44,59,73,90.73,4.3,45.46,35.32,6.44,0.67,0.0,31.6,67.1,1.3,1.69,4,0.0159,7.3,50,stable_mid
m_3971,62279,691190,8.0,100,44.83,11.7,0.261,28,36,44,53,65,77,91.48,3.52,56.11,47.95,7.46,0.71,0.0,8.3,89.2,2.5,1.48,5,-0.0034,5.5,45,stable_mid
m_3972,61059,687070,7.95,101,41.15,11.99,0.291,24,32,40,49,63,73,92.08,3.39,43.89,36.28,10.48,0.84,0.0,17.5,80.9,1.6,1.58,0,0.0194,5.6,65,stable_mid
m_3973,60396,691190,8.0,103,31.61,12.48,0.395,15,22,30,39,54,69,90.9,3.71,39.66,28.62,5.3,0.96,0.1,49.1,49.9,0.9,1.8,2,-0.0014,5.6,64,stable_mid
m_3974,61637,686390,7.94,100,44.03,11.41,0.259,28,35,43,51,65,75,90.01,4.72,45.12,37.48,8.91,0.62,0.0,7.8,89.9,2.4,1.51,6,0.0172,5.6,45,stable_mid
m_3975,59755,690680,7.99,104,46.6,12.05,0.259,29,38,46,55,68,77,89.5,5.42,46.0,39.7,10.57,0.93,0.0,6.2,90.0,3.8,1.48,113,0.0244,5.7,72,stable_mid
m_3976,61049,691190,8.0,102,33.62,13.98,0.416,14,23,32,42,59,75,88.78,5.52,42.44,31.45,6.61,0.48,0.0,43.2,55.2,1.6,1.84,37,0.0167,8.0,36,stable_mid
m_3977,62270,690120,7.99,100,39.53,14.3,0.362,21,29,37,47,65,89,90.59,4.36,45.25,35.43,7.84,0.53,0.0,25.6,70.6,3.8,1.76,55,0.0435,5.7,55,stable_mid
m_3978,60855,681000,7.88,101,46.78,11.88,0.254,30,38,46,55,67,78,91.46,3.29,41.82,35.81,11.26,0.89,0.0,5.0,91.5,3.6,1.46,44,-0.0105,5.5,36,stable_mid
m_3979,61667,680080,7.87,99,45.33,13.32,0.294,28,35,43,52,72,85,90.95,3.62,44.25,35.28,7.42,0.47,0.0,7.1,87.3,5.6,1.67,0,0.0571,7.0,36,stable_mid
m_3980,58543,683100,7.91,105,41.69,13.49,0.323,24,32,40,49,64,90,91.73,3.2,46.36,38.52,7.64,0.68,0.0,18.5,78.0,3.5,1.6,2,0.033,7.8,66,stable_mid
m_3981,60307,666780,7.72,100,8.75,17.53,2.002,0,0,0,4,49,64,21.98,30.63,0.57,0.58,1.31,0.0,79.6,3.5,16.2,0.7,49.0,4,0.2182,5.6,37,bursty
m_3982,59631,691180,8.0,104,37.26,13.35,0.358,19,27,35,46,61,76,91.59,3.57,41.53,32.29,6.97,0.47,0.0,32.1,66.1,1.9,1.74,25,0.0101,6.2,72,stable_mid
m_3983,60361,691190,8.0,103,40.86,13.05,0.319,24,32,39,47,66,82,92.08,2.95,42.46,36.57,6.86,0.65,0.0,17.8,77.8,4.4,1.69,0,0.051,6.3,62,stable_mid
m_3984,63836,691190,8.0,97,42.85,11.86,0.277,26,34,42,51,64,74,91.29,3.48,45.04,37.09,8.06,0.67,0.0,12.9,85.2,1.9,1.52,10,0.0225,5.4,29,stable_mid
m_3985,63330,690310,7.99,98,1.32,6.4,4.841,0,0,0,0,0,35,6.08,10.09,0.02,0.02,0.2,0.59,95.5,2.3,2.1,0.0,0.0,2,0.0396,5.9,27,bursty
m_3986,62387,691190,8.0,100,40.36,13.16,0.326,22,30,39,48,65,79,91.47,3.63,48.06,39.96,8.86,0.66,0.0,22.1,74.8,3.1,1.67,55,0.0128,5.6,44,stable_mid
m_3987,61257,689970,7.99,101,41.85,14.36,0.343,23,31,40,50,68,89,90.88,3.9,42.57,33.66,9.89,0.88,0.0,20.3,75.2,4.5,1.7,61,0.0693,5.6,54,stable_mid
m_3988,61582,691190,8.0,101,33.39,12.86,0.385,17,23,31,41,57,71,90.69,3.68,34.79,24.68,7.28,0.4,0.0,44.7,54.1,1.2,1.84,21,0.0354,5.6,68,stable_mid
m_3989,61444,691190,8.0,101,49.97,11.32,0.227,34,41,49,58,70,81,92.1,3.07,45.5,41.08,11.15,0.93,0.0,0.7,94.1,5.2,1.43,0,0.0299,6.3,54,stable_mid
m_3990,59854,691190,8.0,104,39.62,12.4,0.313,23,30,38,47,62,78,91.66,3.33,51.18,41.09,5.79,0.48,0.0,22.3,75.7,2.0,1.63,23,0.0074,6.1,79,stable_mid
m_3991,61852,691190,8.0,101,45.64,12.25,0.268,28,36,44,54,67,77,90.15,4.55,39.24,32.31,9.84,0.73,0.0,7.6,89.4,3.0,1.52,28,0.0236,6.1,59,stable_mid
m_3992,59498,691190,8.0,105,41.9,12.61,0.301,24,32,40,50,65,76,88.43,4.78,44.95,37.28,10.12,0.94,0.0,17.1,80.3,2.6,1.62,22,0.0521,5.5,69,stable_mid
m_3993,61053,690480,7.99,102,41.84,11.67,0.279,26,33,40,49,63,77,85.91,8.35,45.5,38.75,7.29,0.98,0.0,13.7,84.2,2.1,1.58,42,0.0237,5.7,73,stable_mid
m_3994,62533,686100,7.94,99,32.98,13.73,0.416,15,23,31,41,58,74,89.19,4.88,41.1,29.56,5.99,0.54,0.0,46.4,52.1,1.5,1.87,41,0.0065,5.6,45,stable_mid
m_3995,60455,683330,7.91,102,34.02,12.89,0.379,17,24,32,42,58,73,90.37,4.06,42.31,31.0,6.07,0.66,0.0,42.0,56.7,1.4,1.81,11,0.0046,6.1,54,stable_mid
m_3996,58757,687110,7.95,105,42.07,14.49,0.344,21,31,40,52,69,77,88.79,5.0,47.85,39.8,6.71,0.44,0.0,21.4,73.8,4.8,1.72,130,-0.079,5.6,67,stable_mid
m_3997,59944,689980,7.99,104,42.66,15.09,0.354,24,32,40,50,72,90,91.03,3.94,38.2,29.58,6.26,0.46,0.0,19.2,75.3,5.5,1.8,71,0.075,6.8,72,stable_mid
m_3998,60177,691180,8.0,103,30.11,13.79,0.458,13,20,28,37,55,78,87.05,7.95,25.74,16.79,3.95,0.5,0.1,55.9,42.3,1.6,1.96,9,0.0234,6.8,72,stable_mid
m_3999,62971,688890,7.97,98,44.61,11.34,0.254,28,36,43,52,65,75,90.61,3.97,38.65,30.69,8.42,0.55,0.0,6.9,90.6,2.4,1.51,5,0.0052,5.6,27,stable_mid
m_4000,61395,691190,8.0,101,42.44,13.68,0.322,24,32,40,51,69,78,91.34,3.9,44.62,37.5,7.86,0.6,0.0,18.1,77.2,4.8,1.72,5,0.0506,5.4,57,stable_mid
m_4001,59370,687910,7.96,104,31.72,12.44,0.392,15,22,30,39,54,71,90.94,3.5,40.49,28.58,4.92,0.4,0.0,48.9,50.0,1.1,1.8,12,0.0201,5.6,91,stable_mid
m_4002,62090,691190,8.0,100,43.89,12.05,0.275,27,35,43,52,65,78,90.16,4.63,55.33,44.92,6.1,0.56,0.0,10.6,87.0,2.4,1.51,34,0.0151,5.9,36,stable_mid
m_4003,60768,685570,7.93,102,43.38,12.08,0.278,26,34,42,51,65,75,91.65,3.32,43.3,36.47,9.2,0.83,0.0,11.5,86.2,2.3,1.55,3,0.0085,5.6,55,stable_mid
m_4004,60072,681840,7.89,102,37.9,11.34,0.299,23,29,36,45,58,72,92.07,3.11,49.04,39.3,7.41,0.5,0.0,25.7,73.1,1.2,1.61,3,-0.003,6.0,81,stable_mid
m_4005,61301,691190,8.0,101,42.65,12.03,0.282,26,33,41,50,64,78,91.3,3.8,47.15,39.55,6.8,0.63,0.0,13.3,84.3,2.4,1.56,30,0.0255,5.6,46,stable_mid
m_1,61824,691180,8.0,101,36.74,13.75,0.374,19,27,34,44,61,87,90.13,4.59,39.06,27.51,5.48,0.67,0.0,33.7,63.3,2.9,1.79,4,0.0607,5.6,54,stable_mid
m_10,61437,681020,7.88,100,42.54,12.58,0.296,25,33,41,52,64,75,90.76,4.07,40.99,32.76,7.84,0.81,0.0,16.0,81.7,2.3,1.56,10,0.0333,8.1,46,stable_mid
m_11,62537,691180,8.0,99,39.65,12.38,0.312,23,30,38,47,63,75,88.06,5.69,48.26,36.35,9.65,0.66,0.0,22.5,75.5,2.0,1.66,18,0.0149,5.5,29,stable_mid
m_12,61033,683090,7.91,101,4.3,0.84,0.194,3,4,4,5,6,6,92.59,1.39,21.0,16.5,1.03,0.0,61.9,38.1,0.0,0.0,1.5,0,0.0058,5.6,45,idle_pure
m_13,63384,684800,7.93,97,37.21,12.45,0.334,21,28,35,45,60,74,91.74,3.21,42.44,32.57,6.32,0.59,0.0,30.8,67.7,1.4,1.71,14,0.0254,5.8,27,stable_mid
m_14,62794,691190,8.0,99,40.18,13.16,0.327,23,30,38,48,65,80,91.16,3.42,47.61,38.44,8.43,0.71,0.0,22.3,74.8,2.9,1.71,23,0.0155,5.4,27,stable_mid
m_15,62175,691190,8.0,100,45.82,12.07,0.263,28,37,45,54,66,76,91.38,3.59,48.56,41.41,6.46,0.46,0.0,7.5,89.5,3.0,1.47,0,0.0198,5.6,54,stable_mid
m_2,61431,691190,8.0,101,31.84,12.43,0.39,16,22,30,39,55,68,89.99,4.25,46.71,33.85,5.46,0.44,0.0,49.2,49.9,0.9,1.83,8,-0.0059,5.6,71,stable_mid
m_3,59332,691190,8.0,104,40.73,12.45,0.306,23,31,39,49,64,73,91.55,3.75,42.44,35.95,8.2,0.79,0.0,20.0,78.0,2.0,1.64,3,0.0284,5.6,66,stable_mid
m_4,62680,685830,7.94,98,48.21,10.72,0.222,32,40,48,56,66,76,91.68,3.21,42.47,35.87,8.19,0.39,0.0,2.4,94.8,2.8,1.38,1,0.0093,5.6,36,stable_mid
m_4006,62174,691190,8.0,100,36.42,17.49,0.48,16,24,32,44,76,86,89.22,4.92,38.56,27.64,6.37,1.17,0.0,42.3,49.8,8.0,2.38,17,-0.0579,6.1,36,stable_mid
m_4007,61637,690510,7.99,101,43.61,12.13,0.278,27,34,42,52,66,75,90.17,4.21,47.38,39.29,6.97,0.57,0.0,10.8,86.4,2.8,1.57,4,0.0113,5.5,62,stable_mid
m_4008,62729,691190,8.0,99,53.46,13.27,0.248,30,45,54,63,72,91,88.3,5.4,37.44,30.03,7.06,0.34,0.0,4.2,85.3,10.5,1.33,1,0.0198,5.7,36,stable_high
m_4009,58585,691190,8.0,106,41.36,11.76,0.284,25,33,40,49,63,76,91.46,3.44,40.24,29.12,5.38,0.25,0.0,15.2,82.9,1.9,1.58,0,0.0261,5.9,63,stable_mid
m_4010,61837,690520,7.99,100,37.56,17.9,0.477,16,24,33,46,75,92,88.03,5.63,37.52,26.21,6.62,0.58,0.0,40.1,52.7,7.2,2.27,32,0.048,5.6,45,stable_mid
m_4011,60239,691190,8.0,103,32.21,14.94,0.464,13,21,29,41,61,77,87.21,5.5,44.01,31.01,7.99,0.58,0.0,50.3,47.3,2.4,2.1,93,-0.0198,8.8,58,stable_mid
m_4012,62077,691190,8.0,100,34.09,11.91,0.349,18,25,32,41,56,70,89.04,5.05,42.93,30.92,10.87,0.52,0.0,39.6,59.3,1.0,1.75,3,0.0095,5.6,36,stable_mid
m_4013,59075,691190,8.0,105,40.36,11.84,0.293,24,31,39,48,62,74,91.64,3.42,50.47,40.95,7.21,0.73,0.0,19.1,79.3,1.6,1.59,2,0.0163,6.3,69,stable_mid
m_4014,61588,691190,8.0,101,41.17,12.34,0.3,24,32,39,49,64,76,88.06,6.72,47.57,37.64,7.94,0.67,0.0,18.4,79.5,2.0,1.64,5,0.0342,5.7,46,stable_mid
m_4015,61605,674690,7.81,99,41.21,16.15,0.392,22,30,38,49,75,92,90.52,4.4,36.25,27.97,8.99,0.59,0.0,24.9,69.1,6.0,1.97,53,0.08,5.6,27,stable_mid
m_4016,62556,689030,7.97,99,33.58,17.92,0.534,13,21,29,40,77,91,85.98,8.83,33.2,21.39,4.58,0.54,0.0,50.6,42.1,7.3,2.66,21,0.1156,5.6,45,stable_mid
m_4017,59890,682510,7.9,103,45.78,11.68,0.255,29,37,45,53,66,79,91.43,3.59,40.64,32.89,11.46,0.77,0.0,5.9,90.9,3.1,1.47,42,0.0073,5.7,63,stable_mid
m_4018,60739,684800,7.93,101,38.34,12.4,0.324,22,29,36,46,61,75,90.95,3.97,36.43,27.59,6.64,0.62,0.0,26.1,72.0,1.9,1.69,44,0.0393,5.7,63,stable_mid
m_4019,59896,691190,8.0,104,44.51,12.09,0.272,27,35,43,53,66,75,91.13,3.86,45.2,38.47,13.33,0.69,0.0,9.9,87.8,2.3,1.53,1,0.02,6.2,55,stable_mid
m_4020,62893,688900,7.97,99,45.54,11.51,0.253,29,37,44,53,67,77,91.24,3.41,46.41,39.63,3.81,0.5,0.0,5.3,91.5,3.2,1.52,4,0.0132,6.9,36,stable_mid
m_4021,63306,691190,8.0,98,36.35,15.89,0.437,16,26,34,44,65,91,90.99,3.39,40.98,31.97,5.13,0.4,0.0,36.8,59.0,4.1,1.91,5,0.0666,5.7,40,stable_mid
m_4022,64082,688500,7.97,97,28.42,12.57,0.442,12,19,26,36,52,67,89.75,4.33,38.23,27.29,5.31,0.46,0.0,59.7,39.4,0.9,2.0,16,0.0108,5.7,10,stable_mid
m_4023,62172,691190,8.0,100,49.27,10.14,0.206,33,42,49,56,66,72,90.99,3.35,46.07,38.68,5.98,0.83,0.0,1.6,96.4,2.1,1.35,0,0.0148,5.5,51,stable_mid
m_4024,62741,691190,8.0,99,18.85,17.44,0.925,3,5,12,30,53,73,86.03,8.21,13.37,9.35,2.8,0.77,23.8,50.9,23.9,1.4,4.42,229,0.0235,5.6,45,bursty
m_4025,62930,691190,8.0,99,11.65,3.09,0.266,7,9,12,14,16,17,58.39,2.03,9.47,12.78,2.69,1.0,0.0,100.0,0.0,0.0,1.33,0,0.0165,5.4,30,stable_low
m_4026,60825,674690,7.81,100,45.39,13.4,0.295,26,35,44,54,70,78,88.7,5.33,46.98,38.18,11.01,0.82,0.0,10.8,83.9,5.3,1.59,90,-0.0108,5.8,39,stable_mid
m_4027,62924,689030,7.97,99,32.63,14.03,0.43,14,22,30,41,59,74,90.24,4.16,40.14,28.52,5.99,0.42,0.0,47.4,51.0,1.6,1.97,41,0.0255,5.6,45,stable_mid
m_4028,60167,691190,8.0,103,42.54,13.11,0.308,25,33,40,50,66,89,91.6,3.69,50.09,43.11,6.77,0.89,0.0,14.1,82.5,3.4,1.65,7,0.0179,7.4,80,stable_mid
m_4029,61754,691190,8.0,101,33.72,14.32,0.425,16,24,31,40,58,91,90.55,3.96,43.6,32.55,3.18,0.45,0.0,44.2,53.1,2.7,1.87,10,0.0439,5.6,72,stable_mid
m_4030,62297,687910,7.96,99,40.45,13.24,0.327,23,31,38,48,66,78,92.05,3.05,41.94,33.3,9.38,0.38,0.0,21.5,75.2,3.3,1.74,28,0.009,5.6,47,stable_mid
m_4031,58648,687990,7.96,106,46.62,14.44,0.31,28,36,44,55,75,88,91.74,3.34,42.31,34.27,10.61,0.67,0.0,7.8,84.7,7.5,1.7,32,0.0655,5.6,81,stable_mid
m_4032,62280,688510,7.97,99,36.22,16.19,0.447,17,25,33,44,68,90,87.36,7.87,45.17,35.2,7.01,0.41,0.0,40.0,55.3,4.7,2.06,10,0.0786,5.6,63,stable_mid
m_4033,63741,687850,7.96,97,37.45,12.34,0.329,20,29,36,44,60,76,91.82,3.09,44.39,35.39,5.95,0.97,0.0,27.5,70.8,1.7,1.67,73,0.0075,5.8,24,stable_mid
m_4034,61715,689990,7.99,101,52.7,10.0,0.19,37,45,52,60,70,74,89.22,4.58,56.79,44.48,6.64,0.67,0.0,0.2,94.4,5.4,1.35,0,0.0027,5.6,46,stable_high
m_5,61234,689990,7.99,101,43.59,12.8,0.294,26,34,42,52,67,79,89.42,4.95,49.27,40.7,9.11,0.8,0.0,12.5,84.0,3.6,1.6,80,0.0236,5.4,68,stable_mid
m_6,62841,691190,8.0,99,33.85,12.27,0.362,18,25,32,41,57,70,90.29,4.02,41.66,32.95,5.11,0.35,0.0,42.6,56.4,1.1,1.78,0,-0.012,5.6,45,stable_mid
m_7,63563,691180,8.0,98,40.94,13.2,0.322,23,31,39,49,65,80,89.17,5.45,40.63,31.41,7.11,0.64,0.0,21.4,75.6,3.0,1.67,21,0.0484,5.7,45,stable_mid
m_8,61818,690320,7.99,100,47.24,12.68,0.268,30,38,45,55,73,80,90.02,4.43,48.23,43.54,8.87,0.84,0.0,4.7,88.9,6.4,1.62,66,0.0325,5.6,47,stable_mid
m_9,62871,685840,7.94,98,39.08,14.06,0.36,20,28,37,48,65,80,87.77,5.39,51.65,40.84,7.7,0.56,0.0,28.5,68.6,2.9,1.76,120,0.0149,5.6,36,stable_mid
m_16,62712,691190,8.0,99,46.23,11.27,0.244,29,38,45,54,65,75,91.69,3.13,45.45,37.84,10.6,0.89,0.0,5.1,92.7,2.2,1.44,1,-0.0185,5.7,21,stable_mid
m_17,62224,691190,8.0,100,29.69,14.88,0.501,12,19,27,37,54,94,89.21,5.19,34.41,23.06,4.44,0.59,0.0,57.4,40.2,2.4,2.0,27,0.0151,5.6,54,stable_mid
m_18,60063,682780,7.9,102,39.04,12.29,0.315,23,30,37,46,62,76,90.92,4.03,39.13,28.98,6.52,0.78,0.0,24.2,74.0,1.8,1.68,5,0.0222,5.7,63,stable_mid
m_19,59698,685110,7.93,103,41.41,12.01,0.29,25,32,40,49,63,75,91.65,3.39,41.09,34.56,10.17,0.58,0.0,16.4,81.5,2.1,1.58,5,0.021,5.7,90,stable_mid
m_20,62701,691190,8.0,99,41.03,13.64,0.332,23,31,39,49,66,82,90.37,4.46,45.34,34.83,6.49,0.5,0.0,21.0,75.3,3.7,1.69,88,0.021,6.1,36,stable_mid
m_21,60809,691190,8.0,102,47.76,11.66,0.244,31,39,47,56,68,77,90.04,4.65,47.04,38.83,8.84,0.56,0.0,3.6,92.6,3.8,1.45,20,0.0236,5.6,65,stable_mid
m_22,62431,691190,8.0,100,43.45,12.0,0.276,26,34,42,52,65,75,91.45,3.53,43.2,36.65,9.16,0.84,0.0,11.5,86.2,2.3,1.55,1,0.0253,5.8,55,stable_mid
m_23,61498,679800,7.87,99,43.38,12.27,0.283,26,34,42,52,65,76,91.0,3.8,43.32,36.15,10.27,0.87,0.0,12.0,85.4,2.6,1.55,94,0.0265,5.6,31,stable_mid
m_24,62564,691190,8.0,99,40.7,12.61,0.31,23,31,39,49,63,75,92.33,2.87,45.58,38.57,9.01,1.17,0.0,20.2,77.6,2.1,1.62,1,0.0587,5.5,54,stable_mid
m_25,61669,687790,7.96,100,31.46,12.95,0.412,14,22,30,39,55,70,88.47,5.7,33.34,23.82,20.0,0.47,0.0,49.7,49.2,1.1,1.83,11,-0.0418,5.4,45,stable_mid
m_26,59370,675130,7.81,102,39.73,13.11,0.33,22,30,37,48,64,79,90.75,3.9,39.78,30.39,6.41,0.54,0.0,24.1,73.2,2.7,1.73,24,-0.0084,5.7,53,stable_mid
m_27,62188,678200,7.85,98,40.1,12.9,0.322,23,30,38,48,63,79,88.67,5.58,47.57,37.6,9.27,0.54,0.0,22.3,74.9,2.7,1.66,27,0.022,5.6,35,stable_mid
m_28,62260,691190,8.0,100,37.18,12.82,0.345,20,28,35,44,61,77,90.89,3.72,41.72,30.89,5.85,0.46,0.0,31.2,66.6,2.2,1.74,48,-0.0334,5.7,54,stable_mid
m_29,61774,691170,8.0,101,44.96,11.69,0.26,29,36,43,53,66,76,91.47,3.46,48.48,42.52,7.04,0.95,0.0,6.4,90.6,3.0,1.53,31,-0.0014,6.5,55,stable_mid
m_30,60450,688510,7.97,102,40.92,11.76,0.288,25,32,39,48,62,75,91.46,3.4,40.13,32.29,8.33,1.08,0.0,16.4,81.7,1.8,1.59,1,0.0385,5.7,54,stable_mid
m_31,62591,671890,7.78,97,37.32,13.23,0.355,20,27,35,45,61,78,91.83,3.49,44.44,34.05,8.17,0.61,0.0,31.9,66.0,2.1,1.74,97,0.0003,5.7,27,stable_mid
m_32,60158,691190,8.0,103,44.2,14.21,0.321,26,34,42,52,74,86,90.63,4.38,40.2,30.53,7.44,0.68,0.0,11.5,82.7,5.8,1.76,79,0.0572,6.2,54,stable_mid
m_33,61884,691190,8.0,101,34.66,12.93,0.373,16,25,33,43,58,73,88.97,5.69,26.42,17.97,5.67,0.49,0.0,38.3,60.4,1.3,1.76,5,0.0258,5.5,63,stable_mid
m_34,61768,691190,8.0,101,40.92,12.25,0.299,24,32,39,49,63,77,89.7,4.48,45.89,38.46,7.44,0.57,0.0,17.7,80.2,2.2,1.62,7,0.0068,5.6,54,stable_mid
m_35,60546,688790,7.97,102,36.84,13.4,0.364,19,27,35,45,62,78,90.52,4.27,39.77,28.7,8.4,0.43,0.0,34.1,63.8,2.1,1.77,29,0.0029,7.7,46,stable_mid
m_36,61899,688680,7.97,100,37.51,13.28,0.354,20,27,35,46,62,77,90.15,4.4,18.54,14.6,8.19,0.64,0.0,31.9,66.0,2.1,1.77,18,0.0132,5.7,36,stable_mid
m_37,62449,691190,8.0,100,42.83,14.42,0.337,23,32,41,51,69,90,87.79,5.97,48.02,38.65,8.27,0.64,0.0,17.8,77.5,4.7,1.68,30,0.034,8.6,29,stable_mid
m_38,60259,691190,8.0,103,37.96,12.92,0.34,20,28,36,46,62,75,91.52,3.49,42.04,32.36,7.42,0.46,0.0,28.9,69.3,1.8,1.72,7,-0.0267,5.7,74,stable_mid
m_39,62015,691190,8.0,100,48.11,12.47,0.259,30,39,47,57,70,79,88.68,5.15,48.53,39.52,12.07,0.51,0.0,4.6,89.7,5.7,1.49,46,-0.0017,5.6,53,stable_mid
m_40,61929,691190,8.0,100,33.72,12.43,0.369,17,24,32,41,56,71,90.99,3.58,41.86,30.1,5.79,0.53,0.0,42.0,56.9,1.1,1.75,4,-0.0196,5.7,45,stable_mid
m_41,62815,685100,7.93,98,34.23,13.16,0.384,17,24,32,42,58,77,89.43,4.45,42.08,31.53,5.86,0.65,0.0,41.9,56.3,1.8,1.81,11,0.0191,5.6,36,stable_mid
m_42,61995,689410,7.98,100,39.23,17.38,0.443,18,27,36,48,76,94,91.11,3.8,49.81,37.48,6.95,0.58,0.0,32.6,61.3,6.1,2.11,216,0.0756,5.5,42,stable_mid
m_43,61448,691190,8.0,101,36.19,16.55,0.457,17,25,33,44,68,93,89.59,4.62,40.15,29.19,10.51,0.4,0.0,40.3,54.9,4.8,2.06,14,0.0575,5.7,46,stable_mid
m_44,62085,687470,7.96,100,40.74,13.54,0.332,23,30,38,49,66,80,89.07,5.36,45.52,36.42,8.31,0.58,0.0,22.4,74.1,3.5,1.74,36,0.0074,5.5,55,stable_mid
m_45,63030,682510,7.9,97,1.62,9.09,5.6,0,0,0,0,0,40,5.4,6.82,0.02,0.02,0.13,0.43,95.6,2.5,1.3,0.7,0.0,10,0.0497,5.5,35,bursty
m_46,61210,691190,8.0,102,47.52,12.93,0.272,29,37,46,57,70,78,88.44,5.77,53.31,42.96,8.74,0.88,0.0,6.1,88.5,5.4,1.52,25,-0.0044,5.5,63,stable_mid
m_47,61486,691190,8.0,101,45.49,11.77,0.259,28,37,44,54,66,76,91.11,3.65,48.41,39.77,10.65,0.85,0.0,6.9,90.5,2.6,1.5,4,0.0103,5.6,51,stable_mid
m_48,62337,691020,8.0,100,37.8,12.97,0.343,21,28,36,46,62,77,90.86,4.29,44.66,34.99,7.86,0.54,0.0,29.9,68.1,2.1,1.72,68,0.0137,5.5,45,stable_mid
m_49,62050,691190,8.0,100,45.65,11.76,0.258,29,37,44,53,65,85,91.53,3.43,44.0,37.76,11.55,0.82,0.0,5.1,91.5,3.4,1.48,3,0.0434,5.6,67,stable_mid
m_50,62798,691190,8.0,99,47.48,11.11,0.234,31,39,46,55,67,76,91.82,3.32,46.1,39.44,9.52,0.88,0.0,3.5,93.7,2.9,1.46,11,0.0,5.5,30,stable_mid
m_51,61200,691190,8.0,102,41.0,12.64,0.308,24,32,39,49,64,77,90.72,4.2,44.87,35.11,7.89,0.77,0.0,18.9,78.7,2.4,1.64,14,-0.0137,8.1,54,stable_mid
m_52,61394,691190,8.0,101,30.97,12.48,0.403,15,22,29,38,54,69,90.7,3.79,39.63,29.13,5.7,0.42,0.0,52.5,46.5,1.0,1.86,10,0.0203,5.6,62,stable_mid
m_53,60965,687770,7.96,102,41.56,15.31,0.368,23,31,39,49,72,92,90.58,4.39,51.12,39.33,7.03,0.39,0.0,21.4,73.2,5.4,1.85,104,0.0729,7.5,55,stable_mid
m_54,60524,690110,7.99,103,42.87,11.62,0.271,26,34,42,51,63,74,91.18,4.12,46.89,39.18,6.63,0.81,0.0,11.9,86.3,1.9,1.5,3,0.0135,6.0,81,stable_mid
m_55,62441,685100,7.93,99,44.59,13.61,0.305,26,35,43,52,71,85,91.14,3.62,43.14,37.73,11.16,0.78,0.0,10.6,83.8,5.6,1.65,31,0.0572,5.5,45,stable_mid
m_56,62020,691190,8.0,100,35.47,16.21,0.457,17,25,32,42,67,94,88.73,5.04,37.76,27.59,5.75,0.56,0.0,42.1,53.3,4.7,2.09,20,0.0662,5.8,55,stable_mid
m_57,60485,691190,8.0,103,39.36,12.33,0.313,23,30,37,47,62,77,90.82,4.0,29.17,21.42,7.53,0.59,0.0,22.5,75.2,2.2,1.68,9,0.004,5.6,62,stable_mid
m_58,61713,691190,8.0,101,47.45,10.54,0.222,31,39,47,55,65,73,90.48,4.09,41.27,35.12,13.37,0.53,0.0,2.6,95.4,2.0,1.38,0,0.0072,5.9,53,stable_mid
m_59,61907,684780,7.93,100,38.57,12.21,0.317,22,30,37,46,61,76,90.98,3.81,48.52,37.78,6.85,0.6,0.0,24.9,73.2,1.9,1.65,18,0.0019,5.7,36,stable_mid
m_100,60748,691180,8.0,102,39.42,13.98,0.355,22,29,37,47,64,90,90.41,4.26,53.87,47.53,13.32,0.27,0.0,26.3,70.3,3.4,1.73,13,0.0259,5.8,54,stable_mid
m_101,62070,691190,8.0,100,31.0,14.44,0.466,14,21,28,38,58,94,91.96,3.03,33.28,25.37,5.66,0.31,0.0,54.1,44.1,1.9,2.07,38,-0.0057,5.6,50,stable_mid
m_102,61623,691190,8.0,101,47.17,10.84,0.23,31,39,47,55,65,74,90.99,3.66,51.2,46.29,8.37,0.86,0.0,3.6,94.4,2.1,1.38,2,0.0212,5.5,45,stable_mid
m_103,64676,691190,8.0,96,31.88,12.67,0.397,15,22,30,39,55,70,89.1,4.77,40.08,28.61,5.75,0.64,0.0,49.4,49.5,1.1,1.83,10,-0.0057,6.1,18,stable_mid
m_60,62698,689990,7.99,99,39.9,11.74,0.294,24,31,38,47,61,74,90.68,4.15,45.34,36.66,7.9,0.68,0.0,19.7,78.7,1.6,1.61,0,0.0077,5.5,45,stable_mid
m_61,60610,691190,8.0,103,35.8,13.18,0.368,18,26,34,44,60,75,88.64,5.4,41.33,30.32,7.49,0.43,0.0,35.2,63.1,1.7,1.76,23,-0.0287,5.6,67,stable_mid
m_62,63906,691190,8.0,97,41.74,12.07,0.289,24,33,40,50,63,73,92.12,3.33,44.45,37.77,9.78,0.72,0.0,15.8,82.3,1.9,1.58,33,0.0095,5.6,18,stable_mid
m_63,63065,687900,7.96,98,40.31,12.57,0.312,23,31,39,48,63,76,89.94,4.68,49.09,40.16,8.0,0.7,0.0,21.1,76.6,2.3,1.62,25,-0.0256,5.8,45,stable_mid
m_64,61938,691190,8.0,100,37.39,14.32,0.383,19,27,35,46,64,80,87.62,5.64,42.29,31.21,8.85,0.43,0.0,34.7,62.3,3.0,1.83,67,-0.0016,5.6,46,stable_mid
m_65,61281,689120,7.98,101,45.39,11.42,0.252,29,37,44,53,66,75,91.54,3.53,44.28,38.38,11.05,0.74,0.0,5.6,91.6,2.8,1.5,0,0.0266,5.9,58,stable_mid
m_66,63097,690520,7.99,98,31.87,16.09,0.505,13,21,29,39,59,92,90.68,3.92,46.07,33.66,5.16,0.46,0.0,52.5,43.8,3.7,2.03,11,0.0766,5.6,54,stable_mid
m_67,58466,668090,7.73,103,8.21,17.17,2.092,0,0,0,0,48,61,18.17,33.26,0.26,0.21,0.72,0.0,80.0,2.8,16.9,0.2,48.0,0,0.2228,6.2,54,bursty
m_68,61790,691190,8.0,101,38.27,13.44,0.351,21,28,36,46,64,78,90.55,4.8,41.07,31.27,7.74,0.59,0.0,30.3,67.0,2.8,1.78,39,-0.0128,5.6,54,stable_mid
m_69,62709,691190,8.0,99,38.26,12.07,0.315,21,30,37,45,60,75,91.28,3.45,48.92,49.19,5.48,0.65,0.0,24.9,73.5,1.7,1.62,68,0.005,7.8,45,stable_mid
m_70,62441,691190,8.0,99,37.19,12.33,0.332,21,28,35,44,60,75,91.08,4.11,49.32,39.99,6.02,0.34,0.0,30.2,68.3,1.5,1.71,2,-0.037,5.6,34,stable_mid
m_71,61710,691190,8.0,101,36.93,13.72,0.372,18,27,35,45,62,79,90.15,5.07,32.42,24.43,6.57,0.58,0.0,32.8,64.9,2.3,1.77,125,0.0039,5.6,72,stable_mid
m_72,63375,691000,8.0,98,40.65,11.86,0.292,24,32,39,48,62,75,90.81,4.41,45.49,36.65,6.01,0.68,0.0,17.8,80.6,1.7,1.59,49,-0.0094,6.2,21,stable_mid
m_73,60599,691190,8.0,103,40.53,14.09,0.348,23,30,38,48,65,91,91.06,3.58,41.46,31.33,7.51,0.44,0.0,22.8,73.6,3.6,1.71,13,0.0568,5.6,66,stable_mid
m_74,60382,684610,7.92,102,38.56,14.58,0.378,19,28,36,46,64,90,91.33,3.66,44.18,34.75,6.3,0.69,0.0,28.8,67.6,3.6,1.78,48,0.0557,5.5,54,stable_mid
m_75,60931,689990,7.99,102,32.35,13.17,0.407,15,22,30,40,57,73,90.13,4.05,40.17,28.71,5.58,0.56,0.0,48.8,50.0,1.2,1.9,14,0.0176,5.4,51,stable_mid
m_76,61270,676110,7.83,99,41.87,11.89,0.284,26,33,40,49,64,75,91.43,3.71,43.61,35.88,7.73,0.73,0.0,13.4,84.4,2.2,1.6,4,0.0048,5.7,54,stable_mid
m_77,61281,681280,7.89,100,45.35,13.86,0.306,27,35,43,54,74,83,91.71,3.36,41.49,31.63,8.3,0.64,0.0,10.6,82.6,6.8,1.72,2,0.0051,5.8,54,stable_mid
m_78,61048,688520,7.97,101,11.99,2.83,0.236,8,10,12,14,17,19,96.13,1.15,32.17,29.85,3.58,0.96,0.0,100.0,0.0,0.0,1.42,0,0.0035,5.6,74,stable_low
m_79,60215,691190,8.0,103,39.26,12.81,0.326,22,29,37,47,63,76,90.37,4.56,42.35,32.09,6.56,0.57,0.0,25.2,72.8,2.0,1.7,13,0.0187,5.4,72,stable_mid
m_80,59487,691190,8.0,105,37.69,12.03,0.319,21,29,36,45,60,74,91.55,3.54,43.09,34.91,8.44,0.46,0.0,28.1,70.5,1.5,1.67,3,-0.0096,5.7,73,stable_mid
m_81,60137,691190,8.0,103,45.99,11.54,0.251,30,37,45,54,67,78,91.29,3.72,46.33,36.38,10.63,0.84,0.0,4.9,92.0,3.1,1.49,2,0.032,5.6,72,stable_mid
m_82,60162,691190,8.0,103,39.92,11.94,0.299,23,31,38,47,61,77,91.32,3.41,47.52,36.48,7.7,0.55,0.0,20.2,78.0,1.8,1.61,63,0.0113,6.6,54,stable_mid
m_83,63406,691190,8.0,98,44.15,11.79,0.267,28,35,43,52,66,75,89.14,5.07,42.3,31.89,9.21,0.72,0.0,8.8,88.5,2.7,1.53,2,0.0114,5.8,27,stable_mid
m_84,63043,691190,8.0,99,32.98,12.73,0.386,16,23,31,41,56,72,91.6,3.38,36.15,25.76,6.68,0.47,0.0,45.0,53.8,1.2,1.81,7,0.0348,5.6,45,stable_mid
m_85,60858,691190,8.0,102,35.36,12.79,0.362,18,26,33,43,59,73,90.62,3.98,45.03,36.39,5.39,0.27,0.0,37.8,60.9,1.3,1.79,9,0.0266,5.6,74,stable_mid
m_86,62501,691190,8.0,100,42.79,12.8,0.299,25,33,41,51,66,76,91.64,3.51,43.68,37.52,10.43,0.73,0.0,14.8,82.1,3.0,1.61,140,0.0105,6.1,45,stable_mid
m_87,62170,689990,7.99,100,35.64,12.21,0.343,19,27,34,43,58,72,89.8,4.1,44.45,33.43,9.87,0.5,0.0,35.5,63.1,1.4,1.71,3,0.0211,5.8,49,stable_mid
m_88,63108,691190,8.0,99,56.96,9.16,0.161,43,50,57,64,72,76,86.71,6.57,64.12,44.5,5.64,0.27,0.0,0.0,89.5,10.5,1.26,0,0.0086,5.6,36,stable_high
m_89,61663,691170,8.0,101,34.17,11.49,0.336,19,26,33,41,55,67,91.58,3.42,41.67,33.54,6.08,0.52,0.0,38.6,60.5,0.9,1.67,13,-0.0004,6.3,45,stable_mid
m_90,60332,691190,8.0,103,43.03,11.84,0.275,26,34,42,51,64,76,91.51,3.66,39.67,31.13,7.8,0.81,0.0,11.8,86.0,2.2,1.52,2,0.02,9.1,64,stable_mid
m_91,63057,691180,8.0,99,42.64,14.17,0.332,24,32,40,50,70,88,90.46,4.25,48.27,39.4,7.58,0.71,0.0,16.4,78.5,5.1,1.75,82,0.0497,5.6,36,stable_mid
m_92,63283,691190,8.0,98,29.24,12.08,0.413,14,20,27,36,51,68,90.89,3.57,35.11,25.14,4.98,0.72,0.0,58.0,41.1,0.9,1.89,9,0.005,5.9,23,stable_mid
m_93,62754,688490,7.97,99,43.2,13.25,0.307,25,33,41,51,66,88,91.05,3.76,51.58,41.79,7.35,0.64,0.0,13.8,82.5,3.7,1.61,1,0.0467,5.6,37,stable_mid
m_94,59502,691190,8.0,105,10.18,22.12,2.174,0,0,0,0,60,88,18.71,32.36,0.29,0.22,0.87,0.0,79.3,3.0,13.5,4.2,60.0,0,0.2762,5.6,81,bursty
m_95,60223,691190,8.0,103,8.24,17.22,2.091,0,0,0,0,47,63,18.53,32.3,0.28,0.22,0.9,0.0,79.6,3.7,16.0,0.6,47.0,1,0.2154,5.5,58,bursty
m_96,60022,690470,7.99,103,46.21,15.05,0.326,19,36,47,58,68,74,88.57,7.31,34.77,24.59,7.43,0.74,0.0,16.1,80.9,3.0,1.45,0,0.1668,5.6,71,stable_mid
m_97,60360,691190,8.0,103,45.14,12.07,0.267,28,36,43,54,66,77,89.92,4.69,49.87,41.95,8.01,0.79,0.0,7.1,89.7,3.1,1.53,0,0.0175,8.7,70,stable_mid
m_98,62656,691190,8.0,99,51.2,13.22,0.258,29,42,51,61,72,74,91.03,3.79,38.59,26.83,5.59,0.35,0.0,5.9,84.9,9.2,1.41,9,-0.0117,5.5,41,stable_high
m_99,60973,689990,7.99,102,38.85,13.11,0.337,21,29,37,47,63,77,90.41,4.61,48.73,36.49,7.8,0.0,0.0,26.9,70.9,2.2,1.7,22,0.0193,5.6,54,stable_mid
m_104,60147,686100,7.94,103,33.51,13.11,0.391,17,24,31,41,59,71,89.9,4.32,41.28,31.03,5.38,0.59,0.0,45.8,53.1,1.2,1.9,9,0.0009,5.7,50,stable_mid
m_105,60246,691190,8.0,103,33.23,13.16,0.396,16,23,31,41,58,73,89.97,4.43,39.46,27.99,3.17,0.47,0.0,44.6,54.1,1.3,1.87,54,-0.0046,7.0,62,stable_mid
m_106,61686,691190,8.0,101,48.33,13.18,0.273,28,38,47,58,71,79,89.01,5.12,63.36,39.39,5.34,0.46,0.0,6.4,86.8,6.7,1.51,133,0.0261,5.5,54,stable_mid
m_107,63443,691070,8.0,98,31.52,13.2,0.419,14,21,29,39,56,72,89.79,4.32,39.2,28.51,6.3,0.94,0.0,50.9,47.9,1.2,1.93,13,-0.0149,6.6,36,stable_mid
m_108,62861,691190,8.0,99,33.59,13.23,0.394,16,24,31,41,59,71,90.43,4.09,40.94,28.78,5.23,0.53,0.0,43.8,55.0,1.2,1.9,6,0.0105,5.6,36,stable_mid
m_109,61708,691190,8.0,101,41.75,13.47,0.323,22,31,40,51,66,76,91.93,3.51,35.62,28.09,8.62,0.82,0.0,19.9,77.0,3.1,1.65,224,0.06,5.7,54,stable_mid
m_110,62064,680100,7.87,99,40.27,12.15,0.302,23,31,39,48,62,73,92.3,2.97,43.52,36.19,9.34,0.66,0.0,20.6,77.6,1.8,1.59,0,-0.0304,5.6,45,stable_mid
m_111,63402,691190,8.0,98,41.76,12.0,0.287,26,33,40,49,65,78,91.19,3.72,47.26,38.76,7.04,0.69,0.0,13.8,83.4,2.8,1.62,29,0.0233,5.5,45,stable_mid
m_112,60937,682510,7.9,101,36.57,13.6,0.372,19,26,34,45,62,78,91.69,3.7,39.48,29.37,7.22,0.42,0.0,35.6,62.4,2.1,1.82,35,0.0223,8.6,46,stable_mid
m_113,62532,687910,7.96,99,37.76,11.5,0.304,23,29,36,45,59,71,91.46,3.5,36.9,28.21,6.27,0.48,0.0,26.2,72.6,1.2,1.64,4,0.0119,5.6,36,stable_mid
m_114,62613,691190,8.0,99,38.1,16.51,0.433,17,27,35,47,70,92,86.97,6.47,47.97,35.48,7.93,0.41,0.0,34.0,60.9,5.1,2.0,635,0.005,5.6,45,stable_mid
m_115,62277,691180,8.0,100,30.68,13.09,0.427,13,21,29,38,54,70,89.13,4.57,38.05,27.2,9.39,0.4,0.0,52.6,46.4,1.0,1.86,15,0.0203,5.6,37,stable_mid
m_116,62403,691190,8.0,100,40.56,12.6,0.311,23,31,39,49,63,78,90.45,4.15,40.13,31.58,9.22,0.72,0.0,20.6,77.3,2.1,1.62,11,0.0073,6.4,45,stable_mid
m_117,61710,678290,7.85,99,34.55,12.8,0.37,17,25,33,42,58,76,90.02,4.67,43.1,33.56,8.11,0.86,0.0,39.4,58.9,1.6,1.76,7,-0.03,5.8,46,stable_mid
m_118,62679,691190,8.0,99,45.26,12.55,0.277,28,36,43,54,69,76,91.55,3.56,47.06,41.86,9.45,0.82,0.0,8.4,87.2,4.4,1.6,110,0.014,8.4,28,stable_mid
m_119,61373,688520,7.97,101,35.03,16.82,0.48,16,23,32,42,66,95,90.95,3.64,40.74,28.91,5.61,0.81,0.0,43.2,52.2,4.6,2.06,18,0.0621,5.6,51,stable_mid
m_120,59427,689030,7.97,104,48.87,12.56,0.257,31,39,48,57,73,81,91.4,3.76,48.59,44.49,8.32,0.69,0.0,3.4,90.4,6.3,1.52,11,0.0556,6.5,72,stable_mid
m_121,63159,691190,8.0,98,3.9,0.89,0.228,3,3,4,4,5,6,92.0,1.14,23.73,17.66,1.09,0.0,78.8,21.2,0.0,0.0,1.25,0,0.0038,5.5,45,idle_pure
m_122,63391,691190,8.0,98,34.56,12.41,0.359,18,25,33,42,57,70,89.81,4.08,42.16,31.39,9.41,0.42,0.0,39.0,59.9,1.1,1.73,10,0.0152,5.6,28,stable_mid
m_123,62552,691190,8.0,99,16.45,5.5,0.334,8,11,18,21,24,26,93.43,1.95,30.53,30.49,2.92,1.0,0.0,99.9,0.1,0.0,1.33,0,0.0113,5.5,36,stable_mid
m_124,60209,691190,8.0,103,37.25,13.91,0.373,20,27,35,45,62,84,90.34,5.37,46.55,35.45,7.34,0.49,0.0,33.4,63.5,3.0,1.77,311,-0.0034,5.8,81,stable_mid
m_125,61991,691190,8.0,100,43.26,11.44,0.264,27,34,42,51,63,74,90.53,3.86,49.28,42.82,7.42,0.82,0.0,10.1,88.1,1.9,1.5,34,0.0269,5.7,63,stable_mid
m_126,61510,689710,7.98,101,45.98,11.62,0.253,29,37,45,54,67,75,91.93,3.24,44.81,39.09,9.94,0.8,0.0,5.7,91.2,3.1,1.49,27,0.0083,5.6,54,stable_mid
m_127,60467,688930,7.97,103,31.31,13.72,0.438,13,21,29,40,57,73,87.64,5.57,21.19,15.57,8.23,0.72,0.0,51.5,47.1,1.4,1.97,58,0.0309,5.8,72,stable_mid
m_128,60450,677620,7.84,101,8.08,17.01,2.106,0,0,0,0,46,64,18.5,32.14,0.28,0.27,0.93,0.0,79.6,4.3,15.5,0.7,46.0,1,0.2127,5.6,46,bursty
m_129,64026,691190,8.0,97,41.59,13.9,0.334,23,31,39,50,68,80,88.58,5.3,45.61,38.58,10.56,0.92,0.0,20.4,75.2,4.4,1.74,35,0.0113,5.6,36,stable_mid
m_130,62597,687290,7.95,99,37.6,15.15,0.403,19,27,35,45,65,92,90.86,3.78,42.63,30.07,7.2,0.45,0.0,34.3,62.1,3.6,1.86,45,0.0341,5.7,47,stable_mid
m_131,60547,676110,7.83,100,45.12,12.06,0.267,27,36,44,54,66,75,91.11,3.85,45.82,39.31,8.15,0.51,0.0,8.8,88.6,2.5,1.5,30,0.0347,5.7,46,stable_mid
m_132,64340,691190,8.0,97,41.0,12.39,0.302,24,32,39,49,64,76,90.84,4.04,41.66,32.39,6.51,0.48,0.0,18.2,79.4,2.3,1.64,9,0.0288,5.5,18,stable_mid
m_133,62202,685260,7.93,99,39.95,15.49,0.388,22,29,37,46,72,92,90.58,4.27,46.28,36.16,5.89,0.62,0.0,25.4,69.2,5.4,1.95,14,0.0769,5.5,41,stable_mid
m_134,63039,691190,8.0,99,40.41,13.06,0.323,23,31,38,48,65,79,91.95,3.47,37.15,28.24,8.99,0.56,0.0,21.8,75.5,2.7,1.71,68,0.004,5.6,36,stable_mid
m_135,62369,691180,8.0,100,38.35,15.29,0.399,19,27,35,46,66,95,91.1,3.83,37.53,28.16,7.6,0.51,0.0,31.8,64.2,4.0,1.89,95,0.0393,5.6,52,stable_mid
m_136,62360,691190,8.0,100,47.1,10.51,0.223,31,39,46,54,65,74,88.61,4.8,41.31,34.04,10.43,1.05,0.0,2.5,95.3,2.2,1.41,0,0.0004,5.6,48,stable_mid
m_137,57863,691190,8.0,107,35.63,13.22,0.371,19,26,33,43,60,78,92.26,2.85,38.31,29.02,6.55,1.09,0.0,37.4,60.3,2.3,1.82,257,0.008,6.6,90,stable_mid
m_138,60486,691190,8.0,103,46.33,10.83,0.234,30,38,46,54,65,75,91.5,3.59,35.78,30.22,61.14,0.8,0.0,4.1,93.7,2.1,1.41,0,0.0181,5.6,70,stable_mid
m_139,60748,689100,7.98,102,43.71,13.1,0.3,25,34,42,53,67,78,90.29,4.08,48.18,40.22,9.77,0.64,0.0,13.7,82.6,3.7,1.6,27,-0.0029,5.7,64,stable_mid
m_140,61632,691190,8.0,101,32.16,13.0,0.404,15,22,30,40,56,70,90.85,3.68,41.56,31.11,4.97,0.61,0.0,48.5,50.4,1.1,1.87,5,0.0054,5.5,54,stable_mid
m_141,59985,691190,8.0,103,39.58,12.24,0.309,23,30,38,47,62,78,90.87,3.78,36.91,28.27,6.79,0.79,0.0,21.8,76.2,1.9,1.63,1,0.0083,5.5,63,stable_mid
m_142,61619,691190,8.0,101,38.9,12.16,0.312,22,30,37,47,61,73,90.72,4.4,45.81,34.55,7.8,0.57,0.0,24.6,74.0,1.4,1.65,6,0.0259,5.6,63,stable_mid
m_143,62813,691180,8.0,99,44.1,12.9,0.292,26,34,42,53,68,78,91.91,3.23,38.03,30.25,10.03,0.59,0.0,11.8,84.4,3.8,1.62,170,0.0134,5.5,40,stable_mid
m_144,59627,689110,7.98,104,32.03,12.22,0.382,15,23,30,39,54,69,88.78,8.01,47.45,34.81,4.83,0.56,0.0,46.7,52.4,1.0,1.8,11,0.007,6.3,55,stable_mid
m_145,62340,689400,7.98,100,39.72,16.15,0.407,20,28,36,47,72,92,91.06,3.89,44.89,35.43,7.24,0.55,0.0,28.3,66.3,5.4,2.0,93,0.0425,5.6,54,stable_mid
m_146,60744,689070,7.98,102,44.93,13.58,0.302,27,35,42,53,70,88,90.26,5.01,39.76,31.65,13.33,0.75,0.0,9.9,84.6,5.5,1.67,27,0.0439,5.6,54,stable_mid
m_147,60638,679820,7.87,101,32.51,15.35,0.472,14,21,30,40,60,91,82.11,15.58,40.07,29.45,4.85,0.39,0.0,49.8,47.3,3.0,2.0,3,0.0482,6.3,54,stable_mid
m_148,62493,690660,7.99,99,33.13,11.86,0.358,17,24,31,40,55,70,89.99,4.12,41.94,31.05,6.12,0.44,0.0,43.1,55.9,1.0,1.77,2,0.0217,5.5,36,stable_mid
m_149,60913,682230,7.9,101,40.23,13.69,0.34,23,30,38,48,64,91,92.16,2.99,41.09,32.74,10.68,0.55,0.0,22.3,74.4,3.2,1.68,4,0.0285,5.7,45,stable_mid
m_150,61445,685210,7.93,100,50.98,10.42,0.204,35,43,51,59,68,75,91.21,3.56,47.23,40.25,11.89,0.52,0.0,0.8,95.8,3.4,1.33,0,-0.0003,5.5,70,stable_high
m_151,62160,681000,7.88,99,5.18,0.89,0.173,4,5,5,6,7,8,78.47,0.88,23.95,19.17,1.09,0.03,21.1,78.9,0.0,0.0,1.4,0,0.0059,5.7,37,stable_low
m_152,61416,686460,7.95,101,40.56,12.91,0.318,23,31,39,49,63,78,90.19,4.56,44.32,35.21,9.26,0.69,0.0,21.8,75.8,2.4,1.62,13,0.0177,7.1,36,stable_mid
m_153,61821,684030,7.92,100,31.77,13.27,0.418,15,22,29,39,57,72,91.03,3.33,38.77,27.1,5.08,0.44,0.0,50.6,48.0,1.3,1.97,11,-0.0066,5.6,36,stable_mid
m_154,64094,691190,8.0,97,44.16,12.19,0.276,27,35,43,52,66,76,90.46,4.52,47.56,37.76,8.66,0.8,0.0,9.8,87.4,2.9,1.53,5,0.0127,5.6,30,stable_mid
m_155,60620,691190,8.0,103,32.4,12.8,0.395,16,23,30,40,57,73,89.16,6.92,39.76,30.57,6.41,0.47,0.0,49.4,49.3,1.2,1.9,35,0.0033,7.9,27,stable_mid
m_156,61548,691190,8.0,101,36.18,12.33,0.341,19,27,35,44,58,73,90.61,3.7,48.51,36.46,5.4,0.5,0.0,33.4,65.2,1.4,1.66,6,0.0173,5.4,54,stable_mid
m_157,62003,691070,8.0,100,37.1,13.48,0.363,19,27,35,45,62,79,91.82,3.43,44.02,34.28,7.21,0.59,0.0,32.6,64.8,2.6,1.77,98,0.0237,5.5,81,stable_mid
m_158,63055,691190,8.0,99,40.48,15.68,0.387,21,29,37,49,71,90,91.91,3.21,43.31,34.33,6.41,0.56,0.0,26.0,68.7,5.3,1.92,14,0.0291,5.6,45,stable_mid
m_159,61381,684600,7.92,100,37.1,13.22,0.356,19,27,35,45,61,76,90.56,4.1,42.04,31.14,3.83,0.36,0.0,32.1,66.0,1.9,1.74,26,0.0164,5.7,62,stable_mid
m_160,59781,690680,7.99,104,40.03,12.69,0.317,22,31,38,48,63,77,91.05,4.27,45.14,37.08,6.65,0.64,0.0,21.9,76.0,2.2,1.66,43,-0.0008,5.7,63,stable_mid
m_161,59768,691190,8.0,104,33.83,12.88,0.381,17,24,32,41,57,75,90.76,3.67,47.47,34.83,5.46,0.54,0.0,41.8,56.7,1.4,1.78,10,0.0054,6.3,73,stable_mid
m_162,61478,687470,7.96,101,43.12,15.19,0.352,24,32,40,51,75,89,90.06,4.54,48.43,38.15,7.29,0.56,0.0,17.3,76.8,6.0,1.88,50,0.0697,5.7,52,stable_mid
m_163,61643,688900,7.97,101,43.98,10.76,0.245,28,36,43,51,63,72,91.7,3.5,46.29,39.26,8.84,0.77,0.0,7.8,90.6,1.6,1.47,0,-0.0047,5.6,54,stable_mid
m_164,61162,691190,8.0,102,52.1,9.7,0.186,35,45,53,59,67,75,90.92,3.75,49.19,44.34,53.88,0.92,0.0,1.0,96.3,2.7,1.26,0,0.0254,5.5,54,stable_high
m_165,60940,691190,8.0,102,42.62,14.54,0.341,24,32,40,50,69,92,91.53,3.67,39.53,28.93,7.46,0.37,0.0,17.5,77.6,4.9,1.72,32,0.0324,5.8,47,stable_mid
m_166,63779,691190,8.0,98,42.23,13.07,0.31,25,32,40,50,67,80,86.55,8.05,48.25,39.86,8.47,0.64,0.0,16.5,79.9,3.6,1.68,36,0.0124,5.8,27,stable_mid
m_167,60569,687910,7.96,102,52.61,10.31,0.196,35,45,53,60,69,75,90.67,4.98,47.46,39.97,12.15,0.36,0.0,0.5,95.5,4.0,1.3,0,-0.0066,5.6,78,stable_high
m_168,60027,690420,7.99,104,33.08,13.16,0.398,16,23,31,41,58,75,91.04,3.66,33.36,25.01,6.23,0.58,0.0,45.7,52.7,1.5,1.87,39,0.028,5.6,73,stable_mid
m_169,63140,691190,8.0,99,35.18,13.33,0.379,18,25,33,43,60,77,88.92,4.79,39.97,28.66,6.24,0.49,0.0,40.0,58.1,2.0,1.82,37,0.0218,5.7,27,stable_mid
m_170,62597,687840,7.96,99,41.02,12.75,0.311,24,31,39,49,64,77,91.2,3.58,45.52,36.33,6.33,0.43,0.0,19.4,78.0,2.7,1.64,81,0.0262,5.7,40,stable_mid
m_171,61244,687460,7.96,101,36.64,12.3,0.336,20,28,34,44,59,75,90.92,3.74,47.04,38.52,5.84,0.41,0.0,32.1,66.2,1.7,1.74,11,0.0097,6.3,55,stable_mid
m_172,58711,685570,7.93,105,37.04,14.37,0.388,19,27,34,45,63,89,89.66,4.54,40.39,30.05,10.71,0.54,0.0,35.1,61.9,3.0,1.85,2,0.0579,6.8,72,stable_mid
m_173,61211,691190,8.0,102,49.03,10.69,0.218,33,41,48,57,67,76,91.09,3.7,43.17,35.12,12.79,0.49,0.0,1.6,95.3,3.2,1.4,1,0.0113,5.6,61,stable_mid
m_174,61316,691190,8.0,101,39.51,12.87,0.326,22,30,38,47,63,77,91.27,3.85,41.61,33.06,8.56,0.62,0.0,23.9,73.6,2.5,1.66,69,0.0068,5.4,45,stable_mid
m_175,63590,691190,8.0,98,44.2,12.11,0.274,27,35,43,53,66,77,92.24,3.02,44.83,39.37,12.39,0.86,0.0,9.6,87.6,2.8,1.53,1,0.0092,5.6,38,stable_mid
m_176,58367,676120,7.83,103,49.19,9.94,0.202,34,42,49,56,66,75,90.62,3.8,47.41,40.31,12.16,0.54,0.0,0.9,96.6,2.5,1.35,1,0.0036,5.6,78,stable_mid
m_177,62126,691190,8.0,100,49.06,10.95,0.223,33,41,48,57,68,75,90.05,4.51,44.9,37.68,10.55,0.61,0.0,2.1,94.1,3.8,1.42,1,0.0041,5.8,36,stable_mid
m_178,61698,689990,7.99,101,45.55,14.69,0.323,26,34,42,54,76,81,91.35,3.57,45.65,38.74,7.61,0.78,0.0,10.9,79.1,10.0,1.81,47,-0.0327,5.8,36,stable_mid
m_179,59881,691190,8.0,104,47.48,10.43,0.22,31,39,47,55,65,71,90.1,4.19,45.65,38.65,5.67,0.86,0.0,3.1,95.4,1.6,1.38,0,0.0179,5.5,98,stable_mid
m_180,60179,685290,7.93,102,37.8,12.74,0.337,21,28,36,46,61,76,91.55,3.76,44.9,33.74,6.37,0.56,0.0,29.6,68.7,1.8,1.69,86,0.023,5.7,66,stable_mid
m_181,61252,685110,7.93,101,47.43,13.31,0.281,29,38,46,56,73,83,91.56,3.3,45.77,40.2,9.38,0.65,0.0,6.0,87.7,6.3,1.59,50,0.0509,9.2,36,stable_mid
m_182,59128,688930,7.97,105,32.35,12.55,0.388,16,23,30,40,56,70,89.3,4.51,41.25,29.89,6.1,0.48,0.0,47.7,51.2,1.0,1.87,28,0.0187,5.7,81,stable_mid
m_183,61909,691190,8.0,100,35.77,12.33,0.345,20,27,34,43,59,73,90.26,4.05,47.88,36.03,12.03,0.51,0.0,35.3,63.3,1.4,1.74,4,0.0102,5.7,47,stable_mid
m_184,60150,682510,7.9,102,27.13,13.15,0.485,10,17,25,34,52,67,91.42,3.49,40.33,28.88,5.1,0.44,0.0,63.0,36.2,0.8,2.08,5,-0.0353,6.2,64,stable_mid
m_185,62384,691190,8.0,100,32.68,12.78,0.391,16,23,31,40,56,70,90.18,4.2,41.3,29.49,8.42,0.52,0.0,46.6,52.3,1.1,1.81,1,0.0134,5.7,54,stable_mid
m_186,59533,691190,8.0,104,33.58,12.38,0.369,18,24,31,41,57,71,91.85,3.27,46.73,36.67,6.77,0.52,0.0,43.4,55.5,1.1,1.84,3,-0.001,6.1,75,stable_mid
m_187,59282,687460,7.96,104,40.98,12.0,0.293,25,32,39,49,63,75,90.81,4.2,43.57,35.65,7.57,0.74,0.0,17.7,80.5,1.8,1.62,4,-0.011,12.2,45,stable_mid
m_188,61500,687790,7.96,101,16.51,4.67,0.283,9,12,19,20,22,24,95.35,1.3,29.09,27.83,3.21,1.0,0.0,100.0,0.0,0.0,1.16,0,0.0138,5.5,54,stable_mid
m_189,61645,689420,7.98,101,1.03,5.07,4.928,0,0,0,0,1,29,9.98,6.4,8.86,10.84,0.12,0.0,95.5,3.5,0.9,0.0,1.0,0,0.0308,5.6,49,bursty
m_190,61404,686970,7.95,101,35.75,13.96,0.39,17,25,33,44,61,77,89.51,4.82,48.05,34.17,7.38,0.46,0.0,37.9,60.1,2.0,1.85,74,-0.0103,5.6,56,stable_mid
m_191,63262,691190,8.0,98,34.06,13.96,0.41,16,24,31,42,60,77,86.4,6.31,44.74,33.37,12.25,0.56,0.0,43.7,54.1,2.1,1.94,68,-0.0109,5.6,55,stable_mid
m_193,60854,691180,8.0,102,4.71,1.1,0.233,3,4,5,5,7,7,89.85,1.16,21.07,17.12,5.31,0.03,39.4,60.6,0.0,0.0,1.4,0,0.0085,5.6,63,idle_pure
m_194,61651,691190,8.0,101,6.83,1.42,0.207,5,6,7,8,9,10,90.51,0.85,22.34,18.15,1.36,0.2,3.4,96.6,0.0,0.0,1.29,0,0.0074,5.9,45,stable_low
m_195,62970,691180,8.0,99,35.2,13.31,0.378,18,25,33,43,60,75,91.52,3.49,44.08,37.03,5.74,0.43,0.0,39.4,59.0,1.6,1.82,32,-0.0018,5.7,45,stable_mid
m_196,62049,691190,8.0,100,40.22,12.39,0.308,23,31,39,48,62,77,90.5,4.38,48.11,38.42,6.71,0.48,0.0,20.9,77.0,2.0,1.59,3,-0.0007,5.6,36,stable_mid
m_197,62525,691190,8.0,99,34.3,12.81,0.374,17,25,32,42,57,73,89.06,4.99,41.75,29.87,6.43,0.48,0.0,40.6,58.0,1.4,1.78,28,0.0038,5.6,36,stable_mid
m_198,59535,690480,7.99,104,3.99,0.79,0.197,3,3,4,4,5,6,81.3,0.65,11.89,8.79,1.05,0.29,77.8,22.2,0.0,0.0,1.25,0,0.0015,8.1,54,idle_pure
m_199,60852,689110,7.98,102,37.94,15.02,0.396,17,27,36,47,66,81,88.01,5.5,40.74,32.35,7.96,0.49,0.0,32.2,64.2,3.5,1.83,100,-0.0531,7.2,54,stable_mid
m_200,64357,687110,7.95,96,37.81,13.0,0.344,20,28,36,46,61,76,91.23,3.81,46.09,33.49,6.07,0.54,0.0,30.0,68.2,1.8,1.69,46,0.0065,5.6,26,stable_mid
m_201,60855,691190,8.0,102,42.97,12.77,0.297,25,33,42,51,65,79,90.89,3.6,38.68,28.71,8.95,0.5,0.0,14.3,82.8,2.9,1.55,97,0.0277,5.4,68,stable_mid
m_202,63752,691190,8.0,98,46.48,11.68,0.251,29,38,45,55,67,76,91.45,3.79,44.68,39.36,0.0,0.83,0.0,5.4,91.3,3.3,1.49,23,0.0373,5.7,27,stable_mid
m_203,59975,691190,8.0,104,43.56,11.82,0.271,27,35,42,52,64,76,91.23,3.6,46.87,38.54,8.74,0.85,0.0,10.5,87.2,2.4,1.52,13,0.0023,5.4,72,stable_mid
m_204,59417,691190,8.0,105,37.37,13.81,0.369,18,27,36,46,62,77,85.52,13.53,9.48,5.98,6.37,0.45,0.0,31.6,66.2,2.2,1.72,85,0.0526,5.6,72,stable_mid
m_205,61829,691010,8.0,101,37.21,14.69,0.395,19,26,34,45,64,84,91.73,3.33,40.18,29.34,6.99,0.48,0.0,35.4,61.4,3.2,1.88,282,0.029,5.5,49,stable_mid
m_206,62740,691190,8.0,99,33.8,12.37,0.366,17,25,32,41,56,70,90.53,4.06,40.27,29.85,6.3,0.56,0.0,41.6,57.3,1.1,1.75,10,-0.0188,6.6,36,stable_mid
m_207,61670,691190,8.0,101,42.51,13.35,0.314,24,33,41,51,65,87,90.85,3.58,44.06,34.93,6.64,0.47,0.0,16.0,80.7,3.3,1.59,4,0.0357,6.2,45,stable_mid
m_208,60645,688900,7.97,102,45.99,12.17,0.265,26,37,46,55,65,74,87.08,8.42,47.22,36.43,4.91,0.58,0.0,9.5,88.4,2.1,1.41,3,0.0145,5.6,71,stable_mid
m_209,62185,691190,8.0,100,40.14,11.15,0.278,25,32,39,47,61,74,91.05,3.66,33.1,24.21,6.75,0.54,0.0,16.3,82.2,1.5,1.56,11,0.0292,5.7,46,stable_mid
m_210,60420,681000,7.88,101,39.2,12.57,0.321,22,30,37,47,62,77,91.49,3.94,46.41,36.34,8.57,0.58,0.0,23.7,74.3,2.0,1.68,61,0.01,5.6,63,stable_mid
m_211,59776,691190,8.0,104,37.37,13.08,0.35,20,28,35,45,62,76,90.65,4.14,43.5,32.22,6.86,0.57,0.0,31.4,66.8,1.9,1.77,7,0.0128,5.7,83,stable_mid
m_212,58864,685820,7.94,105,32.75,12.52,0.382,17,23,30,40,56,70,90.78,3.89,43.27,32.99,5.3,0.53,0.0,46.8,52.1,1.1,1.87,5,0.0033,5.8,72,stable_mid
m_213,58639,691190,8.0,106,40.62,11.58,0.285,24,32,39,48,61,74,87.72,5.82,46.37,37.23,8.14,0.67,0.0,17.0,81.4,1.6,1.56,9,0.0049,5.7,80,stable_mid
m_214,63029,691190,8.0,99,33.56,14.96,0.446,16,23,31,40,59,91,89.86,4.98,35.06,24.26,5.12,0.69,0.0,46.2,50.3,3.4,1.9,3,0.0343,5.6,36,stable_mid
m_215,60825,691190,8.0,102,37.95,16.37,0.431,18,26,35,46,69,93,91.45,3.78,40.86,29.12,6.74,0.4,0.0,34.0,61.0,4.9,1.97,6,0.0553,9.7,45,stable_mid
m_216,59729,677880,7.85,102,41.3,11.82,0.286,25,32,40,49,63,74,92.05,2.98,41.74,33.95,7.99,0.66,0.0,16.5,81.7,1.8,1.58,0,0.0041,5.9,54,stable_mid
m_217,58350,690440,7.99,106,37.59,12.0,0.319,21,29,36,45,59,71,90.48,3.86,42.26,31.03,3.63,0.5,0.0,28.1,70.6,1.3,1.64,3,0.012,5.7,69,stable_mid
m_218,61004,691190,8.0,102,35.7,12.25,0.343,18,27,34,43,58,72,90.72,4.25,40.61,37.32,4.34,0.36,0.0,33.3,65.5,1.3,1.71,0,-0.0201,5.5,63,stable_mid
m_219,60539,691190,8.0,103,35.03,14.16,0.404,18,25,32,42,61,90,90.2,3.93,41.76,30.65,4.78,0.46,0.0,40.5,56.5,3.0,1.91,7,0.0626,8.1,54,stable_mid
m_220,61278,689630,7.98,101,43.81,11.78,0.269,27,35,42,51,65,77,91.29,3.72,48.23,40.53,7.46,0.79,0.0,9.5,87.6,2.9,1.55,27,0.0098,5.7,51,stable_mid
m_221,62645,691190,8.0,99,52.09,13.56,0.26,29,42,52,63,73,75,91.25,3.34,43.11,32.51,5.92,0.32,0.0,5.4,82.1,12.5,1.4,5,-0.0197,5.7,45,stable_high
m_222,62154,691170,8.0,100,30.04,12.7,0.423,14,21,27,37,54,70,87.55,6.15,36.08,25.36,5.63,0.87,0.0,56.0,42.9,1.0,2.0,30,-0.0001,5.6,45,stable_mid
m_223,60184,682210,7.9,102,41.7,14.27,0.342,23,31,40,50,68,88,91.3,3.89,51.15,38.77,7.4,0.5,0.0,20.7,75.0,4.4,1.7,28,0.032,5.7,54,stable_mid
m_224,60203,691180,8.0,103,37.85,14.46,0.382,19,28,36,45,64,89,89.82,4.25,37.96,27.24,6.06,0.65,0.0,30.4,66.4,3.2,1.78,12,0.045,6.4,46,stable_mid
m_225,57775,658430,7.62,103,1.33,0.86,0.651,0,1,2,2,2,3,6.84,2.71,0.02,0.03,0.12,0.0,100.0,0.0,0.0,0.0,1.0,0,0.0136,5.6,49,idle_pure
m_226,61312,691180,8.0,101,33.82,13.67,0.404,15,24,32,42,58,76,88.81,5.25,39.72,28.76,8.81,0.5,0.0,42.9,55.4,1.7,1.81,35,0.0435,5.8,72,stable_mid
m_227,63446,689620,7.98,98,40.89,14.04,0.343,23,31,39,49,67,89,91.68,3.06,49.66,40.33,8.32,0.46,0.0,21.0,75.0,4.0,1.72,36,0.0126,5.6,36,stable_mid
m_228,62005,691190,8.0,100,44.5,11.81,0.265,28,36,43,51,66,80,91.59,3.37,41.95,33.11,8.08,0.61,0.0,7.0,89.6,3.5,1.53,24,0.0266,5.6,27,stable_mid
m_229,61639,676320,7.83,99,43.91,12.73,0.29,26,34,42,52,67,78,91.99,3.01,43.07,35.39,10.03,0.73,0.0,12.1,84.1,3.8,1.6,49,0.016,5.6,27,stable_mid
m_230,63288,689990,7.99,98,44.32,12.26,0.277,27,35,43,52,66,77,91.71,3.59,44.09,36.68,9.77,0.72,0.0,9.5,87.3,3.2,1.53,42,0.0193,7.9,18,stable_mid
m_231,60972,691190,8.0,102,38.23,16.31,0.427,19,27,34,46,72,94,91.11,3.72,32.0,23.94,6.55,0.41,0.0,34.3,60.0,5.7,2.12,55,0.0717,5.5,63,stable_mid
m_232,60806,691190,8.0,102,39.57,12.38,0.313,23,30,38,47,62,76,91.55,3.6,43.76,35.37,8.62,0.66,0.0,22.8,75.2,2.0,1.63,37,0.0095,5.6,72,stable_mid
m_233,60745,689420,7.98,102,46.28,11.63,0.251,29,37,45,54,67,77,91.61,3.5,44.33,34.92,8.24,0.48,0.0,5.3,91.5,3.2,1.49,42,-0.0087,6.3,57,stable_mid
m_234,60893,687460,7.96,102,34.16,15.36,0.45,17,24,31,41,62,89,88.19,6.7,33.03,23.24,5.47,0.55,0.0,45.0,51.0,4.0,2.0,3,0.0756,5.6,63,stable_mid
m_235,60278,691190,8.0,103,32.53,13.62,0.419,14,22,30,41,57,73,89.54,4.38,42.25,31.19,6.03,0.43,0.0,47.5,51.0,1.4,1.9,20,0.015,5.6,54,stable_mid
m_236,62139,691190,8.0,100,41.87,15.21,0.363,23,31,39,50,71,88,90.08,5.48,41.11,31.46,9.95,0.64,0.0,21.4,73.1,5.5,1.82,7,0.0501,5.6,46,stable_mid
m_237,60275,691190,8.0,103,41.64,15.66,0.376,23,30,38,49,75,91,91.07,4.4,43.87,34.99,8.61,0.57,0.0,22.1,71.8,6.1,1.97,53,0.0744,9.0,39,stable_mid
m_238,61986,690320,7.99,100,38.96,13.37,0.343,21,29,37,47,63,80,86.79,8.74,45.11,35.31,7.85,0.72,0.0,26.8,70.7,2.5,1.7,32,0.0188,5.7,48,stable_mid
m_239,62406,691190,8.0,100,40.38,12.28,0.304,23,31,39,48,63,75,90.72,4.37,37.27,27.52,7.26,0.45,0.0,20.1,77.9,2.0,1.62,36,0.012,7.0,39,stable_mid
m_240,60708,686110,7.94,102,34.17,13.08,0.383,18,24,32,42,59,76,89.35,4.99,51.24,39.06,10.36,0.52,0.0,43.2,55.0,1.8,1.84,21,-0.0133,5.6,67,stable_mid
m_241,58948,679810,7.87,104,43.17,13.99,0.324,25,33,41,51,68,90,90.52,4.54,42.13,34.21,9.59,0.67,0.0,15.6,80.1,4.3,1.66,11,0.0185,5.7,81,stable_mid
m_242,60997,688930,7.97,102,32.42,12.72,0.392,16,23,30,40,56,71,90.55,4.05,42.14,30.28,10.21,0.54,0.0,48.0,50.9,1.1,1.87,1,-0.0108,8.8,45,stable_mid
m_243,60417,689990,7.99,103,42.53,12.63,0.297,25,33,41,51,65,78,90.48,4.03,52.07,41.7,7.77,0.58,0.0,14.5,82.5,2.9,1.59,55,0.0122,5.7,72,stable_mid
m_244,61693,688000,7.96,100,43.44,12.37,0.285,25,34,42,52,65,76,91.59,3.22,47.39,36.59,7.7,0.48,0.0,13.2,84.7,2.2,1.55,46,-0.0154,5.6,45,stable_mid
m_245,60194,691190,8.0,103,42.11,12.56,0.298,25,33,40,50,65,79,91.23,3.63,48.49,38.21,7.03,0.67,0.0,15.4,81.5,3.1,1.62,80,0.0269,6.2,54,stable_mid
m_246,62882,691190,8.0,99,35.87,12.4,0.346,19,27,34,43,59,75,91.59,3.34,42.96,34.46,5.74,0.55,0.0,35.1,63.4,1.5,1.74,2,0.0132,5.6,38,stable_mid
m_247,61273,691190,8.0,101,41.44,12.3,0.297,24,32,40,49,64,76,91.33,3.61,43.89,35.39,7.39,0.74,0.0,16.3,81.5,2.2,1.6,20,-0.0114,6.9,61,stable_mid
m_248,62081,691190,8.0,100,37.95,14.07,0.371,21,28,35,45,62,92,91.57,3.04,44.76,34.52,7.42,0.2,0.0,30.3,66.6,3.1,1.77,16,0.0523,7.9,37,stable_mid
m_249,61988,691000,8.0,100,40.71,12.86,0.316,23,31,39,49,64,77,91.56,3.39,43.26,32.38,8.27,0.42,0.0,19.9,77.6,2.5,1.64,39,0.0023,5.6,54,stable_mid
m_250,60687,691190,8.0,102,41.84,12.43,0.297,25,32,40,50,65,77,91.6,3.49,43.45,34.91,6.85,0.74,0.0,16.0,81.4,2.6,1.62,12,0.0148,5.5,54,stable_mid
m_251,58370,690480,7.99,106,41.22,12.54,0.304,23,32,40,49,64,79,91.3,3.43,45.4,37.8,7.23,0.75,0.0,17.8,79.4,2.9,1.6,106,0.0049,6.6,81,stable_mid
m_252,60251,691190,8.0,103,43.39,13.82,0.318,21,34,43,53,67,77,88.44,7.1,38.33,27.09,6.81,0.47,0.0,15.7,80.6,3.7,1.56,2,0.1272,5.8,64,stable_mid
m_253,61908,691190,8.0,100,34.49,12.66,0.367,18,25,32,42,59,73,90.56,3.94,41.23,32.24,5.42,0.32,0.0,41.2,57.4,1.3,1.84,23,0.0066,5.6,54,stable_mid
m_254,60874,691070,8.0,102,41.84,13.8,0.33,24,32,39,49,68,89,90.69,4.51,49.05,37.2,8.5,0.44,0.0,17.9,77.8,4.2,1.74,19,0.0435,5.7,54,stable_mid
m_255,63484,689980,7.99,98,18.76,4.0,0.213,12,15,20,22,24,26,71.55,1.99,8.59,9.34,4.25,0.58,0.0,100.0,0.0,0.0,1.2,0,-0.0005,5.5,35,stable_mid
m_256,62078,682200,7.9,99,42.04,12.34,0.293,24,33,41,50,64,75,91.96,3.51,46.24,39.08,9.26,0.66,0.0,16.2,81.4,2.5,1.56,117,0.0142,5.6,36,stable_mid
m_257,61289,675550,7.82,99,33.02,14.06,0.426,16,23,30,40,58,90,87.55,6.82,20.06,14.48,5.59,0.56,0.0,47.5,50.1,2.4,1.93,13,0.0357,5.6,36,stable_mid
m_258,62991,691190,8.0,99,42.41,12.44,0.293,25,33,41,50,65,79,90.62,4.17,49.28,37.66,7.81,0.5,0.0,14.8,82.3,2.9,1.59,76,-0.0029,5.6,27,stable_mid
m_259,60446,691190,8.0,103,36.74,17.13,0.466,16,25,33,45,71,94,88.48,5.01,45.03,34.16,7.21,0.63,0.0,39.2,55.6,5.3,2.15,35,0.0455,5.7,82,stable_mid
m_260,60891,688780,7.97,102,30.62,12.52,0.409,14,21,29,38,54,67,86.28,7.78,34.85,23.35,4.23,0.71,0.1,52.8,46.3,0.8,1.86,14,0.0074,6.3,80,stable_mid
m_261,61974,688520,7.97,100,39.91,15.74,0.394,19,27,37,51,69,82,87.38,5.72,43.32,33.38,9.47,0.67,0.0,31.0,64.3,4.7,1.86,165,-0.0442,5.7,45,stable_mid
m_262,61348,685820,7.94,101,30.77,14.48,0.47,14,21,28,37,55,93,90.78,3.73,34.54,23.4,5.0,0.62,0.0,55.3,42.2,2.5,1.96,10,0.0649,5.6,45,stable_mid
m_263,61862,689110,7.98,100,33.02,12.5,0.378,16,24,31,40,56,72,90.4,4.13,35.79,25.05,5.47,0.9,0.0,45.1,53.7,1.3,1.81,3,0.0069,5.6,54,stable_mid
m_264,61760,688790,7.97,100,40.08,13.8,0.344,22,30,38,48,65,88,91.48,3.93,45.36,37.64,7.1,0.57,0.0,23.5,73.1,3.4,1.71,3,0.016,5.8,46,stable_mid
m_265,61418,691190,8.0,101,41.09,13.06,0.318,24,31,39,49,66,79,91.24,3.81,41.65,34.7,9.03,0.62,0.0,18.9,77.4,3.7,1.69,78,0.022,11.6,27,stable_mid
m_266,63385,691190,8.0,98,42.13,15.84,0.376,22,31,39,50,74,92,91.3,3.89,50.19,38.93,6.5,0.58,0.0,21.2,72.6,6.2,1.9,69,0.0657,5.6,45,stable_mid
m_267,58980,684610,7.92,104,44.38,13.15,0.296,27,35,42,52,68,87,91.47,3.7,36.56,27.45,8.11,0.76,0.0,10.6,85.2,4.2,1.62,46,0.0273,7.4,89,stable_mid
m_268,61944,691190,8.0,100,33.35,12.71,0.381,16,24,31,41,57,71,88.39,6.07,27.39,19.32,9.5,0.55,0.0,43.6,55.2,1.2,1.84,4,0.0054,5.6,68,stable_mid
m_269,60733,691190,8.0,102,38.5,18.01,0.468,17,25,34,47,75,95,85.68,7.74,43.14,31.79,11.7,0.38,0.0,37.2,55.7,7.0,2.21,33,0.104,8.7,54,stable_mid
m_270,61699,691190,8.0,101,32.22,12.16,0.377,16,23,31,39,55,70,90.54,4.15,40.88,29.43,5.36,0.56,0.0,46.9,52.0,1.1,1.77,2,-0.0229,6.2,72,stable_mid
m_271,62964,691190,8.0,99,44.53,12.49,0.28,26,35,43,53,66,78,91.4,3.19,48.41,39.9,3.85,0.48,0.0,10.4,86.6,3.0,1.53,48,0.032,5.7,36,stable_mid
m_272,60696,673240,7.79,100,32.42,12.33,0.38,15,23,31,40,55,69,90.14,3.86,41.88,31.89,5.13,0.57,0.0,45.7,53.3,1.0,1.77,10,-0.037,5.7,63,stable_mid
m_273,63536,691190,8.0,98,34.33,16.42,0.478,12,24,32,42,64,88,87.81,7.4,30.22,20.0,4.73,0.16,0.2,41.0,54.7,4.1,2.0,7,0.1625,5.6,27,stable_mid
m_274,63799,691180,8.0,97,49.28,9.83,0.2,35,42,48,56,67,75,91.01,3.4,47.02,42.27,8.38,0.92,0.0,1.1,96.1,2.8,1.4,1,0.0058,5.6,22,stable_mid
m_275,61753,691190,8.0,101,13.83,3.63,0.263,8,11,14,17,19,21,95.09,1.77,33.95,31.75,3.08,0.78,0.0,100.0,0.0,0.0,1.36,0,0.0003,5.6,47,stable_low
m_276,61146,691190,8.0,102,20.18,5.32,0.264,12,15,22,24,27,29,94.62,1.45,32.35,32.24,3.07,1.0,0.0,99.4,0.6,0.0,1.23,0,0.0265,5.6,57,stable_mid
m_277,60639,679840,7.87,101,31.47,13.06,0.415,13,22,30,39,55,72,90.59,4.12,40.79,29.33,5.64,0.41,0.0,49.4,49.4,1.2,1.83,8,-0.003,5.8,80,stable_mid
m_278,61873,691190,8.0,101,40.48,15.96,0.394,20,29,38,48,72,92,91.23,3.85,44.5,35.49,8.93,0.58,0.0,25.5,69.2,5.4,1.89,109,0.0728,5.6,55,stable_mid
m_279,61752,684290,7.92,100,30.31,12.7,0.419,13,21,28,38,54,68,90.58,4.02,38.54,25.89,5.69,0.62,0.0,54.1,44.9,0.9,1.93,6,0.0168,5.6,45,stable_mid
m_280,62283,685110,7.93,99,45.77,12.15,0.265,29,37,44,54,67,84,90.67,4.67,59.14,48.37,7.23,0.61,0.0,6.2,90.2,3.6,1.52,1,0.0361,5.9,36,stable_mid
m_281,62773,691190,8.0,99,34.31,12.54,0.365,18,25,32,42,57,74,91.7,3.28,37.08,26.17,7.03,0.43,0.0,40.3,58.3,1.3,1.78,13,0.0296,5.6,45,stable_mid
m_282,61370,691190,8.0,101,41.09,11.84,0.288,25,32,39,49,63,75,91.55,3.69,44.18,38.08,8.13,0.58,0.0,15.8,82.3,1.9,1.62,21,0.0176,5.8,45,stable_mid
m_283,61308,683100,7.91,100,40.48,13.61,0.336,23,30,38,48,67,82,90.52,3.82,52.8,39.15,8.08,0.74,0.0,22.2,73.9,3.9,1.76,240,-0.004,5.6,36,stable_mid
m_284,62989,691180,8.0,99,38.55,14.21,0.369,19,28,36,47,64,80,89.74,7.49,40.42,30.45,6.89,0.89,0.0,29.7,67.4,2.9,1.78,111,-0.0206,5.6,55,stable_mid
m_285,61180,683050,7.91,100,36.11,15.74,0.436,18,25,33,43,67,89,90.09,4.23,41.98,32.2,6.49,0.4,0.0,40.2,55.2,4.7,2.03,3,0.0774,5.6,62,stable_mid
m_286,60712,691190,8.0,102,35.08,11.87,0.338,19,26,33,42,57,70,88.83,5.18,42.1,33.42,4.66,0.43,0.0,37.0,61.9,1.0,1.73,5,0.0189,5.5,78,stable_mid
m_287,56843,684790,7.93,108,8.46,17.7,2.091,0,0,0,0,49,67,19.0,32.3,0.26,0.21,0.73,0.0,79.4,3.5,16.2,0.8,49.0,3,0.2372,14.2,63,bursty
m_288,62242,691190,8.0,100,46.43,13.74,0.296,28,36,44,54,73,87,91.37,3.42,52.36,43.36,7.53,0.62,0.0,7.6,86.3,6.0,1.66,27,0.0582,5.5,36,stable_mid
m_289,61514,682700,7.9,100,44.46,12.22,0.275,27,35,43,53,66,78,91.31,3.45,37.05,30.93,7.51,0.61,0.0,9.4,87.4,3.2,1.53,0,0.0069,5.7,63,stable_mid
m_290,61978,688790,7.97,100,53.91,11.75,0.218,36,45,53,62,75,83,90.82,3.85,50.63,43.4,45.08,0.51,0.0,0.7,90.1,9.2,1.42,8,0.0302,5.6,71,stable_high
m_291,62377,691190,8.0,100,31.47,12.98,0.412,15,22,29,39,56,71,91.02,3.45,40.61,29.4,4.61,0.56,0.0,50.5,48.4,1.1,1.93,7,0.0095,5.7,49,stable_mid
m_292,61114,691190,8.0,102,36.45,14.96,0.41,17,25,34,45,66,77,89.11,5.56,44.69,32.31,5.95,0.39,0.0,38.0,58.6,3.4,1.94,7,0.0461,6.2,54,stable_mid
m_293,61702,673510,7.8,98,36.02,16.88,0.469,16,24,33,44,69,93,88.62,5.33,43.69,32.41,7.54,0.56,0.0,41.1,53.9,4.9,2.09,71,0.0624,5.5,27,stable_mid
m_294,62134,691190,8.0,100,52.29,12.25,0.234,34,43,51,60,77,82,87.9,5.67,48.37,40.18,16.1,0.56,0.0,1.4,89.5,9.1,1.51,17,0.0219,5.6,54,stable_high
m_295,61676,689080,7.98,101,33.81,12.3,0.364,17,25,32,41,56,71,89.55,5.99,35.05,24.75,6.35,0.45,0.0,42.0,56.9,1.1,1.75,5,0.0629,5.5,54,stable_mid
m_296,60893,689110,7.98,102,42.8,12.17,0.284,26,34,41,50,65,77,91.29,4.17,46.7,37.98,6.26,0.31,0.0,12.1,84.9,2.9,1.59,40,-0.0041,6.4,68,stable_mid
m_297,54038,607250,7.03,101,8.37,17.16,2.051,0,0,0,0,47,62,19.03,33.71,0.26,0.2,0.98,0.0,78.6,5.2,15.7,0.5,47.0,55,0.2544,7.7,46,bursty
m_298,61394,691190,8.0,101,43.98,11.68,0.266,27,35,43,52,65,74,86.32,6.28,40.03,31.32,8.04,0.85,0.0,9.8,88.4,1.8,1.51,0,0.0299,5.5,63,stable_mid
m_299,60731,689400,7.98,102,32.63,15.4,0.472,14,21,30,40,60,93,90.66,4.34,37.51,25.96,5.17,0.43,0.0,49.2,48.0,2.8,2.0,15,0.0582,5.5,72,stable_mid
m_300,60518,691190,8.0,103,46.29,14.81,0.32,28,35,43,54,77,86,90.77,4.19,40.89,32.51,9.03,0.48,0.0,8.5,82.3,9.2,1.79,37,0.0846,5.7,57,stable_mid
m_301,62716,691190,8.0,99,33.11,16.67,0.503,14,22,30,40,65,93,90.01,4.18,38.21,28.13,5.95,0.49,0.0,49.3,46.2,4.5,2.17,3,0.0971,5.7,54,stable_mid
m_302,62286,679820,7.87,98,40.22,15.43,0.384,21,29,37,49,69,91,88.93,5.16,42.63,30.58,6.69,0.31,0.0,26.8,68.4,4.8,1.86,78,0.0524,5.9,39,stable_mid
m_303,62701,689990,7.99,99,41.58,11.71,0.282,25,33,40,49,63,75,92.07,3.27,44.55,38.47,9.47,0.64,0.0,14.4,83.5,2.1,1.58,67,-0.0279,5.7,52,stable_mid
m_304,61155,689990,7.99,102,32.31,14.97,0.463,14,22,30,40,58,94,90.89,3.65,40.19,30.88,5.73,0.43,0.0,49.9,47.5,2.6,1.93,18,0.0309,5.6,57,stable_mid
m_305,60538,691020,8.0,103,35.75,12.45,0.348,19,26,34,43,59,72,88.17,6.17,48.95,36.08,11.37,0.46,0.0,35.5,63.2,1.4,1.74,10,0.0043,5.6,63,stable_mid
m_306,60553,691190,8.0,103,5.05,1.13,0.224,3,4,5,6,7,8,85.64,0.6,22.38,18.19,4.59,0.05,32.0,68.0,0.0,0.0,1.4,0,0.0092,5.6,56,stable_low
m_307,61161,691190,8.0,102,40.04,13.41,0.335,22,30,38,49,65,77,91.75,3.3,41.88,31.46,7.01,0.49,0.0,24.5,72.9,2.6,1.71,5,0.0194,5.6,59,stable_mid
m_308,62435,691190,8.0,100,37.22,12.33,0.331,19,28,36,45,59,72,89.7,4.36,44.81,34.96,5.18,0.55,0.0,28.8,69.9,1.3,1.64,2,0.0138,5.4,48,stable_mid
m_309,61189,691070,8.0,102,38.78,15.83,0.408,20,28,36,46,66,95,91.39,3.64,42.85,31.64,6.46,0.44,0.0,31.0,64.5,4.5,1.83,2,0.089,5.6,70,stable_mid
m_310,62120,691180,8.0,100,47.33,10.73,0.227,31,39,46,55,66,75,91.08,3.39,44.33,39.25,8.52,0.9,0.0,3.0,94.4,2.6,1.43,13,0.0297,7.3,45,stable_mid
m_311,61552,691190,8.0,101,42.84,15.07,0.352,24,32,40,51,72,90,90.92,3.78,47.74,37.86,8.44,0.59,0.0,17.0,77.4,5.6,1.8,4,0.0587,5.7,59,stable_mid
m_312,61004,691180,8.0,102,40.5,12.79,0.316,23,31,39,48,64,78,91.09,3.53,38.62,29.88,7.06,0.56,0.0,21.1,76.4,2.5,1.64,73,0.0055,5.6,63,stable_mid
m_313,61322,685820,7.94,101,46.66,12.77,0.274,28,37,45,55,70,78,91.34,4.08,44.53,36.46,9.32,1.01,0.0,7.9,87.0,5.1,1.56,88,0.0051,5.5,46,stable_mid
m_314,59298,688890,7.97,105,42.47,14.7,0.346,24,32,40,50,71,89,91.09,3.89,39.51,30.11,8.43,0.64,0.0,17.4,77.3,5.3,1.78,4,0.0719,8.8,54,stable_mid
m_315,61342,687190,7.95,101,35.9,13.72,0.382,18,26,34,44,61,77,88.78,5.24,42.18,29.92,6.58,0.56,0.0,36.6,61.3,2.1,1.79,31,-0.0048,5.8,63,stable_mid
m_316,59615,687950,7.96,104,45.11,11.82,0.262,28,36,44,54,66,76,90.91,3.84,38.92,28.84,8.01,0.55,0.0,7.2,90.2,2.6,1.5,0,0.0182,5.6,72,stable_mid
m_317,60474,691190,8.0,103,8.43,1.98,0.235,5,7,9,10,11,14,89.51,1.79,22.51,18.01,1.02,0.06,2.4,97.6,0.0,0.0,1.22,0,0.0294,5.9,63,stable_low
m_318,61555,691190,8.0,101,39.64,12.87,0.325,19,31,38,48,63,73,89.83,4.84,42.08,30.1,6.73,0.27,0.0,20.9,77.3,1.8,1.66,6,0.0952,6.2,50,stable_mid
m_319,61510,678600,7.85,99,32.42,13.13,0.405,15,23,31,40,56,72,90.38,3.99,39.4,28.34,5.46,0.57,0.0,46.8,52.0,1.3,1.81,16,0.0073,5.7,45,stable_mid
m_320,60538,689930,7.99,103,51.65,11.56,0.224,34,43,51,60,72,79,88.03,5.65,48.0,39.41,9.12,0.54,0.0,1.3,92.0,6.7,1.41,4,0.0528,5.4,70,stable_high
m_321,61891,691190,8.0,100,47.09,11.34,0.241,30,38,47,55,66,75,86.82,5.56,45.09,37.13,10.45,0.51,0.0,4.2,93.1,2.6,1.4,5,0.0153,5.6,62,stable_mid
m_322,62401,691190,8.0,100,44.69,10.65,0.238,30,37,43,52,64,74,91.45,3.3,46.14,40.67,7.97,0.81,0.0,4.9,93.1,2.0,1.49,1,0.0212,6.4,45,stable_mid
m_323,61407,691190,8.0,101,41.39,11.79,0.285,25,32,40,49,62,74,91.67,3.63,41.29,33.24,9.0,0.49,0.0,16.4,81.9,1.7,1.55,4,-0.0057,5.6,48,stable_mid
m_324,61156,691190,8.0,102,44.77,13.39,0.299,26,35,43,53,69,85,85.39,8.23,39.13,28.64,6.94,0.64,0.0,11.1,84.3,4.6,1.6,28,0.036,5.4,81,stable_mid
m_325,58674,682210,7.9,105,32.45,11.92,0.367,16,23,31,40,54,66,88.54,5.95,41.98,29.61,8.17,0.42,0.0,46.4,52.9,0.7,1.74,10,0.0257,5.6,55,stable_mid
m_326,62670,691190,8.0,99,40.74,13.14,0.322,22,31,39,49,64,78,90.82,3.89,53.93,47.28,6.96,0.75,0.0,20.5,76.7,2.9,1.64,155,0.0188,6.2,36,stable_mid
m_327,61054,688930,7.97,102,42.58,12.77,0.3,24,33,41,51,66,76,91.83,3.43,36.62,28.89,7.52,0.8,0.0,15.8,81.2,3.0,1.61,27,-0.0032,6.1,45,stable_mid
m_328,61336,691180,8.0,101,39.17,15.33,0.392,21,28,36,46,68,91,91.57,3.37,46.6,38.92,7.39,0.61,0.0,28.5,66.8,4.7,1.89,1,0.0483,5.5,54,stable_mid
m_329,61263,691190,8.0,102,43.17,11.52,0.267,26,35,42,50,64,74,87.15,6.98,45.22,37.9,9.07,0.68,0.0,10.6,87.4,1.9,1.52,15,0.0063,5.6,45,stable_mid
m_330,62027,691190,8.0,100,32.68,12.92,0.396,15,23,31,41,56,70,90.25,4.11,39.96,26.76,5.18,0.48,0.0,46.0,53.0,1.1,1.81,9,0.009,5.6,57,stable_mid
m_331,62897,691190,8.0,99,42.5,12.58,0.296,25,33,41,51,65,78,91.02,4.09,49.22,40.98,7.07,0.61,0.0,14.8,82.4,2.9,1.59,18,0.0041,5.7,45,stable_mid
m_332,61822,676840,7.83,99,38.92,12.63,0.325,21,30,37,47,62,76,90.94,3.8,42.93,32.13,7.25,0.45,0.0,24.7,73.4,1.8,1.68,3,-0.0365,6.9,44,stable_mid
m_333,62188,691180,8.0,100,35.9,14.55,0.405,18,25,33,43,63,89,86.98,6.91,41.27,30.43,6.17,0.72,0.0,38.2,58.5,3.3,1.91,33,0.0246,5.7,55,stable_mid
m_334,61178,691190,8.0,102,43.52,12.09,0.278,27,34,42,52,65,75,92.18,3.0,46.78,40.02,9.54,0.77,0.0,11.1,86.4,2.5,1.55,3,0.0159,5.5,62,stable_mid
m_335,61240,691190,8.0,102,33.05,12.45,0.377,16,24,31,40,56,73,92.12,3.03,46.05,33.78,6.95,0.42,0.0,43.8,54.9,1.3,1.81,49,-0.0097,5.4,54,stable_mid
m_336,61950,691190,8.0,100,31.57,12.7,0.402,15,22,29,39,55,69,89.58,4.77,40.85,29.7,5.63,0.46,0.0,50.9,48.2,0.9,1.9,11,-0.0011,5.7,45,stable_mid
m_337,63463,686050,7.94,97,43.25,13.67,0.316,25,33,41,51,68,88,90.35,4.53,47.2,33.97,6.86,0.41,0.0,14.0,81.4,4.6,1.66,41,0.033,6.5,18,stable_mid
m_338,60787,680990,7.88,101,39.07,12.8,0.328,22,29,37,47,63,78,91.04,3.78,49.62,41.41,7.89,0.46,0.0,25.6,72.2,2.1,1.7,8,0.0177,5.6,45,stable_mid
m_339,60418,691190,8.0,103,39.23,13.29,0.339,21,29,37,47,63,79,90.78,4.24,42.57,32.6,8.8,0.48,0.0,26.1,71.5,2.4,1.7,27,0.0058,5.5,72,stable_mid
m_340,60260,691190,8.0,103,34.55,17.52,0.507,15,23,31,41,68,97,89.84,4.3,40.43,28.83,6.0,0.34,0.0,46.2,49.0,4.8,2.19,33,0.0882,5.6,83,stable_mid
m_341,58851,689410,7.98,105,41.92,11.08,0.264,26,34,41,49,62,72,90.92,3.68,39.5,31.1,6.23,0.99,0.0,12.1,86.4,1.5,1.51,5,0.0021,5.7,77,stable_mid
m_342,58599,669290,7.75,103,7.19,16.3,2.267,0,0,0,0,47,60,15.74,30.66,0.21,0.17,0.66,0.0,82.6,2.8,14.4,0.2,47.0,0,0.1963,5.6,54,bursty
m_343,58514,691190,8.0,106,43.5,12.59,0.289,26,34,42,52,67,79,88.54,5.48,46.29,34.98,8.92,0.75,0.0,12.2,84.4,3.4,1.6,15,-0.0146,9.4,77,stable_mid
m_344,61212,691190,8.0,102,39.19,14.25,0.364,18,29,38,48,65,79,86.05,10.47,35.56,23.81,47.59,0.38,0.1,25.6,71.4,2.9,1.71,45,0.1118,5.5,67,stable_mid
m_345,62766,687460,7.96,99,47.42,11.79,0.249,29,39,47,56,67,77,91.09,3.45,47.27,42.08,8.5,0.76,0.0,5.5,91.4,3.1,1.43,30,0.0287,5.6,36,stable_mid
m_346,60308,691190,8.0,103,46.52,16.87,0.363,16,34,48,61,69,76,88.67,7.11,35.88,25.77,9.36,0.84,0.0,19.0,76.9,4.1,1.44,11,0.2131,5.8,74,stable_mid
m_347,61110,688510,7.97,101,43.31,11.97,0.276,26,34,42,52,64,76,91.31,3.8,47.55,37.35,7.22,0.62,0.0,11.5,86.5,2.1,1.52,35,0.0283,5.7,40,stable_mid
m_348,63647,691190,8.0,98,47.65,10.98,0.23,31,39,47,55,67,75,91.07,3.64,48.77,42.38,9.14,0.77,0.0,3.0,94.4,2.6,1.43,0,0.0259,5.7,36,stable_mid
m_349,61948,691070,8.0,100,38.2,12.61,0.33,20,29,37,46,61,74,88.72,6.99,36.42,25.38,8.41,0.68,0.0,26.8,71.6,1.6,1.65,4,0.0786,5.5,68,stable_mid
m_350,60939,691190,8.0,102,42.96,13.94,0.325,24,32,41,51,69,83,88.31,5.41,53.95,43.24,7.96,0.62,0.0,17.0,78.2,4.8,1.68,202,-0.0027,5.6,90,stable_mid
m_351,61446,684310,7.92,100,32.74,12.56,0.384,17,23,30,40,56,71,85.71,12.35,40.25,28.82,5.68,1.1,0.0,47.2,51.7,1.2,1.87,9,0.0043,7.5,45,stable_mid
m_352,62297,681890,7.89,99,44.44,12.37,0.278,26,35,43,53,66,76,90.9,4.06,46.85,40.95,10.13,0.82,0.0,10.8,86.2,3.0,1.53,7,-0.001,5.4,39,stable_mid
m_353,63603,691190,8.0,98,31.21,12.41,0.397,15,22,29,39,54,68,90.42,4.21,41.36,29.93,9.25,0.47,0.0,50.6,48.6,0.8,1.86,2,0.004,6.5,27,stable_mid
m_354,62576,681000,7.88,98,37.77,12.17,0.322,21,28,36,45,60,73,88.14,6.24,48.82,41.46,8.28,0.75,0.0,28.6,70.1,1.4,1.67,10,0.0333,7.1,27,stable_mid
m_355,62036,691190,8.0,100,28.19,15.12,0.536,11,18,25,35,53,99,88.26,11.86,35.15,27.66,4.81,0.57,0.0,63.4,34.4,2.2,2.12,9,0.0327,5.6,63,stable_mid
m_356,61930,691190,8.0,100,43.07,14.67,0.34,24,32,41,52,70,89,87.86,5.21,51.91,45.43,9.31,0.7,0.0,17.9,76.9,5.2,1.71,19,0.0408,6.8,52,stable_mid
m_357,61920,691190,8.0,100,41.58,13.92,0.335,23,31,39,50,68,82,90.44,4.49,45.59,36.36,8.19,0.9,0.0,19.8,75.9,4.3,1.74,327,0.0233,5.7,50,stable_mid
m_358,62067,691190,8.0,100,40.05,11.95,0.298,23,31,38,47,62,76,90.99,4.73,47.26,37.1,6.85,0.46,0.0,19.8,78.3,1.9,1.63,5,-0.0016,5.6,45,stable_mid
m_359,63561,690120,7.99,98,38.96,11.97,0.307,23,30,37,46,61,77,91.35,3.88,52.02,40.65,5.83,0.41,0.0,23.2,75.0,1.9,1.65,38,-0.006,5.5,18,stable_mid
m_360,60528,691070,8.0,103,39.07,16.12,0.413,19,27,36,48,68,96,90.67,3.99,42.74,33.06,7.57,0.37,0.0,31.9,63.7,4.4,1.89,92,0.0509,7.5,73,stable_mid
m_361,62259,691190,8.0,100,39.79,13.18,0.331,21,30,38,48,64,76,91.34,3.73,41.67,31.09,7.35,0.52,0.0,24.4,73.2,2.4,1.68,15,0.031,6.2,45,stable_mid
m_362,61182,691190,8.0,102,40.81,13.81,0.338,23,31,38,49,65,90,92.03,3.21,42.61,35.85,8.87,0.63,0.0,21.2,75.2,3.6,1.71,28,0.0325,5.6,55,stable_mid
m_363,62553,691190,8.0,99,35.78,16.85,0.471,16,24,32,43,69,93,88.07,5.23,44.37,32.67,7.9,0.41,0.0,43.2,51.9,4.9,2.16,68,0.0652,5.6,57,stable_mid
m_364,62761,691190,8.0,99,42.14,11.98,0.284,25,33,41,49,64,77,91.79,3.08,46.62,36.18,6.47,0.63,0.0,13.7,83.8,2.5,1.56,3,0.0143,5.6,45,stable_mid
m_365,60984,691190,8.0,102,47.16,10.92,0.232,30,39,47,55,65,75,90.58,4.07,48.7,42.79,12.83,0.82,0.0,4.0,93.8,2.2,1.38,2,0.015,5.7,45,stable_mid
m_366,60531,691190,8.0,103,39.0,12.56,0.322,21,30,38,47,61,76,83.77,10.25,48.95,37.25,5.79,0.73,0.0,24.8,73.4,1.8,1.61,28,0.0156,6.4,63,stable_mid
m_367,62365,691190,8.0,100,51.77,11.63,0.225,33,43,51,60,71,82,90.06,4.28,47.85,39.29,11.37,0.34,0.0,1.3,92.3,6.4,1.39,8,0.0203,5.5,40,stable_high
m_368,62483,689980,7.99,99,34.4,12.92,0.376,17,25,32,42,58,73,88.69,5.04,44.46,35.45,5.39,0.41,0.0,40.8,57.8,1.4,1.81,7,0.0161,5.7,45,stable_mid
m_369,61748,690110,7.99,101,39.56,14.66,0.371,22,29,37,47,66,94,91.01,3.92,39.46,30.5,7.88,0.84,0.0,26.1,70.1,3.8,1.78,93,0.0427,5.6,54,stable_mid
m_370,63802,691190,8.0,97,36.19,12.5,0.346,19,27,34,44,59,72,88.75,5.0,42.93,33.65,6.14,0.55,0.0,33.6,65.1,1.3,1.74,2,0.0287,5.6,27,stable_mid
m_371,59755,683580,7.91,103,39.9,14.3,0.358,21,29,37,48,68,83,90.9,3.76,43.65,33.73,7.53,0.51,0.0,25.4,70.3,4.3,1.84,283,0.0072,6.0,72,stable_mid
m_372,63058,691190,8.0,99,39.37,13.07,0.332,22,30,37,47,64,79,91.25,3.52,49.14,40.32,5.68,0.49,0.0,24.0,73.0,3.0,1.73,230,0.0084,5.6,27,stable_mid
m_373,63061,691190,8.0,99,40.94,13.08,0.319,22,31,39,50,64,77,91.44,3.51,47.09,39.26,7.81,0.81,0.0,20.7,76.8,2.5,1.64,56,0.0274,5.6,45,stable_mid
m_375,61172,690340,7.99,102,43.39,12.27,0.283,26,34,42,52,65,76,90.96,3.89,47.32,37.89,6.7,0.74,0.0,12.1,85.5,2.4,1.55,4,0.0324,9.5,36,stable_mid
m_376,62490,686110,7.94,99,41.02,11.71,0.285,25,32,39,48,62,75,91.22,3.91,42.09,34.92,9.86,0.77,0.0,16.2,81.8,2.0,1.59,32,0.0226,5.7,36,stable_mid
m_377,60488,685820,7.94,102,39.35,15.39,0.391,19,28,37,47,67,92,83.14,16.51,8.63,6.68,8.65,0.54,0.0,28.1,67.4,4.4,1.81,194,0.0267,5.4,65,stable_mid
m_378,60973,681900,7.89,101,47.58,11.27,0.237,30,39,47,56,66,75,88.78,7.57,46.46,38.51,9.51,0.58,0.0,4.6,92.9,2.5,1.4,37,0.0116,5.6,46,stable_mid
m_379,62144,691190,8.0,100,41.0,12.71,0.31,24,31,39,49,64,77,89.92,4.67,45.82,38.08,13.25,0.66,0.0,18.7,78.7,2.6,1.64,66,0.0391,5.6,54,stable_mid
m_380,61080,691190,8.0,102,40.56,12.57,0.31,23,31,39,49,63,78,91.7,3.27,53.15,41.26,7.21,0.61,0.0,20.4,77.3,2.3,1.62,58,0.0029,5.6,63,stable_mid
m_381,63987,691190,8.0,97,30.76,13.53,0.44,13,20,28,39,56,73,88.68,4.88,38.47,27.98,7.5,0.64,0.0,53.6,45.2,1.2,2.0,16,0.0051,5.5,36,stable_mid
m_382,62516,691070,8.0,99,35.51,16.01,0.451,17,24,32,43,66,93,87.58,5.49,43.08,31.26,7.75,0.55,0.0,42.0,53.7,4.3,2.06,70,0.0396,5.7,46,stable_mid
m_383,61236,687770,7.96,101,35.0,16.72,0.478,15,23,32,43,67,91,90.2,4.26,40.02,28.61,6.04,0.49,0.0,44.1,51.2,4.7,2.09,33,0.0922,5.7,63,stable_mid
m_384,60539,691190,8.0,103,46.35,12.79,0.276,28,37,45,55,70,78,91.23,3.69,43.68,34.31,6.48,0.42,0.0,7.0,87.8,5.2,1.56,19,0.001,5.5,63,stable_mid
m_385,63471,686470,7.95,97,34.2,12.52,0.366,17,25,32,42,57,71,89.6,4.62,41.31,30.57,10.73,0.59,0.0,40.8,58.1,1.1,1.78,0,-0.0182,5.6,36,stable_mid
m_386,63304,690120,7.99,98,2.99,0.59,0.198,2,3,3,3,4,5,88.93,1.29,22.16,17.05,1.02,0.01,98.5,1.5,0.0,0.0,1.33,0,0.0036,6.6,27,idle_pure
m_387,62546,676660,7.83,97,43.17,14.85,0.344,23,33,41,51,74,87,90.92,3.07,51.43,44.92,7.77,0.0,0.0,17.0,76.7,6.4,1.8,121,0.0534,5.5,18,stable_mid
m_388,63253,691190,8.0,98,39.36,12.58,0.32,23,30,37,47,63,77,90.96,4.59,42.7,34.13,6.63,0.62,0.0,23.3,74.5,2.2,1.7,8,-0.0016,5.4,39,stable_mid
m_389,60761,691190,8.0,102,34.59,14.65,0.424,18,25,32,41,60,96,91.6,3.5,35.98,24.76,6.82,0.69,0.0,42.2,54.9,3.0,1.88,126,0.042,5.7,72,stable_mid
m_390,62898,691180,8.0,99,3.87,0.81,0.21,3,3,4,4,5,6,83.58,0.55,16.69,11.67,1.04,0.01,82.1,17.9,0.0,0.0,1.25,0,0.0036,5.6,36,idle_pure
m_391,63359,689990,7.99,98,36.35,12.11,0.333,21,27,34,43,59,73,91.88,3.21,42.97,37.66,7.0,0.45,0.0,32.4,66.2,1.4,1.74,3,-0.0336,5.6,19,stable_mid
m_392,63635,691070,8.0,98,55.06,8.48,0.154,41,49,56,61,68,73,90.66,3.85,50.13,45.35,13.27,0.77,0.0,0.1,96.7,3.2,1.21,0,-0.0063,5.4,36,stable_high
m_393,63263,689400,7.98,98,47.59,11.12,0.234,31,39,47,55,67,77,91.74,3.32,47.28,41.02,8.35,0.0,0.0,2.8,94.1,3.1,1.43,3,0.0167,5.5,27,stable_mid
m_394,63458,689110,7.98,98,46.06,11.91,0.259,29,37,44,54,67,77,89.47,5.04,47.48,39.7,8.06,0.77,0.0,5.6,90.8,3.5,1.52,0,0.0167,5.7,27,stable_mid
m_395,61956,687450,7.96,100,42.94,11.81,0.275,26,34,42,50,64,75,91.58,3.56,44.84,36.63,10.98,0.92,0.0,12.2,85.5,2.3,1.52,35,0.0175,5.5,38,stable_mid
m_396,63097,691190,8.0,99,38.83,14.46,0.372,21,28,36,46,70,85,87.89,6.53,45.89,38.02,6.86,0.67,0.0,28.8,66.2,5.0,1.94,465,-0.0328,5.7,36,stable_mid
m_397,60484,683390,7.91,102,40.55,14.01,0.346,22,30,38,48,65,91,91.13,3.58,32.24,25.98,8.05,0.47,0.0,22.1,74.3,3.6,1.71,81,0.0558,7.2,52,stable_mid
m_398,58650,691190,8.0,106,44.62,11.24,0.252,28,36,44,53,64,74,91.58,3.28,37.13,30.32,13.13,0.73,0.0,7.4,90.6,1.9,1.45,16,0.0238,6.0,77,stable_mid
m_399,61961,689120,7.98,100,40.4,16.29,0.403,21,29,37,48,74,92,91.4,3.45,33.92,24.94,7.71,0.42,0.0,27.8,66.4,5.8,2.0,75,0.0812,5.7,45,stable_mid
m_400,60583,680980,7.88,101,35.01,13.53,0.386,17,25,33,43,60,74,90.7,3.75,40.75,28.64,5.77,0.69,0.0,39.0,59.5,1.5,1.82,19,-0.0013,5.5,55,stable_mid
m_401,61470,690190,7.99,101,36.75,12.05,0.328,20,28,35,44,58,72,91.53,3.42,34.8,25.78,6.83,0.57,0.0,31.9,66.8,1.3,1.66,12,0.0581,5.6,63,stable_mid
m_402,62098,687470,7.96,100,39.01,12.9,0.331,22,29,37,47,62,77,91.91,3.08,42.69,31.54,6.3,0.54,0.0,25.9,71.9,2.2,1.68,17,0.0003,5.4,45,stable_mid
m_403,60318,691190,8.0,103,42.08,13.92,0.331,22,32,41,51,68,78,90.78,4.1,46.16,39.24,11.75,0.64,0.0,20.0,76.1,3.9,1.66,158,-0.0178,5.7,72,stable_mid
m_404,60906,691190,8.0,102,42.2,13.31,0.315,25,32,40,49,66,86,91.35,3.47,41.25,34.45,7.43,0.82,0.0,16.2,80.0,3.8,1.65,64,0.042,5.5,72,stable_mid
m_405,61333,690680,7.99,101,30.93,15.82,0.511,12,20,28,38,58,92,90.47,3.95,39.01,27.81,4.58,0.45,0.0,55.2,41.6,3.1,2.07,11,0.0416,5.6,72,stable_mid
m_406,61049,680990,7.88,100,41.49,11.62,0.28,25,33,40,49,62,74,91.43,3.76,47.02,38.04,7.5,0.59,0.0,15.2,83.1,1.7,1.55,2,-0.0107,5.6,42,stable_mid
m_407,61626,685870,7.94,100,32.98,15.92,0.483,15,22,30,41,61,92,84.2,9.69,40.93,29.4,5.63,0.43,0.0,49.7,46.8,3.5,2.03,31,0.0273,5.7,36,stable_mid
m_408,63144,691190,8.0,98,32.23,12.26,0.38,17,23,30,39,55,69,90.74,3.74,41.41,29.16,5.21,0.43,0.0,48.8,50.3,1.0,1.83,4,0.0101,5.6,45,stable_mid
m_409,59758,680090,7.87,102,36.9,13.42,0.364,20,27,35,44,62,80,90.35,4.5,46.14,35.75,7.49,0.59,0.0,33.1,64.4,2.6,1.77,127,0.0173,5.6,59,stable_mid
m_410,61725,691190,8.0,101,41.57,14.38,0.346,23,31,39,49,69,87,90.82,4.27,44.03,34.54,6.01,0.51,0.0,19.7,75.3,5.0,1.77,2,0.0504,5.6,51,stable_mid
m_411,61467,691190,8.0,101,48.28,13.36,0.277,29,38,47,57,73,83,89.44,4.57,45.08,36.88,9.18,0.7,0.0,5.2,88.1,6.7,1.55,7,0.0785,5.6,38,stable_mid
m_412,62166,691190,8.0,100,42.42,12.02,0.283,25,33,41,50,64,77,91.65,3.06,50.73,40.35,7.95,0.6,0.0,13.4,84.2,2.3,1.56,45,0.0029,5.6,75,stable_mid
m_413,62616,691190,8.0,99,8.84,1.67,0.189,6,8,9,10,11,13,96.16,1.26,26.91,22.69,2.28,0.43,0.1,99.9,0.0,0.0,1.22,0,0.0051,6.6,49,stable_low
m_414,62803,691190,8.0,99,45.21,11.87,0.263,28,36,44,53,66,75,91.48,3.56,45.52,39.43,10.21,0.8,0.0,7.7,89.4,2.9,1.5,24,-0.0177,5.8,43,stable_mid
m_415,59603,691180,8.0,104,41.89,14.82,0.354,23,31,40,49,70,90,91.39,3.46,49.44,38.38,7.5,0.45,0.0,19.2,75.8,5.0,1.75,0,0.0697,5.5,72,stable_mid
m_416,61200,691190,8.0,102,39.39,12.94,0.328,21,30,38,47,63,78,91.66,3.49,34.46,27.27,7.4,0.7,0.0,23.7,73.9,2.4,1.66,216,0.0395,5.9,37,stable_mid
m_417,62599,691190,8.0,99,40.86,13.68,0.335,22,30,39,49,66,80,88.62,5.41,46.97,37.63,8.51,0.48,0.0,22.2,74.4,3.4,1.69,123,0.009,5.4,53,stable_mid
m_418,60575,691190,8.0,103,50.18,10.12,0.202,34,43,51,57,66,74,91.39,3.52,48.17,41.28,9.05,0.86,0.0,1.4,96.2,2.4,1.29,8,0.0093,5.5,73,stable_high
m_419,61623,691190,8.0,101,35.14,13.13,0.374,18,25,33,43,60,75,90.11,4.44,43.49,33.31,6.95,0.54,0.0,38.9,59.5,1.6,1.82,16,-0.0102,5.8,72,stable_mid
m_420,62250,691190,8.0,100,48.9,10.44,0.213,33,41,48,57,66,74,91.55,3.52,39.85,34.92,11.34,0.71,0.0,1.8,96.0,2.2,1.38,3,0.0304,6.0,53,stable_mid
m_421,60458,691190,8.0,103,38.55,12.47,0.323,22,29,37,46,61,74,91.68,3.31,52.03,38.3,6.4,0.77,0.0,26.4,72.0,1.6,1.65,5,0.0088,5.6,91,stable_mid
m_422,60450,691190,8.0,103,40.33,12.03,0.298,24,31,39,48,62,77,91.57,3.52,40.28,30.94,6.99,0.61,0.0,19.3,78.8,2.0,1.59,1,0.0262,7.5,60,stable_mid
m_423,62303,691190,8.0,100,47.56,11.15,0.235,30,39,47,56,66,75,90.9,3.56,47.43,42.94,8.77,0.69,0.0,3.8,93.7,2.5,1.4,12,0.0182,5.6,64,stable_mid
m_424,61889,689410,7.98,100,51.48,10.25,0.199,34,44,52,59,68,74,90.01,4.16,48.4,43.36,55.91,0.73,0.0,1.1,95.5,3.3,1.31,2,0.0075,5.6,54,stable_high
m_425,61503,691190,8.0,101,44.63,13.22,0.296,28,35,42,52,71,83,90.74,3.65,43.21,36.24,8.49,0.84,0.0,8.6,86.0,5.5,1.69,28,0.0681,5.9,57,stable_mid
m_426,61317,686400,7.94,101,47.36,11.46,0.242,31,39,46,55,67,78,86.98,8.03,42.08,32.78,9.25,0.77,0.0,3.2,93.2,3.5,1.46,25,0.0225,6.3,46,stable_mid
m_427,61357,682780,7.9,100,37.82,14.75,0.39,19,27,35,45,65,89,88.34,5.88,41.16,32.43,6.4,0.55,0.0,32.5,63.4,4.1,1.86,289,0.024,5.5,63,stable_mid
m_428,62492,691190,8.0,100,35.74,12.84,0.359,18,26,34,43,59,75,91.29,3.75,35.8,25.82,7.62,0.47,0.0,35.8,62.7,1.5,1.74,26,0.0241,5.6,36,stable_mid
m_429,61075,691190,8.0,102,39.5,13.27,0.336,21,29,38,48,64,79,91.32,3.61,44.17,33.72,8.18,0.42,0.0,25.2,72.1,2.7,1.68,52,0.0116,5.8,72,stable_mid
m_430,62356,691190,8.0,100,48.26,10.75,0.223,32,41,47,55,67,76,90.03,4.02,42.8,37.47,8.06,0.88,0.0,3.1,93.6,3.3,1.43,59,0.0197,5.7,36,stable_mid
m_431,62311,691190,8.0,100,33.16,16.4,0.494,14,21,30,41,63,92,87.41,5.66,45.76,35.31,6.62,0.56,0.0,48.8,47.5,3.7,2.1,69,0.0105,5.6,45,stable_mid
m_432,62013,689980,7.99,100,3.64,0.51,0.14,3,3,4,4,4,5,32.29,1.73,0.35,0.45,1.0,0.0,98.8,1.2,0.0,0.0,1.0,0,-0.0006,5.6,54,idle_pure
m_433,58795,667790,7.73,102,9.02,19.53,2.166,0,0,0,0,51,87,18.14,33.16,0.32,0.41,0.74,0.0,80.1,2.4,15.5,1.9,51.0,1,0.2562,5.7,55,bursty
m_434,62044,689930,7.99,100,41.11,12.94,0.315,23,31,39,49,65,76,90.48,5.4,40.12,30.56,8.0,0.49,0.0,20.1,77.6,2.4,1.67,8,-0.0404,5.6,54,stable_mid
m_435,62024,691190,8.0,100,42.92,13.59,0.317,25,33,40,51,69,83,92.12,2.86,44.09,37.97,7.77,0.6,0.0,13.7,81.5,4.8,1.72,5,0.0388,5.7,54,stable_mid
m_436,61211,691190,8.0,102,34.07,12.5,0.367,18,25,32,41,57,71,90.18,4.37,40.85,29.93,6.0,0.5,0.0,41.9,57.0,1.1,1.78,7,0.0555,5.7,58,stable_mid
m_437,61547,688000,7.96,101,38.48,12.54,0.326,22,29,37,46,61,78,91.42,3.5,46.11,35.83,6.32,0.64,0.0,26.5,71.6,1.9,1.65,9,-0.015,5.7,63,stable_mid
m_438,61108,691180,8.0,102,38.81,12.96,0.334,22,29,37,47,63,78,90.98,4.11,37.19,28.29,10.33,0.38,0.0,26.8,70.8,2.4,1.7,43,0.0111,5.5,63,stable_mid
m_439,61631,691190,8.0,101,40.98,12.0,0.293,24,32,39,49,63,74,92.01,3.2,48.5,38.13,7.81,0.52,0.0,17.6,80.6,1.8,1.62,1,-0.0046,6.3,54,stable_mid
m_440,62716,677380,7.84,97,43.37,12.27,0.283,26,34,42,52,65,75,91.78,3.29,43.77,35.91,9.45,0.7,0.0,12.3,85.2,2.5,1.55,1,0.0144,5.7,27,stable_mid
m_441,63634,691190,8.0,98,31.19,12.35,0.396,15,22,29,38,54,70,89.31,5.0,41.17,30.15,5.52,0.47,0.0,52.1,46.9,1.0,1.86,9,-0.0183,5.6,36,stable_mid
m_442,60780,674680,7.81,100,42.86,12.11,0.283,25,34,42,51,65,76,91.98,3.25,43.33,36.32,10.13,0.74,0.0,13.2,84.3,2.5,1.55,4,0.0055,5.7,45,stable_mid
m_443,61061,682510,7.9,101,47.8,14.17,0.296,28,37,46,57,75,83,91.33,3.41,48.34,40.63,10.78,0.6,0.0,7.6,85.1,7.3,1.63,103,0.0408,5.6,58,stable_mid
m_444,62703,691190,8.0,99,45.64,12.69,0.278,27,36,44,55,67,77,91.87,3.57,43.51,37.69,10.11,0.82,0.0,9.0,87.6,3.4,1.52,72,0.0146,5.7,36,stable_mid
m_445,60866,690320,7.99,102,37.4,13.73,0.367,20,27,35,45,63,81,88.59,6.87,36.37,25.05,7.35,0.56,0.0,32.5,65.0,2.5,1.8,89,0.0534,5.5,64,stable_mid
m_446,62906,691190,8.0,99,32.5,12.17,0.374,16,24,31,39,55,70,89.86,4.25,36.19,25.99,5.38,0.61,0.0,46.3,52.6,1.0,1.77,5,0.0032,5.8,28,stable_mid
m_447,63155,691190,8.0,98,42.25,12.63,0.299,25,33,41,51,64,77,91.74,3.17,47.66,41.05,8.1,0.6,0.0,15.7,81.8,2.4,1.56,57,0.0077,5.7,36,stable_mid
m_448,61543,691190,8.0,101,34.08,16.21,0.476,15,23,31,41,64,91,90.24,4.21,41.04,29.75,5.03,0.75,0.0,46.5,49.2,4.3,2.06,15,0.0569,6.1,45,stable_mid
m_449,62687,691190,8.0,99,36.54,13.59,0.372,20,27,34,44,62,81,87.86,5.72,33.73,23.19,5.21,0.29,0.0,36.1,61.1,2.8,1.82,7,0.0405,5.7,36,stable_mid
m_450,60367,685200,7.93,102,41.01,12.14,0.296,24,32,39,49,63,77,91.09,3.72,52.95,41.84,7.88,0.64,0.0,18.2,79.7,2.1,1.62,42,0.0385,5.6,81,stable_mid
m_451,59693,688780,7.97,104,42.27,12.96,0.307,23,32,41,51,65,74,91.7,3.72,42.72,34.06,9.36,0.8,0.0,17.9,79.8,2.3,1.59,33,0.009,6.1,62,stable_mid
m_452,62194,691190,8.0,100,47.2,12.97,0.275,29,38,45,55,72,83,91.46,3.52,45.15,38.31,8.44,0.78,0.0,5.0,89.1,5.9,1.6,46,0.0612,5.7,54,stable_mid
m_453,63391,688540,7.97,98,37.91,15.78,0.416,18,27,35,46,72,87,90.09,4.27,42.24,32.23,3.76,0.44,0.0,33.6,60.9,5.5,2.06,81,-0.0025,5.6,36,stable_mid
m_454,63921,685210,7.93,96,31.63,13.73,0.434,13,22,29,40,58,72,89.83,4.12,34.27,23.49,5.15,0.63,0.0,50.6,48.0,1.3,2.0,63,0.002,5.6,18,stable_mid
m_455,61541,684590,7.92,100,14.12,3.49,0.247,8,11,14,17,19,21,93.55,1.09,40.92,35.2,3.63,1.0,0.0,100.0,0.0,0.0,1.36,0,-0.0081,5.6,54,stable_low
m_456,61411,691190,8.0,101,43.52,12.93,0.297,26,34,42,52,67,78,90.9,4.36,47.82,36.96,7.77,0.57,0.0,13.6,82.8,3.6,1.6,8,0.0173,5.9,63,stable_mid
m_457,60506,691190,8.0,103,39.74,11.85,0.298,24,31,38,47,61,75,91.34,3.77,43.25,32.45,7.16,0.55,0.0,20.7,77.5,1.8,1.61,6,-0.0119,5.7,74,stable_mid
m_458,63389,691190,8.0,98,44.51,12.02,0.27,27,36,43,52,66,77,91.32,3.54,43.42,34.63,8.26,0.76,0.0,8.8,88.0,3.2,1.53,29,0.0106,5.6,36,stable_mid
m_459,63300,691190,8.0,98,40.02,13.93,0.348,22,30,37,48,65,89,89.55,5.36,46.33,39.11,3.54,0.3,0.0,22.2,74.2,3.6,1.76,46,0.0399,5.4,27,stable_mid
m_460,60753,691190,8.0,102,44.21,12.13,0.274,27,35,42,52,66,78,91.08,3.64,45.79,39.64,7.77,0.61,0.0,8.8,87.9,3.3,1.57,82,0.0207,5.6,63,stable_mid
m_461,60427,689630,7.98,103,37.61,12.29,0.327,21,28,36,45,60,75,90.87,3.78,40.13,29.84,4.62,0.25,0.0,29.1,69.4,1.5,1.67,4,0.0334,5.6,55,stable_mid
m_462,62999,691190,8.0,99,40.73,12.26,0.301,23,32,39,48,63,77,91.5,3.33,42.22,34.65,6.87,1.07,0.0,18.3,79.3,2.4,1.62,73,0.0179,5.6,46,stable_mid
m_463,61397,686520,7.95,101,41.43,13.52,0.326,24,31,39,50,67,79,91.73,3.37,17.95,14.25,9.0,0.49,0.0,20.3,76.1,3.7,1.72,213,0.0357,5.6,62,stable_mid
m_464,63021,688500,7.97,98,32.14,12.6,0.392,15,22,31,40,54,71,89.76,4.9,40.3,29.21,3.75,0.6,0.0,46.4,52.5,1.1,1.74,7,-0.0363,5.6,36,stable_mid
m_465,61266,691190,8.0,102,50.16,9.67,0.193,35,43,50,57,66,73,90.4,4.35,44.37,39.9,10.55,0.71,0.0,1.0,96.8,2.3,1.32,4,-0.0139,5.6,48,stable_high
m_466,37026,371850,4.3,90,0.02,0.15,6.704,0,0,0,0,0,1,3.01,0.12,0.0,0.0,0.0,0.97,100.0,0.0,0.0,0.0,0.0,0,0.0007,0.3,0,bursty
m_467,59052,691180,8.0,105,33.71,16.99,0.504,13,21,30,42,66,91,88.45,4.85,44.0,33.21,11.61,0.46,0.0,48.7,47.0,4.3,2.2,44,0.025,8.7,63,stable_mid
m_468,62973,691180,8.0,99,39.81,16.48,0.414,21,28,36,47,72,95,91.76,4.06,51.78,24.15,98.11,0.46,0.0,29.0,65.6,5.4,2.0,15,0.0762,6.6,46,stable_mid
m_469,61609,688680,7.97,101,43.07,14.19,0.329,24,32,40,53,70,79,87.1,6.13,55.23,42.39,8.49,0.0,0.0,18.0,76.5,5.5,1.75,44,0.0262,5.7,29,stable_mid
m_470,63206,690520,7.99,98,43.1,11.4,0.265,27,35,42,50,64,74,91.92,3.13,44.86,38.22,8.01,0.82,0.0,10.1,88.1,1.8,1.52,3,0.0408,5.7,36,stable_mid
m_471,62154,691190,8.0,100,46.47,10.81,0.233,31,38,45,54,66,74,90.28,4.65,48.83,46.15,13.65,0.81,0.0,3.1,94.5,2.4,1.47,0,0.0087,7.1,48,stable_mid
m_472,60741,691190,8.0,102,40.04,11.52,0.288,25,32,38,47,62,75,91.74,3.16,46.2,37.27,7.19,0.69,0.0,18.1,80.2,1.7,1.63,4,0.0055,5.6,65,stable_mid
m_473,62472,691070,8.0,100,53.7,9.35,0.174,39,47,54,60,69,75,90.12,4.3,54.0,49.54,11.37,0.94,0.0,0.1,94.9,5.0,1.28,0,0.0029,7.0,18,stable_high
m_474,59807,688640,7.97,104,32.75,12.97,0.396,16,23,31,40,57,72,89.73,4.84,41.48,29.85,5.45,0.81,0.0,46.2,52.4,1.3,1.84,13,-0.0049,5.9,54,stable_mid
m_475,62200,691190,8.0,100,9.06,2.06,0.227,6,7,9,11,12,14,53.16,2.88,6.06,9.12,2.47,0.19,0.0,100.0,0.0,0.0,1.33,0,0.0202,7.0,45,stable_low
m_476,61679,691190,8.0,101,32.19,13.4,0.416,14,22,30,40,57,74,90.64,3.85,41.29,31.9,8.4,0.6,0.0,47.9,50.5,1.6,1.9,201,-0.0084,10.1,48,stable_mid
m_477,60556,691190,8.0,103,37.66,13.87,0.368,19,27,35,46,64,78,91.92,3.31,40.86,30.55,7.76,0.5,0.0,32.1,65.2,2.7,1.83,33,0.0071,5.5,73,stable_mid
m_478,60190,688790,7.97,103,49.02,10.73,0.219,32,41,49,57,66,76,91.08,3.96,43.91,38.71,8.85,0.74,0.0,1.8,95.5,2.6,1.35,0,0.0037,5.9,80,stable_mid
m_479,62621,691190,8.0,99,45.84,10.9,0.238,30,38,45,53,65,75,90.18,4.29,44.57,38.82,7.93,0.83,0.0,4.3,93.3,2.4,1.44,1,0.0106,5.6,45,stable_mid
m_480,60296,686860,7.95,103,50.09,10.8,0.216,35,42,49,57,73,78,89.51,7.33,39.01,29.68,4.25,0.3,0.0,0.7,93.1,6.3,1.49,3,0.0519,5.7,75,stable_high
m_481,61783,688900,7.97,100,45.56,12.34,0.271,28,36,44,53,67,82,91.55,3.34,45.96,38.65,9.39,0.7,0.0,6.8,89.4,3.8,1.52,5,0.0181,5.5,54,stable_mid
m_482,62021,683860,7.92,99,39.39,13.14,0.333,21,30,37,48,63,79,91.3,3.33,45.97,39.84,7.38,0.41,0.0,24.7,72.7,2.5,1.7,113,0.0362,5.6,48,stable_mid
m_483,60144,691190,8.0,103,32.7,12.53,0.383,16,23,31,40,56,70,90.53,3.85,40.86,30.2,5.13,0.47,0.0,45.0,54.0,1.0,1.81,8,0.0087,5.4,75,stable_mid
m_484,61905,686980,7.95,100,38.55,14.16,0.367,21,29,36,45,64,92,90.29,4.71,42.22,31.93,6.89,0.39,0.0,27.9,68.7,3.4,1.78,23,0.0398,5.6,45,stable_mid
m_485,62281,691180,8.0,100,43.19,11.93,0.276,26,34,42,51,65,76,91.12,3.91,49.5,39.84,7.61,0.69,0.0,12.0,85.7,2.3,1.55,3,0.001,5.6,40,stable_mid
m_486,60494,680080,7.87,101,46.84,11.58,0.247,30,38,46,54,68,77,91.42,3.47,44.96,37.01,7.41,0.9,0.0,4.0,91.9,4.1,1.48,59,0.0132,5.6,54,stable_mid
m_487,60896,686980,7.95,102,39.12,12.78,0.327,22,30,37,47,63,78,89.35,4.76,42.81,32.77,3.88,0.4,0.0,24.7,73.1,2.1,1.7,39,-0.0082,5.6,54,stable_mid
m_488,63464,691070,8.0,98,47.65,12.18,0.256,29,38,47,57,68,76,91.53,3.55,46.34,39.39,8.87,0.68,0.0,5.8,90.6,3.6,1.45,77,0.0321,6.7,27,stable_mid
m_489,61831,691190,8.0,101,30.57,12.54,0.41,14,21,29,37,54,72,89.52,4.72,36.1,24.42,4.71,0.45,0.0,53.3,45.5,1.2,1.86,63,-0.0177,5.6,57,stable_mid
m_490,59638,691190,8.0,104,45.42,13.87,0.305,28,35,43,53,73,86,91.28,3.64,43.88,33.44,6.61,0.62,0.0,8.8,85.4,5.8,1.7,0,0.0874,5.7,72,stable_mid
m_491,60765,686100,7.94,102,39.72,12.13,0.305,23,30,38,47,62,75,90.28,3.97,44.1,34.37,6.77,0.63,0.0,21.9,76.4,1.7,1.63,15,0.0123,5.6,63,stable_mid
m_492,62978,691190,8.0,99,35.54,15.43,0.434,17,25,32,43,65,88,86.01,9.46,41.45,31.23,5.48,0.55,0.0,40.8,54.8,4.4,2.03,22,0.08,5.7,44,stable_mid
m_493,61596,690650,7.99,101,42.99,15.04,0.35,24,32,40,51,76,84,90.77,3.97,48.41,39.67,6.78,0.65,0.0,16.8,75.5,7.8,1.9,433,0.0246,5.8,54,stable_mid
m_494,61413,690520,7.99,101,46.39,14.4,0.31,28,35,44,55,77,85,89.89,4.71,44.11,33.69,10.33,0.42,0.0,8.6,83.6,7.8,1.75,11,0.0618,5.8,55,stable_mid
m_495,60684,691070,8.0,102,43.55,12.15,0.279,27,34,41,52,66,76,91.13,3.93,49.81,41.33,6.86,0.43,0.0,10.1,87.2,2.7,1.61,10,0.0068,5.6,54,stable_mid
m_496,63027,691190,8.0,99,44.91,13.17,0.293,27,35,43,54,70,80,90.92,4.03,51.95,42.81,8.07,0.83,0.0,9.8,85.0,5.2,1.63,46,0.0149,5.7,36,stable_mid
m_497,60487,689940,7.99,103,40.76,12.55,0.308,23,31,39,49,63,78,91.17,3.71,41.91,32.11,6.93,0.53,0.0,19.1,78.3,2.6,1.62,78,0.017,9.1,36,stable_mid
m_498,60646,691190,8.0,103,41.21,15.79,0.383,21,30,39,49,71,91,91.18,3.81,44.1,36.42,10.13,0.52,0.0,23.8,70.7,5.5,1.82,6,0.037,5.4,73,stable_mid
m_499,60959,691190,8.0,102,33.19,13.51,0.407,15,23,31,41,59,74,88.84,5.54,42.4,30.73,6.13,0.71,0.0,45.6,52.9,1.5,1.9,16,-0.0301,6.8,47,stable_mid
m_500,63187,691190,8.0,98,47.13,12.43,0.264,28,38,46,55,68,82,91.45,4.18,44.91,38.36,9.43,0.84,0.0,6.7,89.3,4.0,1.48,55,0.0419,5.7,43,stable_mid
m_501,61228,683390,7.91,100,48.14,13.16,0.273,29,38,46,58,71,81,90.74,4.06,46.77,37.1,7.59,0.72,0.0,5.3,88.5,6.2,1.54,199,-0.0441,9.8,45,stable_mid
m_502,62574,679090,7.86,98,40.57,16.16,0.398,18,29,38,50,71,87,88.09,7.93,34.77,23.86,6.5,0.41,0.0,26.7,67.9,5.4,1.87,3,0.1613,7.2,22,stable_mid
m_503,61011,691180,8.0,102,39.45,12.47,0.316,23,30,37,47,62,77,91.27,3.54,44.9,35.0,7.71,0.73,0.0,23.1,75.0,2.0,1.68,1,0.028,6.1,57,stable_mid
m_504,62995,688900,7.97,98,48.65,10.18,0.209,33,41,48,56,66,73,90.63,4.48,43.89,38.48,6.83,1.11,0.0,1.6,95.9,2.5,1.38,14,0.0301,5.6,38,stable_mid
m_505,63635,689950,7.99,98,42.21,11.9,0.282,25,33,41,50,63,75,91.01,4.07,49.96,41.01,7.89,0.53,0.0,13.6,84.4,1.9,1.54,23,-0.0017,5.7,36,stable_mid
m_506,61060,684600,7.92,101,45.01,12.53,0.278,27,35,44,54,67,76,92.04,3.15,46.03,40.61,10.28,1.02,0.0,10.1,86.8,3.1,1.52,2,0.0001,5.7,52,stable_mid
m_507,61275,691190,8.0,101,5.47,1.34,0.246,4,4,5,6,8,9,89.77,1.1,23.16,18.92,4.96,0.0,26.2,73.8,0.0,0.0,1.6,0,0.0062,5.7,63,stable_low
m_508,60693,691190,8.0,102,38.68,12.23,0.316,22,30,37,46,61,76,90.75,4.26,48.48,37.05,7.12,0.57,0.0,24.4,73.9,1.7,1.65,17,0.0331,5.6,54,stable_mid
m_509,62517,690120,7.99,99,42.71,11.74,0.275,26,34,41,51,63,73,91.51,3.83,44.55,40.25,10.44,0.8,0.0,12.5,85.8,1.7,1.54,33,0.0071,5.6,31,stable_mid
m_510,60221,691190,8.0,103,40.02,13.91,0.348,22,30,38,47,64,91,91.85,3.47,48.3,38.08,7.82,0.6,0.0,23.5,73.0,3.5,1.68,1,0.0364,6.5,72,stable_mid
m_511,62003,691190,8.0,100,47.76,10.78,0.226,31,40,47,56,66,74,90.8,3.74,49.28,44.24,8.93,0.91,0.0,2.8,95.0,2.2,1.4,0,0.033,5.7,45,stable_mid
m_512,62010,691190,8.0,100,38.78,14.96,0.386,20,28,36,47,66,91,86.73,8.01,36.9,25.32,7.3,0.46,0.0,29.7,66.3,4.0,1.83,27,0.0927,5.6,54,stable_mid
m_513,60859,691190,8.0,102,33.82,12.35,0.365,17,24,32,41,56,70,90.95,3.66,41.82,31.47,10.27,0.44,0.0,41.7,57.2,1.1,1.75,3,-0.0304,5.5,74,stable_mid
m_514,61683,691190,8.0,101,33.29,12.94,0.389,16,24,31,41,57,73,89.47,4.9,43.18,32.87,5.96,0.52,0.0,44.0,54.6,1.4,1.84,27,-0.0349,5.6,63,stable_mid
m_515,59823,672000,7.78,101,48.42,11.91,0.246,30,40,48,56,68,83,91.16,3.81,50.15,43.25,9.29,0.76,0.0,4.0,92.1,3.9,1.42,8,0.0277,7.3,45,stable_mid
m_516,61728,691190,8.0,101,35.74,15.57,0.435,15,24,33,46,65,78,86.15,6.18,45.65,34.13,12.86,0.38,0.0,40.7,56.0,3.3,1.97,134,0.0022,6.1,54,stable_mid
m_517,61505,691190,8.0,101,42.48,15.2,0.358,23,32,40,50,72,90,90.78,4.33,48.2,35.5,7.47,0.58,0.0,19.0,75.4,5.6,1.8,58,0.0624,5.9,63,stable_mid
m_518,61596,687770,7.96,100,33.37,12.22,0.366,17,24,32,41,56,69,89.69,4.81,45.57,31.98,5.48,0.35,0.0,43.0,56.0,1.0,1.75,9,0.0066,5.4,45,stable_mid
m_519,60805,691190,8.0,102,43.02,12.69,0.295,25,33,41,52,66,77,91.37,3.68,44.11,36.88,7.59,0.87,0.0,14.3,82.9,2.7,1.61,66,-0.0034,5.4,61,stable_mid
m_520,62338,691190,8.0,100,50.54,10.06,0.199,34,43,50,58,67,74,91.73,3.1,50.1,42.78,10.17,0.58,0.0,1.6,95.5,3.0,1.34,0,0.0313,5.7,48,stable_high
m_521,60756,691180,8.0,102,32.31,12.89,0.399,15,23,30,40,56,71,90.4,3.95,40.35,29.27,5.67,0.84,0.0,47.8,51.1,1.2,1.87,10,-0.01,5.6,72,stable_mid
m_522,60863,691190,8.0,102,47.63,10.63,0.223,31,40,47,55,66,75,90.02,4.47,45.39,41.59,8.98,0.91,0.0,2.6,94.8,2.6,1.4,19,-0.0121,5.6,54,stable_mid
m_523,59679,691190,8.0,104,30.95,12.12,0.392,14,22,29,38,53,66,88.83,5.96,42.31,31.51,4.85,0.63,0.0,50.8,48.6,0.6,1.83,6,0.0081,5.8,64,stable_mid
m_524,61912,691190,8.0,100,40.63,12.0,0.295,25,32,39,48,63,76,90.38,4.51,37.59,28.04,7.97,0.47,0.0,17.5,80.3,2.2,1.62,7,-0.0057,7.2,27,stable_mid
m_525,62187,691190,8.0,100,40.05,12.6,0.315,23,31,38,48,63,78,91.08,3.59,39.41,29.53,7.64,0.53,0.0,21.2,76.4,2.4,1.66,7,0.0106,5.8,56,stable_mid
m_526,61132,690120,7.99,102,41.2,11.59,0.281,25,32,40,49,62,74,84.36,12.37,38.58,28.65,7.59,0.65,0.0,16.0,82.4,1.6,1.55,0,0.0127,5.6,47,stable_mid
m_527,62990,689110,7.98,98,37.04,17.34,0.468,17,25,33,45,73,95,90.75,4.21,32.76,23.37,6.11,0.36,0.0,39.1,55.6,5.4,2.21,215,0.0776,5.6,45,stable_mid
m_528,59712,691190,8.0,104,39.68,12.54,0.316,23,30,38,47,62,78,91.15,3.86,45.03,35.77,6.55,0.48,0.0,22.7,75.1,2.1,1.63,74,0.0249,8.0,55,stable_mid
m_529,60738,689120,7.98,102,40.1,12.35,0.308,23,31,39,48,63,76,91.17,3.73,44.75,34.23,7.91,0.73,0.0,21.1,76.9,2.0,1.62,4,0.0137,5.6,60,stable_mid
m_530,59592,689940,7.99,104,36.77,12.37,0.336,20,27,35,44,59,73,91.33,3.6,46.8,38.42,6.53,0.6,0.0,32.0,66.6,1.4,1.69,9,0.0147,6.0,60,stable_mid
m_531,62807,687470,7.96,99,42.47,15.33,0.361,22,31,40,51,72,88,90.96,4.05,51.98,45.85,6.22,0.63,0.0,20.8,73.6,5.6,1.8,27,0.0389,5.7,36,stable_mid
m_532,61362,691190,8.0,101,34.71,14.85,0.428,16,24,32,43,61,92,90.72,3.73,40.72,29.0,5.49,0.44,0.0,42.8,54.4,2.8,1.91,3,0.0387,6.2,45,stable_mid
m_533,60734,680990,7.88,101,40.93,16.67,0.407,21,29,37,49,77,94,90.15,4.64,41.48,32.42,8.36,0.45,0.0,26.9,66.8,6.3,2.08,92,0.0677,5.8,54,stable_mid
m_534,61280,691190,8.0,101,43.09,13.55,0.314,23,33,41,52,68,78,88.98,4.85,50.29,40.48,7.56,0.85,0.0,15.6,80.5,3.9,1.66,44,-0.0083,5.5,53,stable_mid
m_535,62389,691180,8.0,100,39.96,13.14,0.329,23,30,38,48,64,79,91.34,3.8,40.6,30.63,7.18,0.58,0.0,23.3,74.0,2.7,1.68,54,0.0125,5.6,27,stable_mid
m_536,62016,691190,8.0,100,48.97,10.0,0.204,34,41,48,56,66,75,88.63,7.35,50.59,46.33,8.64,0.88,0.0,1.1,96.4,2.5,1.38,5,0.022,5.5,46,stable_mid
m_537,62316,691190,8.0,100,36.93,10.85,0.294,22,29,35,43,57,69,91.79,3.72,44.68,38.01,8.2,0.83,0.0,27.3,71.7,1.0,1.63,8,-0.0247,7.0,36,stable_mid
m_538,63061,691190,8.0,99,31.71,15.76,0.497,13,20,29,39,59,93,90.25,4.34,40.02,29.2,5.1,0.45,0.0,51.9,45.0,3.1,2.03,13,0.0212,5.4,40,stable_mid
m_539,62513,691070,8.0,99,34.15,13.87,0.406,15,24,32,43,59,76,88.24,5.36,40.55,28.98,11.01,0.42,0.0,42.0,56.3,1.7,1.84,25,0.0117,6.0,28,stable_mid
m_540,61070,686510,7.95,101,44.38,14.08,0.317,27,34,42,51,74,88,90.26,4.55,46.51,36.89,6.39,0.55,0.0,11.0,83.3,5.7,1.76,34,0.0562,5.5,54,stable_mid
m_541,61626,691190,8.0,101,41.48,12.01,0.29,25,32,39,49,64,76,90.35,4.17,44.77,35.89,6.26,0.38,0.0,15.1,82.6,2.2,1.64,4,0.0142,5.7,72,stable_mid
m_542,61233,687990,7.96,101,38.62,13.46,0.349,19,29,37,47,63,75,87.48,8.08,36.78,24.4,6.26,0.54,0.1,25.9,72.0,2.0,1.7,10,0.0831,9.6,45,stable_mid
m_543,62113,672690,7.79,97,3.3,0.62,0.189,3,3,3,4,4,6,91.82,0.8,21.52,16.32,1.02,0.0,96.0,4.0,0.0,0.0,1.33,0,0.0023,5.7,24,idle_pure
m_544,63600,685210,7.93,97,42.74,11.64,0.272,26,34,41,50,64,75,90.05,4.5,45.66,43.79,7.82,0.86,0.0,11.5,86.2,2.3,1.56,27,0.0027,5.5,27,stable_mid
m_545,63525,691180,8.0,98,50.61,11.66,0.23,34,42,49,58,73,81,85.94,6.24,42.0,34.09,8.15,0.8,0.0,1.1,92.3,6.6,1.49,0,0.0437,6.3,20,stable_high
m_546,59376,689990,7.99,105,40.87,11.6,0.284,25,32,39,48,62,73,91.96,3.25,44.25,37.17,7.44,0.96,0.0,16.4,82.0,1.6,1.59,2,0.0229,8.2,62,stable_mid
m_547,60466,683690,7.91,102,36.06,12.41,0.344,20,27,34,44,59,73,92.09,3.44,40.35,32.56,9.03,0.77,0.0,35.3,63.3,1.4,1.74,83,0.0005,5.8,63,stable_mid
m_548,58940,689990,7.99,105,40.82,14.42,0.353,22,30,39,49,67,86,88.83,5.37,47.11,38.06,8.12,0.68,0.0,23.7,72.1,4.2,1.72,346,0.0114,5.6,93,stable_mid
m_549,61071,691190,8.0,102,42.54,14.12,0.332,25,32,40,50,68,91,91.21,3.85,37.97,29.57,9.19,0.55,0.0,16.4,79.0,4.6,1.7,87,0.0562,7.0,73,stable_mid
m_550,60009,685090,7.93,103,33.57,13.87,0.413,14,23,32,42,58,75,90.42,4.27,52.23,41.31,6.71,0.69,0.0,42.7,55.7,1.6,1.81,82,-0.0381,5.6,54,stable_mid
m_551,60253,680100,7.87,102,44.02,13.03,0.296,26,34,42,52,68,80,91.53,4.17,45.31,34.92,7.05,0.75,0.0,12.5,83.2,4.3,1.62,164,0.0167,5.6,72,stable_mid
m_552,61314,691190,8.0,101,42.05,13.2,0.314,24,32,40,50,67,80,91.17,3.67,39.39,29.46,6.31,0.39,0.0,17.0,79.2,3.8,1.68,74,0.0098,6.2,79,stable_mid
m_553,60330,688790,7.97,103,40.18,15.35,0.382,21,29,38,48,71,89,90.16,3.75,42.57,31.39,5.51,0.42,0.0,25.9,68.9,5.2,1.87,2,0.0993,5.5,63,stable_mid
m_554,61275,678600,7.85,100,42.26,11.9,0.282,25,33,41,50,64,75,91.1,3.65,46.71,38.5,8.1,0.65,0.0,13.6,84.4,2.0,1.56,1,0.015,5.6,49,stable_mid
m_555,60399,691190,8.0,103,40.46,12.39,0.306,23,31,39,48,63,76,92.11,3.1,42.14,34.1,11.59,0.69,0.0,19.9,78.1,2.0,1.62,31,-0.0037,5.9,76,stable_mid
m_556,18319,298030,3.45,146,0.0,0.05,5.32,0,0,0,0,0,0,3.85,0.52,0.01,0.02,0.0,0.0,100.0,0.0,0.0,0.0,0.0,0,-0.0001,17.9,54,bursty
m_557,64232,691190,8.0,97,45.34,13.17,0.291,27,35,44,54,68,86,91.03,4.31,45.65,38.05,10.39,0.78,0.0,9.0,86.5,4.5,1.55,42,0.0555,5.5,27,stable_mid
m_558,60574,685210,7.93,102,37.57,15.85,0.422,20,27,34,44,67,93,92.12,2.99,38.71,32.3,8.43,0.29,0.0,35.2,60.1,4.8,1.97,11,0.0685,6.5,55,stable_mid
m_559,63080,691070,8.0,99,47.09,12.63,0.268,27,38,46,56,69,74,90.68,4.05,40.6,29.12,5.85,0.25,0.0,7.8,87.7,4.5,1.5,1,-0.0202,5.6,37,stable_mid
m_560,61752,685830,7.94,100,5.64,1.03,0.182,4,5,6,6,7,8,89.03,0.6,24.98,20.93,1.42,0.05,12.9,87.1,0.0,0.0,1.17,0,0.007,5.9,45,stable_low
m_561,60539,684610,7.92,102,48.81,12.18,0.25,30,40,48,58,70,77,91.2,3.88,68.25,38.15,4.94,0.2,0.0,4.5,90.3,5.2,1.46,40,0.0031,5.5,54,stable_mid
m_562,59718,691190,8.0,104,36.5,15.94,0.437,18,25,33,44,66,92,90.19,4.41,41.1,29.55,5.38,0.46,0.0,38.0,57.4,4.6,2.0,2,0.0754,5.7,77,stable_mid
m_563,59434,688510,7.97,104,41.29,12.83,0.311,22,33,40,49,64,75,88.13,7.47,34.31,22.99,6.08,0.19,0.0,16.7,81.1,2.2,1.6,2,0.0884,6.7,57,stable_mid
m_564,62686,691190,8.0,99,49.24,10.01,0.203,34,42,49,56,66,74,91.08,3.34,46.84,42.77,12.48,0.85,0.0,1.3,96.4,2.3,1.35,0,0.0152,5.8,57,stable_mid
m_565,61675,684710,7.92,100,24.46,14.41,0.589,8,13,21,33,52,70,90.25,4.35,38.76,27.03,3.87,0.6,0.0,67.8,31.2,1.0,2.48,25,-0.1376,5.6,63,stable_mid
m_566,58730,691190,8.0,106,34.99,12.24,0.35,18,26,33,42,57,72,90.34,4.2,44.03,34.09,3.41,0.5,0.0,36.2,62.7,1.2,1.73,5,0.0359,9.3,75,stable_mid
m_567,61850,691190,8.0,100,44.43,15.36,0.346,25,33,42,53,75,90,90.48,4.63,42.95,34.15,10.32,0.53,0.0,15.4,77.7,6.9,1.79,31,0.0706,5.6,42,stable_mid
m_568,62275,691190,8.0,100,41.35,14.01,0.339,24,31,39,49,66,90,91.54,3.4,45.45,37.34,7.51,0.4,0.0,20.1,76.0,3.8,1.69,26,0.0467,5.6,50,stable_mid
m_569,61311,691190,8.0,101,37.48,16.09,0.429,18,26,34,45,66,94,90.69,4.15,42.46,32.76,6.69,0.35,0.0,35.5,60.2,4.3,1.94,7,0.0373,5.4,77,stable_mid
m_570,61484,691180,8.0,101,41.08,12.39,0.302,24,32,39,49,64,75,91.95,3.09,40.94,33.67,7.78,0.65,0.0,17.8,80.1,2.1,1.64,45,0.0014,5.4,54,stable_mid
m_571,61079,687450,7.96,101,34.92,16.84,0.482,15,23,31,42,68,93,90.01,4.09,42.39,30.87,6.02,0.54,0.0,44.3,50.9,4.8,2.19,13,0.0664,5.5,67,stable_mid
m_572,62000,691190,8.0,100,31.0,12.0,0.387,15,22,29,38,53,68,89.9,4.72,44.46,33.98,5.69,0.74,0.0,51.0,48.0,0.9,1.83,13,-0.0133,5.5,45,stable_mid
m_573,62925,689420,7.98,99,46.31,11.62,0.251,29,37,46,54,66,76,91.36,3.5,42.82,35.26,7.6,0.81,0.0,5.7,91.4,2.9,1.43,14,0.0265,5.7,27,stable_mid
m_574,61887,685080,7.93,100,44.18,10.64,0.241,29,36,43,51,63,75,90.49,4.21,47.04,41.71,10.21,0.87,0.0,5.4,92.8,1.8,1.47,1,0.0152,5.7,45,stable_mid
m_575,61719,691190,8.0,101,37.04,13.02,0.352,20,27,35,45,61,75,91.8,3.06,40.27,27.89,5.89,0.32,0.0,33.2,65.1,1.8,1.74,6,0.0042,5.9,58,stable_mid
m_576,58962,691190,8.0,105,41.88,11.05,0.264,27,34,40,49,62,74,91.15,3.71,44.72,33.17,5.76,0.47,0.0,10.9,87.3,1.8,1.55,1,0.0114,7.2,63,stable_mid
m_577,63221,691190,8.0,98,41.05,12.31,0.3,25,32,39,48,64,76,86.52,6.63,42.34,31.54,8.33,0.51,0.0,17.1,80.5,2.4,1.64,19,0.0025,5.5,37,stable_mid
m_578,62069,691190,8.0,100,48.2,11.21,0.233,31,40,48,57,66,76,91.3,3.56,48.9,44.35,8.75,0.81,0.0,3.5,93.8,2.7,1.38,0,0.0243,5.6,54,stable_mid
m_579,61974,691010,8.0,100,34.83,15.22,0.437,16,24,32,42,62,92,89.71,4.59,41.99,31.69,5.59,0.82,0.0,42.3,54.5,3.2,1.94,22,0.0397,5.5,47,stable_mid
m_580,60250,691190,8.0,103,43.05,11.86,0.275,26,34,42,50,65,77,91.35,3.44,45.17,38.45,8.83,0.77,0.0,11.8,85.7,2.5,1.55,60,0.0109,6.9,61,stable_mid
m_581,63466,691190,8.0,98,41.72,14.86,0.356,22,31,39,51,68,88,89.86,4.83,48.45,38.2,6.41,0.66,0.0,21.5,74.2,4.3,1.74,58,0.0823,6.9,45,stable_mid
m_582,63332,687850,7.96,98,40.72,12.54,0.308,24,31,39,49,63,76,91.31,4.15,39.73,30.53,7.69,0.58,0.0,19.9,78.0,2.2,1.62,17,0.0132,6.5,32,stable_mid
m_583,61222,690420,7.99,101,39.04,11.23,0.288,24,31,37,46,59,72,91.42,3.38,38.22,29.81,6.57,0.26,0.0,21.0,77.7,1.3,1.59,0,0.0215,5.6,64,stable_mid
m_584,62474,691190,8.0,100,37.37,14.11,0.378,19,27,35,45,63,83,90.7,4.3,38.38,27.82,7.04,0.47,0.0,33.4,63.7,2.9,1.8,153,0.0064,5.6,54,stable_mid
m_585,62387,691190,8.0,100,32.02,12.93,0.404,15,22,30,40,56,72,89.41,4.52,43.48,30.14,5.12,0.44,0.0,49.5,49.3,1.2,1.87,35,0.0101,5.8,39,stable_mid
m_586,61391,691190,8.0,101,31.76,12.46,0.392,15,23,30,39,54,70,83.2,14.19,42.12,31.14,3.16,0.59,0.0,48.1,50.8,1.0,1.8,11,-0.0229,5.6,54,stable_mid
m_587,62864,691190,8.0,99,27.88,12.64,0.453,12,19,25,35,51,68,89.92,4.53,39.55,29.3,6.05,0.48,0.0,62.7,36.4,0.9,2.04,20,-0.0084,5.6,50,stable_mid
m_588,62391,691190,8.0,100,45.91,12.18,0.265,27,37,45,55,67,74,91.49,3.53,42.15,35.02,9.56,0.99,0.0,8.4,88.5,3.1,1.49,42,0.006,5.9,38,stable_mid
m_589,61105,687830,7.96,101,37.27,13.62,0.365,19,27,36,46,61,81,91.09,3.55,23.06,17.59,7.51,0.56,0.0,32.4,65.2,2.4,1.69,247,0.036,5.5,65,stable_mid
m_590,63147,685390,7.93,98,39.0,12.69,0.325,22,29,37,47,62,76,91.19,3.62,45.79,36.73,6.62,0.66,0.0,25.2,72.8,1.9,1.68,8,-0.0302,5.7,36,stable_mid
m_591,60673,688790,7.97,102,39.75,12.81,0.322,23,30,38,47,63,79,91.77,3.25,37.68,28.09,8.63,0.5,0.0,23.6,73.9,2.5,1.66,80,0.0004,5.5,87,stable_mid
m_592,59530,691190,8.0,104,41.44,11.88,0.287,25,33,40,49,62,76,89.18,4.79,43.07,33.6,7.64,0.73,0.0,15.5,82.4,2.1,1.55,1,0.0359,6.3,63,stable_mid
m_593,62064,677690,7.84,98,42.55,16.51,0.388,22,31,39,51,80,91,91.56,3.39,49.42,39.86,7.65,0.57,0.0,21.4,71.6,7.0,2.05,213,0.0588,5.5,38,stable_mid
m_594,61118,691190,8.0,102,36.6,12.85,0.351,19,27,35,44,60,78,91.17,4.12,44.07,37.99,7.24,0.62,0.0,32.8,65.4,1.8,1.71,92,0.0203,5.9,72,stable_mid
m_595,60958,691180,8.0,102,46.37,12.99,0.28,27,36,45,56,69,76,90.41,4.01,63.18,39.59,4.67,0.28,0.0,8.9,86.6,4.5,1.53,70,-0.025,7.4,45,stable_mid
m_596,59944,689420,7.98,104,33.06,12.74,0.385,17,23,31,41,57,72,90.86,3.62,43.91,32.45,5.64,0.7,0.0,46.1,52.7,1.2,1.84,1,-0.0008,8.9,47,stable_mid
m_597,61357,691190,8.0,101,33.65,12.45,0.37,17,24,32,41,56,71,90.25,4.0,41.19,31.57,5.31,0.75,0.0,41.9,57.0,1.1,1.75,0,0.0129,5.5,54,stable_mid
m_598,62576,691070,8.0,99,33.72,12.47,0.37,18,24,31,41,57,71,89.54,4.51,41.14,32.74,5.15,0.61,0.0,43.9,54.9,1.2,1.84,12,-0.0216,5.5,44,stable_mid
m_599,60679,686110,7.94,102,38.74,12.6,0.325,22,29,37,46,62,76,90.85,4.6,42.5,34.25,8.28,0.57,0.0,26.2,71.8,2.1,1.68,18,0.0016,7.0,71,stable_mid
m_600,62879,691190,8.0,99,33.12,13.24,0.4,16,23,31,41,58,72,90.81,3.48,40.23,28.71,5.75,0.53,0.0,46.4,52.4,1.2,1.87,4,0.0072,5.7,55,stable_mid
m_601,62153,691190,8.0,100,41.73,14.58,0.349,24,31,39,49,69,89,91.79,3.3,46.49,33.44,8.32,0.54,0.0,19.0,76.1,4.9,1.77,5,0.0695,5.7,46,stable_mid
m_602,60749,691190,8.0,102,41.7,12.03,0.289,25,33,40,49,63,76,90.44,5.11,45.06,35.93,8.81,0.75,0.0,15.1,82.8,2.1,1.58,2,0.0104,7.5,81,stable_mid
m_603,60088,689420,7.98,103,47.62,10.8,0.227,31,39,47,55,67,76,89.66,4.97,49.57,45.25,8.13,0.8,0.0,2.8,94.3,2.8,1.43,31,0.0084,8.5,63,stable_mid
m_604,62245,691190,8.0,100,32.5,12.92,0.398,15,23,31,40,56,70,90.56,3.87,39.74,27.84,5.32,0.55,0.0,46.2,52.8,1.1,1.81,13,-0.0091,6.2,40,stable_mid
m_605,60858,691190,8.0,102,4.74,0.9,0.189,3,4,5,5,6,7,88.61,0.65,21.82,17.91,1.04,0.03,37.6,62.4,0.0,0.0,1.2,0,0.0034,7.2,54,idle_pure
m_606,64088,691190,8.0,97,41.66,12.23,0.294,25,32,40,49,64,76,90.53,4.49,48.44,38.17,6.95,0.57,0.0,16.3,81.3,2.4,1.6,3,-0.0031,5.7,19,stable_mid
m_607,61369,691190,8.0,101,50.17,12.13,0.242,32,41,49,58,72,85,90.19,4.27,46.9,40.22,8.42,0.45,0.0,2.2,91.4,6.3,1.47,26,0.0269,5.4,63,stable_high
m_608,63267,691190,8.0,98,42.47,13.68,0.322,24,32,40,51,69,80,92.16,3.2,41.7,35.71,9.41,0.6,0.0,17.1,78.4,4.5,1.72,251,-0.0094,6.7,36,stable_mid
m_609,60680,691190,8.0,103,43.73,12.07,0.276,28,35,42,51,65,83,91.6,3.47,44.7,37.92,7.54,0.65,0.0,8.8,87.9,3.3,1.55,2,0.0437,5.7,75,stable_mid
m_610,60065,685390,7.93,103,40.01,12.3,0.307,23,31,38,47,63,77,85.96,11.84,9.64,7.87,6.85,0.72,0.0,20.3,77.3,2.4,1.66,18,0.0278,5.6,44,stable_mid
m_611,63182,688510,7.97,98,30.63,12.92,0.422,15,21,28,37,55,72,88.13,5.22,36.29,25.11,5.56,0.44,0.0,54.3,44.5,1.2,1.96,57,0.0052,5.9,36,stable_mid
m_612,60961,691190,8.0,102,41.26,13.21,0.32,24,32,39,48,64,90,87.6,6.89,40.5,31.21,7.71,0.4,0.0,17.8,78.9,3.3,1.64,4,0.0427,5.6,54,stable_mid
m_613,61582,691190,8.0,101,43.44,11.29,0.26,28,35,42,51,64,74,91.36,3.79,43.54,36.97,9.99,0.66,0.0,8.7,89.2,2.1,1.52,3,0.0082,5.6,60,stable_mid
m_614,60942,689990,7.99,102,9.21,19.98,2.17,0,0,0,0,54,85,17.98,31.27,0.24,0.18,0.75,0.0,79.7,3.3,14.5,2.5,54.0,0,0.2473,5.7,72,bursty
m_615,59971,691190,8.0,104,48.31,12.11,0.251,30,39,47,58,69,75,90.65,4.47,47.53,42.07,10.91,0.83,0.0,3.9,91.9,4.2,1.47,5,0.0166,7.3,70,stable_mid
m_616,61603,688790,7.97,101,42.49,11.78,0.277,26,33,41,50,64,74,91.79,3.52,45.49,38.77,6.98,0.81,0.0,13.6,84.4,2.1,1.56,28,0.0116,5.5,49,stable_mid
m_617,61983,691190,8.0,100,42.54,13.91,0.327,23,32,41,52,68,76,89.68,5.13,67.89,58.02,4.59,0.18,0.0,18.9,77.4,3.7,1.66,41,-0.0187,5.6,72,stable_mid
m_618,60738,691190,8.0,102,2.13,8.8,4.134,0,0,0,0,6,44,6.26,11.0,0.02,0.03,0.33,0.0,94.9,1.9,2.7,0.4,6.0,3,0.0465,5.6,71,bursty
m_619,60171,691190,8.0,102,46.4,10.35,0.223,31,39,46,53,64,74,91.52,3.43,46.81,39.41,8.38,0.8,0.0,3.0,95.0,2.0,1.39,1,0.0177,5.6,48,stable_mid
m_620,63570,687780,7.96,97,4.58,1.09,0.238,3,4,4,5,6,8,74.45,0.88,23.7,20.04,1.03,0.0,52.9,47.1,0.0,0.0,1.5,0,0.0081,5.5,27,idle_pure
m_621,60014,689110,7.98,103,45.92,11.72,0.255,28,37,45,54,67,75,91.05,3.59,46.77,42.08,8.26,0.76,0.0,6.6,90.5,2.9,1.49,23,0.0108,5.9,73,stable_mid
m_622,63326,691190,8.0,98,46.89,10.33,0.22,32,39,46,54,66,73,90.91,3.8,42.55,35.51,4.62,0.83,0.0,2.5,95.4,2.1,1.43,1,0.0205,5.8,27,stable_mid
m_623,60541,691190,8.0,103,3.25,0.75,0.229,2,3,3,4,5,5,86.45,0.88,20.97,16.36,1.09,0.0,94.6,5.4,0.0,0.0,1.67,0,0.0031,7.3,63,idle_pure
m_624,61695,684290,7.92,100,43.37,13.41,0.309,26,34,41,51,67,89,91.66,3.33,42.07,34.5,8.11,0.76,0.0,12.1,83.9,4.1,1.63,37,0.05,5.6,45,stable_mid
m_625,61435,691190,8.0,101,46.62,10.49,0.225,31,39,46,54,64,76,91.9,3.32,46.66,38.26,8.03,0.81,0.0,3.3,94.5,2.2,1.39,0,0.0168,5.6,57,stable_mid
m_626,60280,691190,8.0,103,45.54,11.33,0.249,29,37,45,53,65,75,91.73,2.84,45.02,39.38,11.88,0.9,0.0,6.0,91.7,2.3,1.44,16,0.0107,5.5,52,stable_mid
m_627,62905,691070,8.0,99,50.09,10.52,0.21,34,42,50,57,68,77,90.15,4.21,50.85,45.53,9.46,0.81,0.0,1.2,95.4,3.4,1.36,0,0.0267,5.7,36,stable_high
m_628,64170,691070,8.0,97,46.94,12.57,0.268,30,38,45,55,69,87,90.95,3.99,45.58,37.47,10.65,0.84,0.0,4.7,90.5,4.8,1.53,24,0.0384,5.5,18,stable_mid
m_629,62606,691180,8.0,99,50.92,9.55,0.188,36,44,51,58,67,75,91.09,3.73,35.37,29.5,13.74,0.61,0.0,0.6,96.7,2.7,1.31,0,0.018,5.8,45,stable_high
m_630,62250,681000,7.88,98,42.33,13.19,0.312,25,33,40,49,66,88,90.99,3.93,43.12,34.6,6.43,0.49,0.0,14.2,82.1,3.7,1.65,23,0.0359,5.8,30,stable_mid
m_631,58353,688900,7.97,106,42.02,16.58,0.395,22,30,38,50,76,92,90.78,4.5,41.64,31.87,7.8,0.39,0.0,23.8,69.4,6.8,2.0,36,0.063,6.3,71,stable_mid
m_632,61990,686510,7.95,100,39.3,12.87,0.328,22,30,37,47,63,79,91.78,3.15,23.89,18.65,7.31,0.53,0.0,24.6,73.0,2.4,1.7,38,0.0215,5.8,57,stable_mid
m_633,56364,606710,7.02,97,8.96,18.01,2.01,0,0,0,0,49,65,18.2,32.35,0.28,0.22,0.99,0.0,78.2,3.6,17.6,0.7,49.0,1,0.2605,5.7,30,bursty
m_634,60950,691190,8.0,102,41.03,12.2,0.297,24,32,39,49,63,75,90.88,4.05,38.55,29.22,6.15,0.66,0.0,17.7,80.4,1.8,1.62,3,0.0091,5.6,63,stable_mid
m_635,60670,691180,8.0,102,37.44,13.13,0.351,20,28,35,46,61,78,91.32,3.42,45.7,35.82,6.89,0.7,0.0,31.2,66.9,1.9,1.74,74,0.0401,5.4,65,stable_mid
m_636,60507,687790,7.96,102,6.55,1.57,0.24,4,5,6,8,9,10,92.39,0.91,23.06,19.15,1.89,0.05,9.9,90.1,0.0,0.0,1.5,0,0.0094,5.9,63,stable_low
m_637,61033,691190,8.0,102,31.76,15.04,0.474,14,21,29,39,58,93,88.56,5.78,27.97,18.57,5.78,0.68,0.0,52.0,45.2,2.8,2.0,25,0.0602,5.6,60,stable_mid
m_638,59926,678480,7.85,102,41.37,12.33,0.298,24,32,40,50,63,77,87.94,6.03,41.64,30.19,6.31,0.67,0.0,17.6,80.2,2.2,1.58,8,-0.0091,5.7,63,stable_mid
m_639,64659,691190,8.0,96,40.55,12.43,0.307,23,32,39,48,63,75,89.66,5.04,41.91,34.71,7.92,0.81,0.0,18.0,79.8,2.2,1.62,61,-0.0199,5.6,18,stable_mid
m_640,62360,691190,8.0,100,41.0,11.82,0.288,24,32,40,48,62,76,91.43,3.26,49.2,41.31,6.83,0.78,0.0,16.4,81.8,1.9,1.55,32,-0.0017,5.7,58,stable_mid
m_641,61908,691190,8.0,100,34.56,16.01,0.463,16,23,31,42,64,93,91.11,3.3,40.02,29.77,4.74,0.4,0.0,45.1,51.2,3.7,2.06,3,0.061,5.6,58,stable_mid
m_642,61621,691170,8.0,101,42.43,12.39,0.292,25,33,41,51,65,77,91.36,3.6,40.32,31.39,7.28,0.57,0.0,14.4,83.2,2.5,1.59,9,0.0421,5.4,63,stable_mid
m_643,61948,668710,7.74,97,34.57,13.41,0.388,17,24,33,43,59,74,89.78,4.34,42.88,33.22,13.09,0.5,0.0,41.4,57.1,1.5,1.79,24,0.0121,5.7,31,stable_mid
m_644,60122,689710,7.98,103,46.26,12.41,0.268,28,36,45,55,68,77,89.25,4.79,47.97,39.54,7.64,0.37,0.0,7.3,89.0,3.7,1.51,4,0.0317,5.6,63,stable_mid
m_645,61521,691190,8.0,101,33.57,12.91,0.384,16,24,32,41,57,74,89.42,4.89,40.99,30.24,9.94,0.6,0.0,42.8,55.7,1.4,1.78,17,-0.0136,5.7,54,stable_mid
m_646,62649,691190,8.0,99,42.2,12.11,0.287,25,33,41,50,64,77,91.84,3.25,51.45,41.24,6.79,0.55,0.0,15.1,82.3,2.6,1.56,50,0.0113,5.9,54,stable_mid
m_647,62627,691190,8.0,99,39.08,12.87,0.329,22,29,37,47,63,78,91.43,3.35,38.39,29.69,7.47,0.45,0.0,25.1,72.7,2.3,1.7,31,-0.0138,6.1,36,stable_mid
m_648,61190,685100,7.93,101,37.43,12.28,0.328,21,28,35,45,60,74,91.77,3.26,44.37,34.65,6.46,0.51,0.0,29.2,69.3,1.5,1.71,18,0.0288,5.5,54,stable_mid
m_649,60190,691190,8.0,103,44.13,11.59,0.263,28,35,43,52,65,76,90.72,4.18,45.56,35.81,8.75,0.68,0.0,8.7,89.1,2.2,1.51,16,0.0063,5.6,72,stable_mid
m_650,61612,687960,7.96,100,34.45,13.9,0.404,17,24,32,42,61,77,89.51,4.99,49.78,36.8,6.28,1.02,0.0,43.4,54.5,2.1,1.91,65,0.0388,5.8,64,stable_mid
m_651,59985,691190,8.0,104,37.97,11.78,0.31,22,29,36,45,59,72,92.2,2.89,34.88,27.03,6.77,0.6,0.0,26.3,72.4,1.3,1.64,1,-0.0061,5.6,73,stable_mid
m_652,61275,689930,7.99,101,41.72,11.54,0.277,25,33,41,50,62,72,92.58,3.06,40.4,33.63,9.7,0.64,0.0,15.5,83.1,1.4,1.51,1,-0.0058,5.7,55,stable_mid
m_653,62552,691190,8.0,99,43.55,12.6,0.289,26,34,42,52,66,76,90.1,4.67,42.42,35.15,10.02,0.64,0.0,12.5,84.6,2.9,1.57,16,0.051,5.6,45,stable_mid
m_654,58790,691190,8.0,106,46.25,11.59,0.251,29,38,45,54,67,75,90.76,4.02,40.89,32.84,7.34,0.62,0.0,6.1,90.9,2.9,1.49,36,0.0102,5.5,72,stable_mid
m_655,62776,691190,8.0,99,40.44,13.2,0.326,22,31,39,49,64,78,90.54,3.92,45.02,33.85,7.56,0.4,0.0,21.6,75.9,2.5,1.64,22,0.0024,5.7,56,stable_mid
m_656,64252,681000,7.88,95,46.22,12.12,0.262,30,37,44,54,68,80,90.55,3.53,46.08,36.93,10.44,0.46,0.0,4.8,91.0,4.2,1.55,4,0.0177,5.6,18,stable_mid
m_657,60260,691190,8.0,103,42.3,13.8,0.326,24,32,40,51,68,83,89.98,4.43,43.44,33.6,12.35,0.5,0.0,18.0,77.8,4.2,1.7,25,0.0022,5.7,51,stable_mid
m_658,60583,691190,8.0,103,36.47,13.54,0.371,19,27,34,44,62,80,89.94,4.76,48.28,34.76,8.08,0.49,0.0,35.3,62.2,2.5,1.82,117,-0.0391,5.4,63,stable_mid
m_659,59663,689990,7.99,104,42.05,12.28,0.292,25,33,41,50,64,75,91.6,3.4,43.67,34.08,7.42,0.36,0.0,16.0,82.0,2.1,1.56,31,0.0387,7.2,68,stable_mid
m_660,62914,691190,8.0,99,39.72,15.89,0.4,21,29,36,47,71,93,91.37,3.63,41.98,32.25,7.47,0.37,0.0,27.6,67.1,5.3,1.97,126,0.0664,5.6,36,stable_mid
m_661,60913,691190,8.0,102,38.75,13.05,0.337,20,29,37,47,63,78,91.32,3.83,41.25,31.04,7.19,0.46,0.0,26.0,71.9,2.1,1.7,46,0.002,6.7,37,stable_mid
m_662,63074,691010,8.0,99,39.75,15.14,0.381,21,29,37,47,75,83,85.75,10.78,52.61,42.26,6.59,0.46,0.0,27.5,66.1,6.3,2.03,22,-0.041,5.7,54,stable_mid
m_663,60487,670800,7.76,100,39.62,15.17,0.383,21,29,37,47,70,89,90.41,3.91,41.68,31.29,9.66,0.41,0.0,27.3,67.5,5.2,1.89,4,0.0684,5.8,28,stable_mid
m_664,61128,675370,7.82,99,49.11,11.13,0.227,32,41,48,57,68,74,90.36,4.68,45.99,39.92,11.84,0.9,0.0,1.9,94.1,3.9,1.42,22,0.0103,5.6,54,stable_mid
m_665,63599,684610,7.92,97,44.17,11.4,0.258,28,36,43,52,64,75,91.69,3.29,44.6,36.52,9.16,0.4,0.0,8.5,89.4,2.2,1.49,22,-0.0405,5.6,20,stable_mid
m_666,62406,691190,8.0,100,38.53,17.05,0.442,19,27,35,46,80,92,91.68,3.24,44.91,33.97,5.6,0.42,0.0,34.6,59.2,6.2,2.29,407,0.0649,5.8,36,stable_mid
m_667,63333,691190,8.0,98,48.1,11.7,0.243,31,39,47,57,68,74,90.97,3.85,43.06,33.25,7.18,0.59,0.0,3.0,93.2,3.9,1.45,15,0.0421,7.1,28,stable_mid
m_668,60948,691180,8.0,102,42.25,14.67,0.347,24,32,40,50,73,87,90.98,4.12,44.59,36.19,7.76,0.5,0.0,18.1,76.2,5.6,1.82,27,0.029,5.5,72,stable_mid
m_669,22538,647050,7.49,256,6.61,5.53,0.838,3,4,5,8,13,21,70.48,14.97,6.29,6.13,24.02,2.0,33.0,66.7,0.1,0.2,2.6,15,0.0361,19.9,75,bursty
m_670,61367,689990,7.99,101,44.25,11.88,0.268,28,35,42,52,66,75,91.76,3.23,43.08,35.32,8.03,1.39,0.0,7.9,89.4,2.7,1.57,6,-0.007,5.6,63,stable_mid
m_671,61451,689980,7.99,101,35.87,14.71,0.41,17,25,33,43,62,90,90.16,4.41,41.23,31.6,10.05,0.52,0.0,38.4,58.6,3.1,1.88,6,0.0489,5.6,43,stable_mid
m_672,59328,691190,8.0,105,44.04,11.59,0.263,27,35,43,52,65,74,88.48,6.25,50.07,42.25,8.64,0.72,0.0,8.7,89.3,2.0,1.51,37,0.0044,5.6,69,stable_mid
m_673,61006,691180,8.0,102,40.04,12.13,0.303,23,31,38,48,62,74,91.37,3.88,51.51,43.59,6.15,0.67,0.0,21.2,77.1,1.7,1.63,1,-0.0299,5.6,63,stable_mid
m_674,60640,691190,8.0,103,35.18,13.21,0.375,18,25,33,43,60,75,91.85,3.07,40.29,30.34,6.96,0.36,0.0,38.6,59.6,1.8,1.82,12,-0.0043,5.7,59,stable_mid
m_675,60302,683850,7.91,102,40.17,15.08,0.375,21,29,38,49,67,91,85.22,9.47,45.82,37.03,8.58,0.57,0.0,26.9,68.8,4.3,1.76,44,0.0474,5.6,54,stable_mid
m_676,63665,685900,7.94,97,37.88,12.52,0.33,21,28,36,46,61,74,91.08,3.69,46.72,35.57,7.48,0.5,0.0,28.3,70.2,1.5,1.69,0,0.0062,5.6,9,stable_mid
m_677,59164,691190,8.0,105,34.67,11.6,0.335,20,26,32,41,56,70,90.68,4.44,37.17,27.82,7.88,0.57,0.0,39.1,59.8,1.0,1.75,5,0.0051,7.4,66,stable_mid
m_678,63437,691070,8.0,98,31.01,13.41,0.432,13,21,29,39,57,71,90.42,3.93,33.91,23.07,5.81,0.99,0.0,51.2,47.6,1.2,1.97,7,0.0101,5.7,45,stable_mid
m_679,61280,691190,8.0,102,41.94,14.0,0.334,23,32,40,50,67,88,91.83,3.28,45.32,35.95,6.99,0.58,0.0,18.2,77.5,4.2,1.68,97,0.0619,5.4,66,stable_mid
m_680,60931,691190,8.0,102,40.71,12.72,0.312,23,31,39,49,64,78,90.18,4.69,48.05,39.6,8.21,0.61,0.0,19.7,77.8,2.5,1.64,53,0.0171,5.8,40,stable_mid
m_681,60033,679800,7.87,102,41.96,11.78,0.281,26,33,40,49,64,76,91.12,3.34,43.13,35.03,7.62,0.54,0.0,13.7,84.1,2.2,1.6,12,0.0306,5.8,63,stable_mid
m_682,59220,684290,7.92,104,35.21,14.21,0.404,18,25,32,42,61,89,83.28,15.09,43.65,33.19,5.58,0.56,0.0,40.0,57.1,2.9,1.91,11,0.0369,5.6,56,stable_mid
m_683,62164,677390,7.84,98,33.02,12.72,0.385,16,24,31,40,56,71,90.69,3.45,40.7,30.38,5.47,0.36,0.0,44.5,54.4,1.1,1.81,2,-0.0036,5.6,18,stable_mid
m_684,60693,691190,8.0,102,43.61,14.4,0.33,25,33,41,51,72,86,91.97,3.4,41.67,33.82,8.72,0.71,0.0,14.3,79.9,5.8,1.76,30,0.0808,6.2,63,stable_mid
m_685,60204,682690,7.9,102,47.26,10.75,0.228,31,39,46,55,66,76,89.51,4.29,41.22,32.37,9.16,0.79,0.0,2.8,94.9,2.3,1.43,1,0.0086,6.0,54,stable_mid
m_686,61476,691190,8.0,101,43.32,11.86,0.274,26,34,42,51,64,76,91.76,3.45,43.19,36.87,9.62,0.86,0.0,11.4,86.2,2.3,1.52,82,0.0066,5.6,45,stable_mid
m_687,62467,688520,7.97,99,37.74,12.37,0.328,21,28,36,45,61,74,91.02,3.83,43.83,34.39,6.93,0.68,0.0,28.7,69.6,1.6,1.69,6,0.009,5.6,38,stable_mid
m_688,62458,691180,8.0,100,44.12,12.88,0.292,25,34,43,53,67,78,90.48,4.2,52.92,42.86,9.17,0.71,0.0,12.4,84.1,3.4,1.56,101,0.0134,5.7,49,stable_mid
m_689,57252,606910,7.02,95,8.72,17.73,2.034,0,0,0,0,48,68,18.81,33.49,0.29,0.27,1.05,0.0,78.3,4.4,16.4,0.9,48.0,5,0.249,5.6,19,bursty
m_690,60834,685110,7.93,101,40.58,14.7,0.362,18,31,39,49,66,87,88.34,7.91,34.75,23.33,5.69,0.23,0.0,21.7,74.4,3.8,1.69,3,0.1397,11.1,27,stable_mid
m_691,62287,691180,8.0,100,32.37,13.4,0.414,14,22,31,41,56,71,90.66,3.86,40.15,28.59,4.89,0.53,0.0,46.0,52.8,1.2,1.81,33,-0.0364,7.3,42,stable_mid
m_692,62435,688790,7.97,99,44.75,14.06,0.314,27,35,42,52,72,88,90.58,4.02,46.97,38.22,8.44,0.64,0.0,9.9,84.4,5.6,1.71,67,0.059,5.6,53,stable_mid
m_693,62089,691190,8.0,100,32.26,13.6,0.422,15,23,30,39,56,87,89.7,4.46,38.51,27.49,5.38,0.5,0.0,48.6,49.2,2.1,1.87,28,-0.0099,5.7,54,stable_mid
m_694,65042,691190,8.0,96,46.08,13.04,0.283,28,36,44,54,70,83,91.88,3.2,44.66,38.45,8.74,0.69,0.0,7.0,87.8,5.3,1.59,14,0.0584,5.7,18,stable_mid
m_695,62421,691190,8.0,100,2.02,0.19,0.093,2,2,2,2,2,3,10.0,0.0,0.19,0.23,0.01,0.0,100.0,0.0,0.0,0.0,1.0,0,0.0003,5.6,39,idle_pure
m_696,62152,691190,8.0,100,44.81,11.93,0.266,28,36,44,53,66,76,91.11,4.04,46.13,37.24,8.68,0.8,0.0,8.5,88.7,2.7,1.5,3,0.0177,5.6,54,stable_mid
m_697,62307,691180,8.0,100,43.5,15.58,0.358,24,32,41,52,77,89,91.39,3.52,43.46,31.28,8.34,0.45,0.0,18.2,75.0,6.8,1.88,189,0.064,5.9,55,stable_mid
m_698,60924,686080,7.94,101,47.77,10.04,0.21,33,40,47,55,65,74,90.9,3.91,51.53,46.27,7.57,0.83,0.0,1.1,96.7,2.1,1.38,0,0.0091,6.0,59,stable_mid
m_699,61633,686390,7.94,100,36.52,13.12,0.359,19,27,34,45,60,79,91.17,3.67,43.09,31.87,5.59,0.38,0.0,34.2,64.0,1.8,1.76,68,0.0045,5.7,36,stable_mid
m_700,63191,689960,7.99,98,36.96,11.89,0.322,21,28,35,45,59,72,90.99,3.97,45.51,34.89,7.71,0.56,0.0,30.6,68.2,1.2,1.69,1,0.0087,5.5,27,stable_mid
m_701,61064,687840,7.96,101,34.8,12.88,0.37,18,25,33,43,58,75,91.43,3.21,34.18,25.67,6.95,0.56,0.0,40.3,58.2,1.5,1.76,58,0.0069,5.6,54,stable_mid
m_702,60121,683380,7.91,102,31.71,13.94,0.44,13,21,30,40,58,72,89.09,4.77,40.69,28.2,6.38,0.76,0.0,50.0,48.8,1.3,1.93,29,0.0225,6.3,65,stable_mid
m_703,63401,691190,8.0,98,46.64,13.72,0.294,28,36,45,55,72,85,89.11,4.63,42.6,33.63,8.83,0.6,0.0,8.1,85.5,6.4,1.6,24,0.0353,5.5,36,stable_mid
m_704,61642,691180,8.0,101,49.67,10.03,0.202,34,42,49,57,67,74,91.01,3.87,45.65,40.59,8.35,0.0,0.0,1.3,96.0,2.7,1.37,0,0.0032,5.6,46,stable_mid
m_705,60846,691190,8.0,102,30.84,11.83,0.383,16,22,29,38,52,68,91.91,3.24,43.06,35.52,6.25,0.73,0.0,53.3,45.7,0.9,1.79,3,-0.0159,5.6,64,stable_mid
m_706,60247,691190,8.0,103,45.23,11.43,0.253,27,37,44,53,65,75,90.36,4.7,48.81,46.94,8.21,0.84,0.0,7.7,90.0,2.3,1.48,38,-0.0104,8.9,58,stable_mid
m_707,62848,691190,8.0,99,36.65,16.87,0.46,17,25,33,44,68,96,90.7,3.83,42.86,32.67,5.53,0.37,0.0,38.9,56.3,4.8,2.06,23,0.0819,6.7,36,stable_mid
m_708,62601,676310,7.83,97,42.95,12.85,0.299,25,33,41,51,67,77,91.58,3.47,38.53,30.55,9.63,0.73,0.0,15.3,81.3,3.4,1.63,56,0.0043,5.6,36,stable_mid
m_709,62170,686990,7.95,99,5.33,0.98,0.184,4,5,5,6,7,8,76.37,0.67,25.16,21.47,1.03,0.05,19.2,80.8,0.0,0.0,1.4,0,0.0045,5.8,48,stable_low
m_710,62238,685700,7.94,99,47.38,13.87,0.293,29,37,45,56,74,86,86.28,7.21,53.27,44.75,9.02,0.73,0.0,6.1,87.0,6.9,1.64,8,0.0785,5.6,37,stable_mid
m_711,63183,691190,8.0,98,38.79,15.73,0.406,20,27,36,47,67,96,89.96,4.89,41.42,30.5,7.51,0.41,0.0,31.5,64.2,4.2,1.86,82,0.0379,5.5,45,stable_mid
m_712,62403,689110,7.98,99,30.58,12.0,0.393,15,22,28,37,53,68,90.31,3.94,36.72,25.79,5.25,0.43,0.0,54.1,45.0,0.9,1.89,9,0.0065,5.7,54,stable_mid
m_713,61146,690480,7.99,102,40.52,12.0,0.296,24,31,39,48,62,75,91.35,3.57,44.8,44.87,6.19,0.74,0.0,19.2,79.2,1.6,1.59,6,0.0297,5.6,71,stable_mid
m_714,60182,679100,7.86,102,38.07,12.98,0.341,21,28,36,45,62,79,91.3,4.08,43.06,34.1,10.55,0.61,0.0,28.7,68.9,2.4,1.72,69,-0.0044,6.2,54,stable_mid
m_715,59317,691190,8.0,105,42.78,11.84,0.277,26,34,42,51,63,75,90.57,4.29,49.6,40.85,7.11,0.73,0.0,13.1,84.9,2.1,1.5,5,0.0088,5.8,72,stable_mid
m_716,62347,691190,8.0,100,40.59,12.97,0.32,22,31,39,48,64,79,90.53,4.39,44.23,34.76,6.31,0.59,0.0,20.4,76.8,2.8,1.64,159,-0.0396,5.7,37,stable_mid
m_717,61402,691190,8.0,101,35.19,15.83,0.45,16,24,32,42,63,93,91.13,3.4,39.93,30.89,5.78,0.44,0.0,41.5,54.5,4.0,1.97,4,0.0525,5.6,63,stable_mid
m_718,59242,691190,8.0,105,41.54,10.84,0.261,26,33,40,48,61,72,91.86,3.23,42.94,34.89,7.76,0.66,0.0,12.2,86.5,1.3,1.52,2,0.0047,5.8,83,stable_mid
m_719,60936,691190,8.0,102,32.36,12.45,0.385,16,23,30,40,56,70,90.4,4.05,40.09,28.12,5.57,0.46,0.0,47.2,51.8,1.1,1.87,8,-0.002,6.4,45,stable_mid
m_720,58892,691190,8.0,106,49.99,11.41,0.228,33,41,49,58,69,78,89.86,4.91,49.35,42.94,12.13,1.07,0.0,1.4,93.9,4.7,1.41,7,-0.0018,5.4,81,stable_mid
m_721,61796,691190,8.0,101,40.67,12.37,0.304,23,31,39,49,63,75,91.82,3.34,39.51,31.07,7.35,0.83,0.0,19.6,78.5,1.9,1.62,4,0.0593,5.6,45,stable_mid
m_722,58983,691190,8.0,105,48.76,10.66,0.219,32,41,49,56,66,73,92.12,3.09,47.46,40.87,10.97,0.88,0.0,2.4,95.2,2.5,1.35,1,0.0088,6.3,77,stable_mid
m_723,63014,691190,8.0,99,30.92,12.53,0.405,14,22,29,38,54,68,90.85,3.49,39.19,28.22,5.12,0.87,0.0,52.3,46.9,0.8,1.86,0,0.0176,5.5,37,stable_mid
m_724,60902,691190,8.0,102,34.27,17.51,0.511,15,22,30,41,67,97,92.07,3.2,36.35,26.31,6.08,0.37,0.0,47.6,47.9,4.6,2.23,1,0.1061,5.6,72,stable_mid
m_725,58977,691190,8.0,105,46.49,10.78,0.232,31,39,45,54,65,77,91.4,3.77,44.61,37.61,7.51,0.71,0.0,3.4,94.0,2.6,1.44,19,0.0258,5.5,81,stable_mid
m_726,61744,691190,8.0,101,8.23,17.63,2.143,0,0,0,0,49,66,17.49,30.65,0.23,0.18,0.84,0.0,80.0,3.9,15.3,0.7,49.0,1,0.2134,5.8,41,bursty
m_727,60883,689410,7.98,102,46.48,11.24,0.242,30,38,45,54,66,74,91.62,3.34,47.77,41.65,12.09,1.09,0.0,4.2,93.6,2.2,1.47,0,0.0081,7.5,47,stable_mid
m_728,61583,691190,8.0,101,49.0,11.41,0.233,32,40,48,58,68,76,88.28,5.82,47.15,38.22,8.9,0.73,0.0,2.7,93.8,3.5,1.42,18,0.0085,5.6,54,stable_mid
m_729,59366,672250,7.78,102,40.23,11.44,0.284,25,32,38,48,61,73,91.67,3.59,42.54,34.65,7.67,0.67,0.0,17.6,80.9,1.4,1.61,2,0.0037,5.7,61,stable_mid
m_730,62401,684610,7.92,99,49.2,11.46,0.233,31,40,49,58,68,76,90.34,4.24,47.95,40.28,9.5,0.74,0.0,3.0,92.9,4.1,1.39,7,0.0299,5.5,28,stable_mid
m_731,59567,689990,7.99,104,41.28,12.21,0.296,24,32,39,49,63,77,89.13,7.04,47.82,37.1,6.8,0.48,0.0,16.8,81.0,2.2,1.62,13,0.0266,5.6,78,stable_mid
m_732,61862,691190,8.0,101,5.13,0.99,0.193,4,4,5,6,7,8,84.0,0.81,25.06,20.55,1.06,0.0,25.5,74.5,0.0,0.0,1.4,0,0.0022,5.8,70,stable_low
m_733,60981,688520,7.97,102,37.05,14.5,0.391,20,27,34,44,62,95,92.06,3.05,39.93,30.62,6.93,0.47,0.0,33.5,63.2,3.3,1.82,52,0.0454,5.8,71,stable_mid
m_734,62326,686110,7.94,99,39.04,12.26,0.314,22,30,37,46,61,76,91.05,3.96,40.66,30.99,7.96,0.67,0.0,23.3,74.8,1.9,1.65,55,0.0032,5.5,32,stable_mid
m_735,62438,691190,8.0,100,34.02,15.21,0.447,15,24,31,41,60,95,90.98,5.13,19.75,14.51,6.83,0.31,0.0,44.0,53.0,3.0,1.94,102,0.0059,6.1,37,stable_mid
m_736,60047,689120,7.98,103,50.78,9.99,0.197,35,43,50,58,67,76,90.66,3.84,53.76,48.55,8.4,0.94,0.0,0.6,96.1,3.3,1.34,0,0.0063,5.6,85,stable_high
m_737,62026,691190,8.0,100,45.15,12.27,0.272,28,36,44,54,66,80,90.08,4.34,46.06,36.73,7.11,0.59,0.0,8.4,88.7,2.9,1.5,8,0.0539,6.1,31,stable_mid
m_738,61866,691190,8.0,101,41.38,13.36,0.323,24,31,39,50,67,79,89.12,4.82,44.06,34.81,8.82,0.55,0.0,20.0,76.5,3.5,1.72,45,0.0128,5.5,59,stable_mid
m_739,61765,691180,8.0,101,41.8,11.56,0.277,25,33,41,50,62,72,92.11,3.36,43.38,36.64,11.01,0.81,0.0,14.9,83.7,1.4,1.51,3,0.019,7.2,63,stable_mid
m_740,62178,689990,7.99,100,8.55,18.33,2.143,0,0,0,0,50,71,17.7,31.21,0.24,0.19,0.78,0.0,80.2,2.6,16.1,1.2,50.0,0,0.223,6.1,43,bursty
m_741,60234,674710,7.81,101,47.52,11.26,0.237,31,39,46,55,67,78,90.46,3.99,48.31,42.66,3.92,0.41,0.0,3.7,93.1,3.2,1.46,0,0.0066,5.7,61,stable_mid
m_742,60570,691190,8.0,103,40.15,15.58,0.388,21,29,37,48,72,89,90.72,4.84,44.44,35.09,7.67,0.65,0.0,26.8,67.8,5.4,1.95,36,0.0989,5.5,70,stable_mid
m_743,59954,691190,8.0,104,42.63,11.6,0.272,26,34,41,50,64,74,91.95,3.29,43.81,37.13,8.87,0.8,0.0,11.9,86.2,1.8,1.56,2,0.0162,6.6,72,stable_mid
m_744,62567,691190,8.0,99,47.49,13.76,0.29,28,37,46,58,71,80,91.63,3.14,46.95,40.63,8.68,0.9,0.0,8.1,85.2,6.6,1.54,193,0.01,5.6,36,stable_mid
m_745,61156,676240,7.83,100,37.59,11.78,0.313,22,29,36,45,60,73,91.0,3.8,42.87,35.37,8.51,0.73,0.0,27.9,70.8,1.3,1.67,4,-0.0001,5.5,63,stable_mid
m_746,59591,682500,7.9,103,37.68,12.05,0.32,21,29,36,45,60,74,91.49,3.15,46.57,41.58,9.41,0.48,0.0,27.4,71.1,1.5,1.67,1,0.062,7.5,55,stable_mid
m_747,60600,687450,7.96,102,36.37,14.72,0.405,18,26,34,43,62,94,92.1,3.15,40.14,30.96,6.07,0.48,0.0,36.1,60.7,3.2,1.82,77,0.0479,5.6,60,stable_mid
m_748,60886,680940,7.88,101,35.93,12.3,0.342,19,27,34,42,59,76,91.78,3.46,44.98,37.09,5.61,0.88,0.0,32.1,66.2,1.7,1.74,70,-0.0041,5.6,54,stable_mid
m_749,61421,689410,7.98,101,45.48,13.03,0.287,28,36,44,54,68,86,91.21,4.3,45.14,37.63,8.82,0.69,0.0,8.3,87.2,4.4,1.55,34,0.0578,6.8,36,stable_mid
m_750,60694,691190,8.0,102,44.08,11.47,0.26,27,35,43,52,64,73,91.6,3.45,54.62,43.01,7.69,0.61,0.0,8.8,89.5,1.7,1.49,0,0.0182,8.0,67,stable_mid
m_751,60018,678190,7.85,102,28.22,13.65,0.484,11,18,26,35,54,70,90.56,3.99,36.16,24.49,4.75,0.99,0.0,61.1,37.8,1.1,2.08,6,0.02,7.0,34,stable_mid
m_752,62318,691190,8.0,100,37.73,13.39,0.355,19,27,36,46,62,76,91.1,3.56,40.72,32.92,9.0,0.62,0.0,31.0,66.9,2.2,1.72,40,0.0239,5.4,54,stable_mid
m_753,61283,680950,7.88,100,50.65,10.08,0.199,35,43,50,58,67,75,90.16,4.4,48.18,42.18,8.53,0.67,0.0,1.2,95.7,3.1,1.34,0,0.0026,5.6,54,stable_high
m_754,59406,676590,7.83,102,47.52,11.64,0.245,31,39,46,56,67,76,91.73,3.25,46.54,40.14,8.61,0.63,0.0,3.7,93.3,2.9,1.46,23,0.0347,5.6,54,stable_mid
m_755,60809,691190,8.0,102,34.99,12.66,0.362,18,25,33,43,59,71,90.56,4.23,47.2,35.79,2.94,0.45,0.0,39.2,59.7,1.2,1.79,9,0.0229,5.6,63,stable_mid
m_756,62124,691190,8.0,100,35.8,13.52,0.378,18,26,34,43,60,80,91.83,3.12,44.22,34.39,6.87,0.79,0.0,36.2,61.6,2.2,1.76,175,0.0274,5.7,39,stable_mid
m_757,62507,684410,7.92,99,51.07,10.42,0.204,35,43,51,59,68,76,90.66,4.22,53.66,45.54,8.25,0.82,0.0,0.8,95.4,3.8,1.33,0,-0.0129,5.6,36,stable_high
m_758,61789,691190,8.0,101,35.97,12.62,0.351,19,26,34,44,58,75,91.06,3.24,44.24,34.84,6.01,0.31,0.0,34.9,63.5,1.5,1.71,67,0.0451,5.6,45,stable_mid
m_759,61987,691190,8.0,100,39.9,13.3,0.333,22,30,38,49,63,76,91.04,3.83,40.41,30.64,6.22,0.71,0.0,24.6,73.1,2.4,1.66,26,0.0198,5.6,36,stable_mid
m_760,60060,691190,8.0,104,33.47,13.46,0.402,16,24,31,41,59,77,86.52,13.15,11.93,9.07,6.66,0.37,0.0,43.5,54.7,1.8,1.9,155,-0.0421,5.5,67,stable_mid
m_761,61204,691190,8.0,102,31.36,12.55,0.4,13,22,30,39,54,69,91.02,3.4,42.35,31.76,5.1,0.53,0.0,49.1,50.0,0.9,1.8,2,0.0237,6.7,58,stable_mid
m_762,62322,681890,7.89,98,35.31,16.56,0.469,16,24,32,43,67,92,89.55,4.63,35.6,23.97,5.83,0.5,0.0,43.6,51.8,4.6,2.09,7,0.0582,7.4,27,stable_mid
m_763,59831,687050,7.95,103,40.12,16.91,0.422,19,28,37,48,73,95,91.05,3.9,39.46,29.59,7.18,0.49,0.0,29.3,65.1,5.6,1.97,69,0.0716,6.3,73,stable_mid
m_764,59827,681880,7.89,103,48.85,11.88,0.243,30,40,48,57,68,79,91.47,3.25,51.34,45.69,8.1,0.86,0.0,4.2,91.7,4.1,1.42,15,0.0356,5.7,54,stable_mid
m_765,62803,691190,8.0,99,45.66,13.03,0.285,26,36,44,55,68,76,91.64,3.28,43.38,37.2,9.57,0.72,0.0,10.6,85.4,4.0,1.55,175,-0.0014,5.4,46,stable_mid
m_766,63221,691190,8.0,98,45.98,11.36,0.247,30,37,45,54,66,75,91.77,3.38,49.88,43.1,8.49,0.87,0.0,4.9,92.4,2.8,1.47,0,0.0181,5.6,45,stable_mid
m_767,59751,691180,8.0,104,41.44,11.42,0.276,25,33,40,49,62,72,92.18,3.24,48.15,43.64,11.83,0.86,0.0,15.3,83.4,1.3,1.55,0,-0.0019,5.4,66,stable_mid
m_768,62270,691190,8.0,100,40.18,13.15,0.327,23,30,38,48,65,79,90.75,4.08,41.25,31.41,7.64,0.39,0.0,23.0,74.3,2.7,1.71,32,0.0128,5.4,45,stable_mid
m_769,63765,691180,8.0,98,53.79,9.57,0.178,38,47,54,61,69,74,89.82,4.71,69.29,67.73,21.39,0.2,0.0,0.0,95.2,4.8,1.28,0,-0.0014,5.4,18,stable_high
m_770,61997,679390,7.86,99,41.79,12.19,0.292,24,33,40,50,63,76,91.88,3.2,39.03,31.21,9.01,0.67,0.0,16.2,81.9,2.0,1.58,60,0.0049,5.7,27,stable_mid
m_771,60690,687960,7.96,102,35.26,13.43,0.381,17,26,33,43,59,77,91.68,3.32,43.99,34.54,6.2,0.68,0.0,37.6,60.6,1.8,1.79,118,0.0093,5.4,81,stable_mid
m_772,62794,691190,8.0,99,40.65,13.22,0.325,22,31,39,49,65,76,91.64,3.44,43.76,35.18,8.54,0.0,0.0,21.1,75.7,3.1,1.67,59,-0.0026,5.8,45,stable_mid
m_773,61434,691190,8.0,101,36.3,12.09,0.333,20,27,35,44,58,71,90.08,4.82,42.52,32.03,6.0,0.7,0.0,32.8,66.0,1.2,1.66,1,0.0117,5.7,45,stable_mid
m_774,60837,691070,8.0,102,38.47,13.03,0.339,21,29,36,46,62,80,91.27,3.75,39.29,28.65,7.65,0.58,0.0,27.4,70.2,2.4,1.72,15,0.0069,7.9,54,stable_mid
m_775,62872,683850,7.91,98,37.76,12.46,0.33,21,28,36,45,61,74,91.21,3.55,44.6,36.2,7.0,0.56,0.0,28.7,69.7,1.6,1.69,6,0.0091,5.5,29,stable_mid
m_776,61542,689990,7.99,101,34.28,14.35,0.419,16,24,32,42,60,83,91.14,4.63,38.89,28.71,6.66,0.36,0.0,43.6,54.0,2.5,1.88,289,0.0315,5.7,53,stable_mid
m_777,59921,690110,7.99,104,34.26,12.97,0.378,16,25,33,42,58,71,89.24,4.87,38.69,25.38,5.31,0.5,0.0,40.3,58.6,1.1,1.76,12,0.0109,5.6,75,stable_mid
m_778,61062,691190,8.0,102,46.78,11.17,0.239,30,38,46,55,66,75,90.99,3.41,49.0,42.12,7.63,1.19,0.0,4.1,93.3,2.6,1.43,24,0.0221,5.6,72,stable_mid
m_779,60157,689980,7.99,103,38.84,13.01,0.335,22,29,37,46,63,78,89.7,5.67,50.28,35.83,7.89,0.56,0.0,26.4,71.4,2.2,1.7,17,0.0324,5.6,72,stable_mid
m_780,62442,691190,8.0,100,33.41,12.22,0.366,17,24,31,40,56,72,91.23,3.5,41.13,30.25,6.28,0.44,0.0,43.1,55.8,1.2,1.81,8,0.0082,5.6,47,stable_mid
m_781,61601,691190,8.0,101,36.75,12.37,0.337,20,28,35,44,59,75,90.98,3.8,50.97,39.71,6.81,0.71,0.0,31.7,66.8,1.6,1.69,51,0.0293,5.6,53,stable_mid
m_782,61978,687850,7.96,100,31.04,12.82,0.413,14,21,29,38,55,71,90.2,4.28,39.66,27.58,5.52,0.4,0.0,51.0,47.9,1.1,1.9,10,0.0276,5.7,51,stable_mid
m_783,62029,687850,7.96,100,36.45,12.13,0.333,20,28,35,43,59,75,91.29,3.85,35.06,25.61,6.95,0.48,0.0,31.7,66.8,1.5,1.69,12,0.0111,5.6,45,stable_mid
m_784,58498,669070,7.74,103,7.76,16.58,2.135,0,0,0,0,45,64,18.03,33.09,0.26,0.22,0.67,0.0,80.1,4.9,14.3,0.7,45.0,26,0.213,5.7,54,bursty
m_785,61725,684290,7.92,100,30.92,12.51,0.405,15,22,29,38,54,70,90.79,3.68,38.42,27.09,4.93,0.61,0.0,52.0,46.9,1.1,1.86,4,0.0112,5.7,38,stable_mid
m_786,60455,682510,7.9,102,42.73,13.29,0.311,24,32,41,52,67,76,91.47,3.75,43.71,37.18,10.52,0.63,0.0,16.8,80.1,3.1,1.63,59,-0.0161,6.5,69,stable_mid
m_787,62350,688000,7.96,99,41.21,12.7,0.308,24,32,40,49,64,79,90.82,3.35,43.0,32.19,7.39,0.49,0.0,18.7,78.4,2.8,1.6,22,0.0274,5.5,54,stable_mid
m_788,59515,688670,7.97,104,7.3,16.04,2.198,0,0,0,0,41,74,17.67,30.48,0.21,0.17,0.86,0.0,79.7,7.4,11.8,1.1,41.0,61,0.1956,6.3,54,bursty
m_789,61100,691190,8.0,102,38.57,12.79,0.332,21,29,37,46,62,76,91.08,4.28,43.2,34.04,8.28,0.55,0.0,27.0,71.0,1.9,1.68,56,0.0198,5.4,81,stable_mid
m_790,61723,691190,8.0,101,42.26,11.7,0.277,25,33,41,50,62,73,91.65,3.23,42.47,34.39,7.26,0.71,0.0,13.9,84.6,1.5,1.51,5,0.0256,5.5,61,stable_mid
m_791,60941,682500,7.9,101,42.58,12.1,0.284,26,33,41,50,64,78,91.72,3.32,47.69,40.41,6.69,0.61,0.0,13.3,84.2,2.6,1.56,60,0.011,6.6,36,stable_mid
m_792,62387,689970,7.99,100,40.45,11.87,0.293,24,31,39,48,62,73,91.45,3.51,44.32,35.53,6.29,0.66,0.0,19.4,79.1,1.5,1.59,2,0.0183,5.6,53,stable_mid
m_793,61460,691180,8.0,101,36.66,13.59,0.371,19,27,34,44,62,80,90.77,4.2,40.98,32.76,7.49,0.58,0.0,35.1,62.2,2.6,1.82,146,0.0355,5.7,63,stable_mid
m_794,60685,691190,8.0,103,34.86,13.18,0.378,17,25,33,43,60,73,89.5,4.42,39.56,28.82,5.32,0.71,0.0,39.9,58.7,1.4,1.82,10,0.0297,5.5,47,stable_mid
m_795,61298,688790,7.97,101,46.45,11.92,0.257,28,37,46,55,66,74,84.98,9.15,49.05,37.3,5.31,0.6,0.0,7.5,90.1,2.4,1.43,5,0.0216,5.6,63,stable_mid
m_796,61820,691190,8.0,101,51.43,9.93,0.193,35,44,51,58,68,75,89.82,4.43,50.61,46.34,14.37,0.89,0.0,0.6,95.9,3.5,1.33,0,0.0011,5.6,53,stable_high
m_797,59342,669070,7.74,101,7.31,15.58,2.13,0,0,0,0,44,57,17.49,32.18,0.24,0.18,0.91,0.0,80.3,5.3,14.3,0.2,44.0,0,0.2025,5.6,54,bursty
m_798,60948,691190,8.0,102,37.56,12.48,0.332,20,29,36,45,60,76,90.77,4.07,45.26,37.33,6.02,0.54,0.0,27.9,70.2,1.9,1.67,55,0.0121,5.8,63,stable_mid
m_799,60245,691190,8.0,103,42.68,10.86,0.254,27,35,41,50,62,73,86.39,6.78,13.87,12.87,7.0,1.13,0.0,9.6,88.9,1.5,1.51,10,-0.0126,6.3,72,stable_mid
m_800,62519,686110,7.94,99,44.93,12.87,0.286,27,35,43,54,68,78,90.99,3.73,43.5,35.86,12.61,0.44,0.0,9.9,86.2,3.8,1.58,2,0.0049,5.6,40,stable_mid
m_801,62169,691190,8.0,100,32.62,12.5,0.383,16,23,31,40,55,70,90.14,4.2,42.24,30.2,4.82,0.46,0.0,45.8,53.1,1.1,1.77,15,-0.0037,5.6,49,stable_mid
m_802,60068,691190,8.0,104,36.29,17.47,0.482,16,25,32,43,70,98,89.62,4.9,47.53,36.61,5.89,0.63,0.0,41.0,53.9,5.1,2.19,24,0.0426,5.4,74,stable_mid
m_803,60932,691190,8.0,102,42.32,14.0,0.331,25,32,40,50,70,86,92.32,2.68,44.12,35.98,7.37,0.76,0.0,15.8,79.1,5.1,1.75,34,0.0566,9.6,63,stable_mid
m_804,63055,691190,8.0,99,49.84,12.77,0.256,32,40,48,58,74,84,89.4,4.94,43.86,34.48,8.79,0.96,0.0,1.8,90.6,7.6,1.54,3,0.0349,5.6,36,stable_mid
m_805,61557,690120,7.99,101,41.31,11.66,0.282,25,33,40,49,62,76,91.27,3.53,41.88,34.44,6.76,0.85,0.0,14.6,83.3,2.1,1.55,58,0.0248,6.1,54,stable_mid
m_806,62232,691190,8.0,100,43.73,12.31,0.281,26,34,43,52,66,77,91.61,3.27,41.67,33.65,7.93,0.61,0.0,12.0,85.2,2.8,1.53,2,-0.0021,5.4,36,stable_mid
m_807,61873,691190,8.0,101,42.17,12.15,0.288,25,33,41,50,64,76,90.77,3.68,47.32,39.77,7.32,0.71,0.0,15.1,82.5,2.4,1.56,32,0.0027,5.5,52,stable_mid
m_808,61278,691190,8.0,102,49.12,10.28,0.209,34,41,48,56,66,75,91.08,3.6,49.77,45.43,11.66,0.9,0.0,1.3,96.0,2.7,1.38,9,0.0107,5.6,81,stable_mid
m_809,59681,682780,7.9,103,49.65,10.16,0.205,34,42,49,57,66,73,91.26,3.55,46.63,39.46,8.05,0.38,0.0,1.5,96.4,2.1,1.35,0,-0.0088,7.7,45,stable_mid
m_810,60074,685700,7.94,103,36.42,12.52,0.344,20,27,35,44,59,72,90.4,4.02,41.78,29.56,5.23,0.44,0.0,33.5,65.0,1.4,1.69,4,0.0302,6.3,73,stable_mid
m_811,60371,691190,8.0,103,40.9,15.67,0.383,22,30,38,48,72,92,91.29,3.95,45.55,37.65,7.89,0.58,0.0,23.9,70.8,5.3,1.89,39,0.08,5.6,63,stable_mid
m_812,60739,691190,8.0,102,41.72,14.04,0.337,24,31,39,49,68,87,90.17,4.98,47.29,38.62,6.99,0.46,0.0,18.8,76.7,4.5,1.74,82,0.0422,5.6,54,stable_mid
m_813,60146,691190,8.0,103,51.33,20.52,0.4,18,33,54,71,77,79,90.74,3.62,27.73,19.99,8.24,0.66,0.0,21.3,50.3,28.4,1.43,62,0.0274,5.8,72,stable_high
m_814,62663,691180,8.0,99,44.02,12.56,0.285,27,34,42,52,67,79,90.76,3.93,40.66,32.0,8.63,0.7,0.0,10.6,86.0,3.4,1.6,93,0.0361,5.7,36,stable_mid
m_815,62280,691190,8.0,100,41.21,14.78,0.359,23,31,38,48,69,89,91.07,4.11,47.03,37.26,7.0,0.47,0.0,20.9,74.1,5.0,1.82,8,0.0882,5.7,45,stable_mid
m_816,59958,675610,7.82,101,30.37,12.68,0.417,14,21,28,38,54,70,90.12,4.0,38.17,26.77,5.1,0.55,0.0,54.0,45.0,1.0,1.93,10,-0.0102,5.5,63,stable_mid
m_817,62582,684710,7.92,98,35.88,13.01,0.363,19,26,33,43,59,79,91.48,3.1,38.97,27.29,6.86,0.41,0.0,36.0,62.0,2.0,1.79,124,0.0009,5.6,46,stable_mid
m_818,62070,691190,8.0,100,40.15,12.04,0.3,24,31,38,48,62,75,91.3,3.9,45.27,36.53,6.23,0.72,0.0,19.7,78.5,1.8,1.63,45,0.0343,5.6,72,stable_mid
m_819,62190,691190,8.0,100,40.92,12.12,0.296,24,32,39,48,63,77,91.35,3.74,50.84,38.97,7.0,0.5,0.0,18.0,80.0,2.0,1.62,69,-0.0018,5.6,52,stable_mid
m_820,63383,691190,8.0,98,44.08,12.4,0.281,26,35,43,52,66,77,90.25,4.55,42.97,34.14,7.55,0.83,0.0,11.1,85.9,3.0,1.53,41,0.0153,5.6,45,stable_mid
m_821,60361,656420,7.6,98,34.45,12.61,0.366,18,25,33,42,58,72,90.31,3.99,42.86,31.83,10.7,0.47,0.0,40.2,58.6,1.2,1.76,4,0.0126,5.5,36,stable_mid
m_822,62951,683390,7.91,98,42.74,12.59,0.295,25,33,41,51,66,78,91.47,3.43,46.54,37.69,8.77,0.63,0.0,14.0,82.9,3.1,1.61,71,-0.0048,5.4,27,stable_mid
m_823,63680,691190,8.0,98,42.33,11.62,0.275,26,34,41,50,63,74,86.0,7.5,47.97,37.92,18.58,0.75,0.0,12.7,85.3,2.0,1.54,11,0.0108,5.6,18,stable_mid
m_824,59758,691190,8.0,104,43.62,14.16,0.325,25,33,41,53,70,81,86.8,6.98,49.65,43.68,9.32,0.71,0.0,16.1,78.4,5.5,1.71,45,-0.0039,7.7,73,stable_mid
m_825,61897,691190,8.0,100,29.94,12.86,0.43,14,20,27,37,54,70,89.93,4.53,39.58,27.84,7.46,0.81,0.0,56.4,42.6,1.0,2.0,8,-0.0079,6.3,27,stable_mid
m_826,62318,691190,8.0,100,46.51,13.72,0.295,27,37,45,55,71,86,91.55,3.64,44.71,37.62,9.9,0.7,0.0,8.3,86.0,5.7,1.58,0,0.0553,6.6,44,stable_mid
m_827,63715,691190,8.0,98,38.68,12.25,0.317,23,29,37,46,61,77,91.14,3.62,37.08,28.81,8.21,0.98,0.0,25.0,72.9,2.0,1.65,65,0.0343,5.7,29,stable_mid
m_828,60582,685210,7.93,101,40.46,12.63,0.312,23,31,39,48,64,78,91.69,3.28,40.01,30.73,7.2,0.47,0.0,20.7,77.0,2.3,1.64,10,-0.0201,5.7,42,stable_mid
m_829,61944,691190,8.0,100,36.33,12.82,0.353,20,27,34,44,60,76,89.77,4.87,47.35,37.46,6.88,0.51,0.0,34.6,63.6,1.9,1.76,20,-0.0089,5.5,55,stable_mid
m_830,62786,691190,8.0,99,33.21,12.22,0.368,17,24,31,40,56,71,90.83,3.88,41.14,29.07,6.11,0.47,0.0,43.5,55.4,1.1,1.81,7,0.0176,5.6,52,stable_mid
m_831,59958,691190,8.0,104,43.62,10.98,0.252,28,35,42,51,63,72,91.98,3.25,42.82,36.03,7.88,0.7,0.0,8.1,90.4,1.5,1.5,0,0.0055,6.6,78,stable_mid
m_832,61097,691190,8.0,102,37.76,13.23,0.35,20,28,35,46,62,77,90.56,4.41,41.52,31.86,7.35,0.4,0.0,31.3,66.6,2.1,1.77,11,0.0142,5.6,56,stable_mid
m_833,63042,691190,8.0,99,33.33,13.17,0.395,15,23,32,41,57,71,90.3,4.21,42.74,32.62,6.06,0.54,0.0,43.1,55.8,1.2,1.78,5,0.0314,5.6,54,stable_mid
m_834,61895,677590,7.84,99,40.06,13.35,0.333,21,30,38,48,65,79,91.24,3.36,47.89,34.85,6.4,0.57,0.0,22.4,74.7,2.9,1.71,89,-0.0015,5.7,46,stable_mid
m_835,61812,682480,7.9,99,40.57,12.86,0.317,23,31,39,48,64,79,91.36,3.52,43.47,34.05,8.17,0.45,0.0,20.7,76.6,2.8,1.64,64,0.0053,7.2,38,stable_mid
m_836,61987,691190,8.0,100,9.57,21.64,2.262,0,0,0,0,56,90,18.16,31.96,0.28,0.22,0.88,0.0,80.1,4.1,11.7,4.1,56.0,5,0.2573,5.6,45,bursty
m_837,61700,691180,8.0,101,47.25,11.63,0.246,30,38,46,56,67,75,91.25,3.83,43.49,36.71,10.83,0.93,0.0,4.2,92.8,3.0,1.46,1,0.0184,8.1,37,stable_mid
m_838,62801,691190,8.0,99,37.8,12.77,0.338,21,28,36,46,61,78,91.46,3.25,42.91,34.67,7.23,0.54,0.0,29.1,69.0,1.9,1.69,39,0.0185,9.4,27,stable_mid
m_839,62648,691190,8.0,99,39.59,12.82,0.324,22,30,38,48,62,75,91.31,3.66,43.81,32.64,8.69,0.6,0.0,24.7,73.5,1.8,1.63,16,0.0225,5.6,44,stable_mid
m_840,59887,685820,7.94,103,40.17,12.4,0.309,23,31,38,48,63,76,91.21,3.76,38.39,30.91,8.98,0.57,0.0,20.7,77.3,1.9,1.66,3,0.0184,6.9,63,stable_mid
m_841,62338,691190,8.0,100,47.68,10.87,0.228,32,39,47,55,67,76,91.04,3.89,45.89,37.02,8.01,0.74,0.0,2.1,94.8,3.0,1.43,11,0.0017,5.4,54,stable_mid
m_842,62649,691190,8.0,99,29.42,12.61,0.429,13,20,27,36,53,68,84.86,9.82,32.8,22.22,4.67,0.49,0.2,57.2,41.7,0.9,1.96,8,-0.0319,5.7,29,stable_mid
m_843,60741,691190,8.0,102,38.29,17.06,0.445,18,26,35,46,73,94,90.11,4.23,42.72,31.28,6.63,0.27,0.0,34.6,59.6,5.8,2.09,81,0.1184,6.8,36,stable_mid
m_844,62617,681880,7.89,98,47.09,10.77,0.229,32,39,46,54,66,76,90.34,4.95,45.48,37.12,8.61,0.84,0.0,2.5,94.8,2.7,1.43,1,0.0153,5.7,33,stable_mid
m_845,64245,691190,8.0,97,43.37,13.5,0.311,25,33,41,52,70,78,91.03,4.03,44.01,35.94,9.8,0.55,0.0,14.4,80.3,5.3,1.71,19,0.0439,5.7,37,stable_mid
m_846,62242,685260,7.93,99,47.77,12.27,0.257,30,39,47,56,69,80,91.15,3.64,45.43,39.46,9.25,0.75,0.0,4.9,90.5,4.6,1.47,44,0.0333,5.7,36,stable_mid
m_847,60511,691190,8.0,102,42.2,13.06,0.31,24,32,40,50,66,80,88.21,6.08,51.03,40.1,9.36,0.62,0.0,16.2,80.3,3.5,1.65,97,0.0436,5.5,74,stable_mid
m_848,59508,690320,7.99,104,44.52,13.42,0.301,26,34,43,53,70,78,89.41,4.65,45.15,35.85,9.84,0.82,0.0,12.8,82.2,5.0,1.63,36,-0.0072,6.4,99,stable_mid
m_849,60994,682690,7.9,101,44.25,13.12,0.297,25,34,42,53,68,78,90.29,4.49,44.58,35.78,10.45,0.83,0.0,12.5,83.5,4.0,1.62,44,0.0199,5.6,54,stable_mid
m_850,61329,691190,8.0,101,39.21,12.81,0.327,22,30,37,47,63,77,89.4,5.05,45.24,38.48,7.56,0.46,0.0,25.0,72.9,2.1,1.7,9,0.006,5.5,54,stable_mid
m_851,61785,691190,8.0,101,53.55,10.04,0.188,36,46,54,61,69,76,90.47,3.78,49.54,43.17,10.93,0.6,0.0,0.5,95.2,4.3,1.28,4,-0.0039,5.7,43,stable_high
m_852,61308,691190,8.0,101,46.59,10.95,0.235,30,38,45,54,66,75,88.29,6.25,39.97,34.8,9.06,1.01,0.0,3.8,93.7,2.4,1.47,1,0.0272,7.0,53,stable_mid
m_853,61165,691190,8.0,102,42.41,12.89,0.304,25,33,41,50,65,86,91.95,3.72,42.11,36.09,10.37,0.64,0.0,14.7,81.9,3.3,1.59,24,0.0231,5.4,54,stable_mid
m_854,60429,687290,7.95,102,35.78,11.92,0.333,20,27,34,43,57,70,91.72,3.23,44.17,34.11,6.77,0.54,0.0,35.0,63.9,1.0,1.68,5,0.0344,5.7,56,stable_mid
m_855,61547,691190,8.0,101,31.6,12.68,0.401,14,22,30,39,55,70,90.22,4.28,41.56,31.07,5.42,0.68,0.0,49.1,49.8,1.1,1.83,20,0.0035,6.2,45,stable_mid
m_856,61841,687960,7.96,100,39.57,12.92,0.326,22,30,38,48,63,76,90.99,3.66,42.66,34.2,7.07,0.45,0.0,24.3,73.5,2.1,1.66,115,0.0159,6.2,51,stable_mid
m_857,62104,691190,8.0,100,5.63,1.08,0.193,4,5,6,6,7,9,90.46,0.87,23.74,19.65,1.18,0.22,14.6,85.4,0.0,0.0,1.17,0,0.0058,8.1,47,stable_low
m_858,62752,680290,7.87,98,40.37,15.32,0.38,23,30,37,47,70,92,90.6,4.2,24.59,18.67,7.85,0.47,0.0,24.9,70.0,5.1,1.89,0,0.0721,5.7,30,stable_mid
m_859,62666,691190,8.0,99,39.87,15.41,0.387,22,29,37,47,69,92,90.77,3.82,48.6,36.5,6.4,0.41,0.0,26.1,69.0,4.9,1.86,5,0.0703,5.6,51,stable_mid
m_860,61874,691190,8.0,101,34.88,13.92,0.399,17,24,32,43,61,77,89.68,4.39,42.7,30.82,7.03,0.73,0.0,42.4,55.5,2.1,1.91,47,0.0186,5.6,36,stable_mid
m_861,61804,691190,8.0,101,48.12,13.38,0.278,29,38,47,57,74,81,91.83,3.17,46.1,38.11,11.22,0.4,0.0,6.1,86.9,7.0,1.57,39,0.0594,5.6,63,stable_mid
m_862,59741,676590,7.83,102,43.83,12.71,0.29,26,34,42,52,67,76,91.38,3.61,42.13,33.84,9.45,0.61,0.0,12.5,84.3,3.3,1.6,58,-0.0029,5.6,78,stable_mid
m_863,63250,691190,8.0,98,48.54,10.81,0.223,33,41,48,55,67,81,90.71,3.98,39.03,31.07,12.22,0.55,0.0,1.5,94.8,3.7,1.4,0,0.0422,5.6,46,stable_mid
m_864,59049,691190,8.0,105,31.12,12.54,0.403,14,22,29,38,54,70,90.15,4.08,41.07,30.42,5.01,0.63,0.0,51.5,47.5,1.1,1.86,14,0.0157,6.2,69,stable_mid
m_865,59119,691190,8.0,105,48.82,13.59,0.278,31,38,47,58,75,84,90.15,4.36,47.6,38.91,8.76,0.74,0.0,3.4,88.9,7.7,1.6,14,0.0577,6.7,54,stable_mid
m_866,61333,691190,8.0,101,41.39,11.66,0.282,25,33,40,49,62,75,91.43,3.5,37.16,28.75,6.57,0.65,0.0,15.7,82.4,1.8,1.55,1,0.0196,5.7,62,stable_mid
m_867,61515,691190,8.0,101,42.47,14.36,0.338,23,32,40,51,69,88,91.43,3.73,42.14,35.26,10.82,0.72,0.0,18.7,76.7,4.6,1.72,44,0.0823,5.6,47,stable_mid
m_868,61148,691190,8.0,101,47.71,10.44,0.219,32,40,47,55,65,74,88.26,6.0,41.51,32.56,8.03,0.84,0.0,2.4,95.6,2.1,1.38,3,0.0085,5.6,61,stable_mid
m_869,62701,691190,8.0,99,41.0,13.67,0.334,22,31,39,50,66,80,88.86,5.77,45.16,35.46,10.67,0.59,0.0,22.0,74.7,3.3,1.69,115,0.0063,5.7,45,stable_mid
m_870,63070,691180,8.0,99,42.36,12.57,0.297,25,33,41,51,65,75,91.44,3.71,37.99,30.93,9.53,0.87,0.0,15.7,82.1,2.3,1.59,35,0.0438,5.7,29,stable_mid
m_871,61925,680090,7.87,99,35.28,12.94,0.367,17,26,34,43,59,76,91.27,4.1,42.57,34.88,7.63,0.58,0.0,36.0,62.2,1.7,1.74,110,0.0066,5.6,45,stable_mid
m_872,58719,678600,7.85,104,51.07,13.01,0.255,31,40,50,65,67,76,88.22,5.25,46.28,39.43,0.0,0.93,0.0,2.9,93.5,3.6,1.34,0,0.1131,5.6,64,stable_high
m_873,63018,691190,8.0,99,35.01,14.32,0.409,17,24,32,44,62,78,86.57,6.62,42.71,32.47,9.04,0.7,0.0,42.2,55.4,2.4,1.94,78,0.0155,7.0,41,stable_mid
m_874,62211,691190,8.0,100,40.32,13.28,0.329,22,30,38,49,65,77,91.2,4.05,40.05,27.87,7.97,0.6,0.0,23.4,74.1,2.5,1.71,11,0.0166,5.4,46,stable_mid
m_875,62876,691190,8.0,99,40.93,15.43,0.377,22,30,38,49,70,91,91.13,4.36,37.06,27.99,7.35,0.49,0.0,24.1,70.9,5.0,1.84,4,0.0671,5.8,36,stable_mid
m_876,62631,685880,7.94,99,48.5,10.34,0.213,33,41,48,56,66,74,90.69,4.04,47.69,41.54,9.73,0.87,0.0,1.8,95.9,2.3,1.38,0,0.0177,5.6,20,stable_mid
m_877,62257,689100,7.98,100,34.52,14.87,0.431,16,24,32,42,61,91,82.88,17.97,10.94,7.62,3.47,0.72,0.0,43.3,53.7,3.0,1.91,10,0.0532,8.8,35,stable_mid
m_878,61584,688000,7.96,101,43.03,12.33,0.286,26,34,41,50,66,78,87.52,6.33,53.84,41.64,9.19,0.76,0.0,12.3,84.6,3.2,1.61,7,0.0062,5.6,65,stable_mid
m_879,61181,690640,7.99,102,38.3,13.2,0.345,21,29,36,46,63,79,90.77,4.29,46.73,38.31,6.87,0.64,0.0,28.3,68.9,2.8,1.75,118,0.0323,5.4,54,stable_mid
m_880,61663,691190,8.0,101,31.39,12.59,0.401,15,22,29,39,55,70,90.94,3.42,42.1,33.38,4.95,0.5,0.0,50.7,48.3,1.0,1.9,2,0.0247,7.4,53,stable_mid
m_881,60959,691190,8.0,102,40.44,14.57,0.36,19,30,38,50,68,77,81.67,18.67,24.69,19.11,51.37,0.45,0.0,23.5,72.4,4.1,1.79,45,-0.0835,5.5,72,stable_mid
m_882,59936,691190,8.0,104,35.47,15.04,0.424,17,25,33,43,62,92,89.19,4.76,46.97,36.65,7.28,0.31,0.0,39.9,56.9,3.2,1.88,26,0.0502,5.5,55,stable_mid
m_883,62314,690120,7.99,100,45.6,13.06,0.286,28,36,44,53,70,89,91.43,3.37,50.9,37.95,6.17,0.43,0.0,7.2,87.8,5.0,1.59,1,0.0043,7.7,44,stable_mid
m_884,61195,679920,7.87,100,47.43,11.53,0.243,29,39,46,55,67,76,91.66,3.16,50.0,40.03,5.55,0.43,0.0,5.1,91.7,3.2,1.46,70,0.038,8.1,52,stable_mid
m_885,63754,691190,8.0,98,36.65,16.52,0.451,16,25,34,45,67,93,89.53,5.18,40.77,29.76,5.74,0.4,0.0,38.2,57.2,4.6,1.97,8,0.0602,5.5,36,stable_mid
m_886,59916,684800,7.93,103,31.25,12.14,0.389,16,22,29,38,54,70,91.76,3.47,43.28,33.35,6.0,0.46,0.0,52.0,46.9,1.1,1.86,8,0.0202,5.9,72,stable_mid
m_887,61016,678290,7.85,100,43.82,11.95,0.273,27,35,42,52,66,76,90.82,4.35,37.69,29.64,8.36,0.69,0.0,9.3,88.0,2.7,1.57,14,0.0305,6.8,27,stable_mid
m_888,61899,691190,8.0,100,41.47,11.95,0.288,25,33,40,49,63,76,91.74,3.53,51.21,40.84,7.25,0.71,0.0,15.1,82.5,2.4,1.58,72,0.0137,6.3,54,stable_mid
m_889,60950,691190,8.0,102,35.17,15.25,0.434,17,24,32,43,61,96,91.73,3.17,45.88,31.28,6.75,0.48,0.0,40.5,56.4,3.1,1.91,19,0.0513,5.6,63,stable_mid
m_890,61317,691190,8.0,101,40.41,12.34,0.305,24,31,39,48,63,76,91.96,3.17,45.67,37.1,8.42,0.68,0.0,20.2,77.8,2.0,1.62,21,0.0355,5.4,52,stable_mid
m_891,61013,676020,7.82,100,39.51,14.49,0.367,20,29,37,49,66,81,87.04,6.71,46.58,35.09,11.66,0.59,0.0,28.1,68.3,3.6,1.78,69,-0.0102,6.1,63,stable_mid
m_892,61438,691190,8.0,101,39.81,14.96,0.376,20,29,37,48,67,92,88.81,5.14,43.84,34.03,5.43,0.38,0.0,26.7,69.2,4.1,1.81,27,0.0392,5.5,63,stable_mid
m_893,62356,689420,7.98,99,4.09,0.84,0.207,3,4,4,4,5,7,92.13,0.89,21.92,17.16,1.04,0.01,76.6,23.4,0.0,0.0,1.25,0,0.0048,5.5,54,idle_pure
m_894,59848,686090,7.94,103,39.95,12.51,0.313,23,30,38,48,63,76,88.65,5.65,45.64,35.51,9.78,0.61,0.0,22.2,75.6,2.2,1.66,28,0.012,7.5,72,stable_mid
m_895,63740,691190,8.0,98,46.85,13.09,0.28,29,37,45,55,71,85,90.89,4.49,50.44,44.06,6.19,0.69,0.0,5.8,88.7,5.5,1.58,0,0.0532,5.4,27,stable_mid
m_896,60501,691190,8.0,103,47.39,10.83,0.229,31,39,47,55,66,75,91.9,3.35,45.54,38.78,8.53,0.74,0.0,3.1,94.4,2.5,1.4,12,0.0115,5.7,68,stable_mid
m_897,63715,691190,8.0,98,48.33,10.29,0.213,32,41,48,56,65,74,91.15,4.12,43.4,38.76,8.82,0.82,0.0,2.4,95.6,2.0,1.35,0,0.0137,6.2,36,stable_mid
m_898,62168,676260,7.83,98,41.73,12.35,0.296,24,33,40,50,64,76,92.07,3.31,45.87,39.9,9.82,0.73,0.0,15.9,81.6,2.4,1.6,157,0.0371,5.6,36,stable_mid
m_899,63879,691190,8.0,97,41.59,12.39,0.298,24,32,40,49,64,76,92.11,2.97,43.0,36.19,8.66,0.62,0.0,16.8,80.8,2.4,1.6,40,0.0077,5.5,27,stable_mid
m_900,61348,681000,7.88,100,44.22,11.23,0.254,28,36,43,52,64,74,92.33,2.95,41.95,34.35,10.42,0.81,0.0,7.8,90.3,2.0,1.49,18,0.0027,5.5,54,stable_mid
m_901,63208,691180,8.0,98,43.9,12.31,0.281,27,34,42,53,66,75,91.13,4.02,43.75,36.52,11.71,1.02,0.0,11.4,86.1,2.5,1.57,0,-0.0284,5.7,36,stable_mid
m_902,62436,691190,8.0,100,31.96,12.37,0.387,15,23,30,39,55,69,89.11,5.07,36.57,26.33,5.75,0.61,0.0,48.3,50.8,0.9,1.83,6,0.005,5.5,37,stable_mid
m_903,61906,689110,7.98,100,41.19,12.36,0.3,24,32,39,49,64,77,90.84,4.27,45.22,34.73,7.13,0.54,0.0,17.3,80.2,2.5,1.64,32,0.0256,5.5,50,stable_mid
m_904,61692,691190,8.0,101,34.91,14.23,0.408,18,25,32,42,59,92,90.73,3.63,47.39,35.48,4.67,0.29,0.0,40.9,56.4,2.7,1.84,32,0.0486,5.6,81,stable_mid
m_905,61969,685570,7.93,100,5.85,1.26,0.215,4,5,6,7,8,8,89.62,0.48,23.37,19.54,1.23,0.97,20.8,79.2,0.0,0.0,1.33,0,0.0023,5.7,45,stable_low
m_906,61106,691070,8.0,102,32.77,12.69,0.387,16,23,31,40,56,72,89.18,5.05,44.99,34.27,6.26,0.69,0.0,45.5,53.3,1.3,1.81,15,-0.0321,5.7,63,stable_mid
m_907,60490,691190,8.0,103,37.03,13.08,0.353,20,27,35,45,61,74,91.42,3.88,46.04,35.5,7.46,0.48,0.0,33.2,65.2,1.6,1.74,22,0.0242,8.1,45,stable_mid
m_908,61525,691190,8.0,101,6.92,15.07,2.178,0,0,0,0,41,60,17.72,30.94,0.22,0.16,0.86,0.0,80.0,7.9,11.5,0.6,41.0,6,0.1784,8.8,41,bursty
m_909,62045,687460,7.96,100,42.06,12.83,0.305,25,32,40,50,66,78,90.33,4.31,44.52,36.59,10.19,0.63,0.0,16.6,80.3,3.0,1.65,51,0.0051,5.6,45,stable_mid
m_910,62094,691190,8.0,100,29.11,12.98,0.446,12,20,27,36,53,70,90.56,3.97,41.85,29.7,4.8,0.44,0.0,57.6,41.3,1.1,1.96,4,0.0085,5.4,43,stable_mid
m_911,60345,691190,8.0,103,30.3,12.02,0.397,14,21,29,37,52,67,90.16,4.26,38.74,27.55,4.94,0.62,0.0,53.2,46.0,0.8,1.79,6,-0.0081,5.7,45,stable_mid
m_912,61353,689420,7.98,101,40.65,14.11,0.347,23,30,38,48,66,91,91.6,3.52,36.35,26.82,9.15,0.53,0.0,23.0,73.5,3.6,1.74,4,0.0519,5.6,61,stable_mid
m_913,60753,691190,8.0,102,38.54,12.58,0.326,22,29,36,46,62,75,91.62,3.46,37.1,26.97,7.04,0.51,0.0,27.0,71.3,1.8,1.72,3,0.0231,8.9,57,stable_mid
m_914,62476,691190,8.0,100,36.79,14.58,0.396,19,27,34,44,63,92,90.07,4.29,43.24,32.4,6.96,0.46,0.0,34.4,62.1,3.4,1.85,18,0.0563,6.2,53,stable_mid
m_915,62551,691070,8.0,99,43.53,11.49,0.264,27,35,42,51,64,75,91.32,3.55,52.36,40.88,7.67,0.57,0.0,8.9,89.0,2.1,1.52,20,0.0213,5.6,41,stable_mid
m_916,60527,690010,7.99,103,32.36,13.6,0.42,15,22,30,40,56,78,89.33,4.94,31.49,22.21,20.35,0.58,0.0,47.2,51.0,1.8,1.87,8,0.0022,6.7,39,stable_mid
m_917,62453,688510,7.97,99,37.13,12.64,0.341,20,28,35,45,61,74,90.14,4.04,42.93,32.75,5.28,0.74,0.0,30.8,67.7,1.5,1.74,3,0.0177,6.3,36,stable_mid
m_918,61468,691190,8.0,101,29.17,12.85,0.441,12,20,27,37,53,68,57.91,20.37,1.44,0.96,4.86,0.58,0.1,57.3,41.8,0.9,1.96,1,0.0125,5.8,48,stable_mid
m_919,61472,691190,8.0,101,38.81,13.25,0.341,22,29,36,47,63,79,90.86,3.98,45.69,39.86,6.94,0.96,0.0,27.3,70.2,2.5,1.75,87,0.0139,6.3,72,stable_mid
m_920,60306,683860,7.92,102,42.54,16.55,0.389,23,31,39,51,77,93,88.12,5.4,38.05,29.92,9.36,0.42,0.0,21.9,71.0,7.1,1.97,38,0.0418,5.5,55,stable_mid
m_921,62704,684800,7.93,98,31.67,12.76,0.403,15,22,30,39,55,72,89.96,4.13,35.8,24.83,5.6,0.53,0.0,49.9,48.9,1.2,1.83,15,0.0018,5.8,54,stable_mid
m_922,62047,690420,7.99,100,39.98,14.04,0.351,22,30,38,47,64,91,90.8,4.34,44.52,35.0,5.92,0.55,0.0,23.5,73.0,3.5,1.68,42,0.0362,5.6,41,stable_mid
m_923,61557,688000,7.96,100,36.17,12.31,0.34,20,27,34,43,59,74,91.97,3.1,38.75,29.58,6.71,0.62,0.0,33.6,65.1,1.4,1.74,60,0.0162,5.8,52,stable_mid
m_924,59858,669310,7.75,101,2.38,8.35,3.511,0,0,0,0,18,40,6.32,12.35,0.03,0.03,0.33,0.0,89.8,7.2,2.7,0.3,18.0,2,0.0566,5.7,36,bursty
m_925,61460,690320,7.99,101,37.77,16.37,0.433,18,27,34,45,70,94,89.94,4.16,38.92,27.68,5.93,0.37,0.0,34.3,60.7,5.0,2.06,12,0.0675,5.6,54,stable_mid
m_926,63273,691190,8.0,98,44.63,12.17,0.273,27,35,43,53,67,77,92.16,2.97,42.85,35.65,9.58,0.66,0.0,9.4,87.5,3.1,1.56,11,0.0055,5.4,36,stable_mid
m_927,59983,685390,7.93,103,34.38,13.09,0.381,17,25,32,42,58,75,89.0,5.07,43.98,32.5,4.88,0.41,0.0,40.5,57.9,1.6,1.81,20,0.0073,5.6,63,stable_mid
m_928,62261,691190,8.0,100,38.87,14.62,0.376,20,28,36,47,65,89,89.03,6.59,36.7,25.85,7.07,0.54,0.0,28.5,67.8,3.8,1.81,14,0.0954,5.6,63,stable_mid
m_929,59574,690680,7.99,104,5.19,1.23,0.238,3,4,5,6,7,8,91.57,0.83,23.86,17.72,5.94,0.0,28.8,71.2,0.0,0.0,1.4,0,0.0045,7.6,60,stable_low
m_930,60815,689980,7.99,102,42.62,12.64,0.297,25,33,41,51,65,77,90.22,4.66,48.0,39.99,5.68,0.36,0.0,14.7,82.8,2.6,1.59,124,0.0219,5.7,63,stable_mid
m_931,61361,689980,7.99,101,49.14,10.88,0.221,33,41,48,56,67,82,91.13,3.38,46.19,37.32,13.13,0.44,0.0,1.4,94.8,3.8,1.4,0,0.0291,6.5,54,stable_mid
m_932,60659,684590,7.92,102,45.95,11.03,0.24,30,38,45,54,65,75,90.45,5.91,48.51,42.4,11.88,0.69,0.0,4.3,93.4,2.3,1.44,3,0.0212,5.7,75,stable_mid
m_933,61286,691190,8.0,101,36.55,13.73,0.376,18,26,35,45,62,79,88.27,7.51,34.85,23.74,7.2,0.56,0.0,34.6,63.2,2.2,1.77,47,0.0636,5.7,56,stable_mid
m_934,59576,688090,7.96,104,47.28,11.19,0.237,31,39,46,55,67,75,91.45,3.47,49.8,39.62,7.95,0.59,0.0,3.6,93.2,3.2,1.46,0,0.0004,5.6,81,stable_mid
m_935,60593,691170,8.0,103,45.26,15.05,0.332,25,34,43,54,74,88,86.46,7.39,48.74,39.04,7.53,0.69,0.0,13.9,79.7,6.4,1.72,39,0.0937,5.6,74,stable_mid
m_936,60245,691190,8.0,103,41.25,12.32,0.299,24,32,40,49,63,75,91.78,3.49,38.21,29.24,8.73,0.63,0.0,18.2,79.8,1.9,1.58,3,0.0075,5.7,63,stable_mid
m_937,60400,688790,7.97,103,45.92,11.34,0.247,29,37,45,54,65,73,91.92,3.13,44.46,37.93,10.88,0.84,0.0,5.4,92.4,2.1,1.44,2,-0.0008,5.6,64,stable_mid
m_938,62081,691190,8.0,100,33.65,12.97,0.385,17,24,32,42,57,72,89.18,5.58,40.51,29.18,6.18,0.43,0.0,43.7,55.0,1.3,1.78,9,0.0019,5.6,36,stable_mid
m_939,59501,686050,7.94,104,43.44,15.73,0.362,24,32,41,52,76,90,89.42,4.53,49.6,40.11,8.08,0.63,0.0,18.4,74.9,6.8,1.85,25,0.0668,5.7,74,stable_mid
m_940,60764,691190,8.0,102,43.78,12.95,0.296,26,34,42,52,66,85,91.83,3.25,44.68,38.04,9.07,0.79,0.0,12.2,84.1,3.7,1.57,0,0.0384,5.8,54,stable_mid
m_941,59616,690670,7.99,104,39.5,11.7,0.296,23,31,38,47,60,72,90.88,4.06,45.41,45.47,6.35,0.8,0.0,21.7,77.0,1.3,1.58,3,0.0217,5.4,96,stable_mid
m_942,60758,686390,7.94,102,41.85,14.7,0.351,23,31,39,50,69,91,88.51,5.27,49.76,39.37,7.77,0.48,0.0,20.3,74.8,4.9,1.77,65,0.0412,5.4,55,stable_mid
m_943,61754,691190,8.0,101,45.51,13.19,0.29,28,36,43,53,71,84,90.91,4.61,44.41,37.22,7.88,0.73,0.0,7.2,87.4,5.4,1.65,1,0.0563,8.1,36,stable_mid
m_944,61598,691190,8.0,101,43.29,13.53,0.312,25,33,41,52,68,79,90.41,4.59,45.88,40.13,9.5,0.9,0.0,14.9,80.8,4.3,1.66,208,0.0151,5.7,45,stable_mid
m_945,60712,691190,8.0,102,45.31,12.06,0.266,28,36,44,53,67,77,90.24,4.14,45.32,35.5,9.02,0.69,0.0,7.8,88.8,3.3,1.52,29,0.0031,5.5,72,stable_mid
m_946,62536,691190,8.0,99,4.93,0.99,0.201,3,4,5,5,7,8,80.32,0.71,22.69,18.68,1.44,0.04,33.2,66.8,0.0,0.0,1.4,0,0.0039,5.7,30,idle_pure
m_947,61773,688790,7.97,100,46.24,13.37,0.289,28,37,45,54,73,83,90.53,5.09,46.0,38.35,8.74,0.51,0.0,8.2,85.4,6.3,1.62,80,0.0371,5.5,54,stable_mid
m_948,62437,689410,7.98,99,45.04,15.51,0.344,25,33,42,54,75,88,89.25,4.84,44.84,36.62,14.44,0.6,0.0,15.0,77.5,7.5,1.79,22,0.0291,5.8,29,stable_mid
m_949,62395,690420,7.99,100,40.9,12.29,0.301,24,32,39,49,63,77,91.29,3.57,36.66,26.44,6.95,0.51,0.0,18.2,79.4,2.4,1.62,10,0.0464,5.6,57,stable_mid
m_950,59748,669300,7.75,101,7.25,15.36,2.118,0,0,0,0,41,59,17.64,32.16,0.23,0.18,0.66,0.0,79.4,7.3,12.8,0.6,41.0,5,0.193,8.4,31,bursty
m_951,62018,691190,8.0,100,42.71,12.57,0.294,25,33,41,51,65,78,88.82,6.84,50.32,41.31,8.36,0.64,0.0,14.2,82.9,2.9,1.59,50,-0.0124,5.4,54,stable_mid
m_952,62129,691190,8.0,100,38.73,12.48,0.322,22,29,37,47,61,75,91.98,3.38,37.8,28.43,6.45,0.95,0.0,26.0,72.2,1.8,1.65,13,0.0406,5.5,54,stable_mid
m_953,61288,691190,8.0,101,40.58,12.38,0.305,24,31,39,48,63,77,91.71,3.28,44.79,33.99,8.32,0.59,0.0,19.4,78.5,2.1,1.62,22,0.0114,6.2,38,stable_mid
m_954,62176,691190,8.0,100,37.34,13.6,0.364,19,27,35,46,62,77,91.16,3.68,45.04,33.97,6.74,0.47,0.0,33.1,64.7,2.2,1.77,58,-0.0001,5.6,28,stable_mid
m_955,60474,686050,7.94,102,41.29,12.38,0.3,24,32,40,50,64,75,91.46,3.58,44.53,35.67,8.08,0.44,0.0,18.5,79.5,2.1,1.6,3,0.013,5.6,72,stable_mid
m_956,61802,691190,8.0,101,40.46,12.43,0.307,23,31,39,49,63,74,91.99,3.11,45.56,37.21,7.91,0.74,0.0,20.5,77.8,1.7,1.62,24,0.019,6.4,62,stable_mid
m_957,61884,691190,8.0,101,3.78,0.72,0.191,3,3,4,4,5,6,93.65,0.48,21.37,16.68,1.04,0.03,87.8,12.2,0.0,0.0,1.25,0,0.003,5.6,63,idle_pure
m_958,62221,691190,8.0,100,3.8,0.78,0.205,3,3,4,4,5,6,91.13,0.67,21.01,16.62,1.05,0.03,84.9,15.1,0.0,0.0,1.25,0,0.0039,5.8,54,idle_pure
m_959,62176,691190,8.0,100,45.64,12.81,0.281,28,36,44,54,70,81,91.38,3.65,41.82,35.08,70.21,0.53,0.0,6.8,87.8,5.4,1.59,187,0.0097,6.5,27,stable_mid
m_960,60811,691190,8.0,102,40.42,16.58,0.41,21,28,37,49,72,93,90.16,4.17,50.07,40.25,6.73,0.47,0.0,29.4,65.0,5.6,1.95,16,0.0674,5.6,63,stable_mid
m_961,62413,691190,8.0,100,45.61,11.9,0.261,28,36,45,54,66,76,90.97,3.57,46.94,41.08,10.4,0.76,0.0,7.1,90.0,2.9,1.47,27,0.0033,5.7,63,stable_mid
m_962,60854,691190,8.0,102,39.59,12.97,0.328,22,30,38,48,63,77,91.43,3.74,44.08,34.92,9.02,0.7,0.0,24.4,73.2,2.4,1.66,76,0.0189,5.6,65,stable_mid
m_963,62704,691190,8.0,99,40.13,14.77,0.368,21,30,37,48,67,92,90.72,3.92,46.45,35.23,8.07,0.53,0.0,24.5,71.3,4.2,1.81,94,0.0392,5.6,45,stable_mid
m_964,59597,691190,8.0,104,50.16,10.52,0.21,33,42,50,58,67,75,91.57,3.11,49.8,45.06,8.94,0.89,0.0,1.3,95.7,3.0,1.34,1,0.0123,5.6,71,stable_high
m_965,59901,691190,8.0,104,38.41,12.24,0.319,21,29,37,46,60,75,91.46,3.59,38.52,29.1,6.34,0.59,0.0,25.0,73.3,1.6,1.62,34,0.02,5.6,72,stable_mid
m_966,61658,691190,8.0,101,44.64,12.72,0.285,27,35,43,53,67,79,90.37,4.44,49.97,40.69,8.32,0.58,0.0,10.2,86.2,3.5,1.56,33,0.001,5.7,63,stable_mid
m_967,62537,686400,7.94,99,46.81,12.34,0.264,28,37,46,56,67,78,90.9,3.72,47.75,41.13,8.93,0.43,0.0,6.8,89.7,3.5,1.46,68,-0.0143,6.5,36,stable_mid
m_968,59692,691190,8.0,104,46.53,11.79,0.253,29,38,45,54,67,77,91.32,3.41,45.72,37.23,11.93,0.46,0.0,5.7,90.9,3.4,1.49,48,-0.002,5.6,81,stable_mid
m_969,60763,691190,8.0,102,44.68,11.53,0.258,28,36,43,52,65,76,90.45,3.98,47.14,37.54,7.64,0.72,0.0,7.3,90.3,2.4,1.51,28,-0.0134,5.6,87,stable_mid
m_970,59554,691070,8.0,104,49.09,10.11,0.206,33,41,49,56,66,73,90.91,3.71,40.57,32.73,10.65,0.61,0.0,1.5,96.0,2.4,1.35,0,0.0153,5.7,90,stable_mid
m_971,61327,687960,7.96,101,42.09,12.17,0.289,25,33,40,50,64,78,90.71,3.99,40.35,31.7,10.04,0.77,0.0,14.5,82.8,2.7,1.6,96,0.0166,5.7,54,stable_mid
m_972,60730,690680,7.99,102,42.87,14.93,0.348,24,32,40,51,72,88,92.15,2.81,43.13,36.18,9.35,0.36,0.0,18.7,75.7,5.6,1.8,5,0.0342,6.0,45,stable_mid
m_973,61080,687840,7.96,101,39.06,12.32,0.315,22,30,37,47,61,74,91.04,4.16,43.66,34.05,6.71,0.61,0.0,24.8,73.6,1.6,1.65,22,0.0222,7.5,60,stable_mid
m_974,63747,691190,8.0,98,33.01,12.86,0.389,16,24,31,40,57,73,90.64,3.84,41.12,30.12,5.13,0.41,0.0,44.8,53.8,1.4,1.84,6,-0.0046,5.6,18,stable_mid
m_975,61677,691070,8.0,101,42.13,12.93,0.307,25,33,40,49,65,89,90.94,3.86,47.05,37.65,8.12,0.63,0.0,14.8,81.9,3.3,1.62,2,0.0389,5.6,40,stable_mid
m_976,61071,691190,8.0,102,39.79,13.82,0.347,22,30,38,47,64,90,91.76,3.46,43.21,34.65,11.04,0.53,0.0,23.5,73.1,3.4,1.68,30,0.0586,5.7,45,stable_mid
m_977,62296,690520,7.99,100,39.91,14.14,0.354,16,31,39,49,64,76,91.17,3.57,34.69,24.91,26.01,0.58,0.1,21.5,75.9,2.5,1.64,0,0.1377,5.6,46,stable_mid
m_978,61446,690660,7.99,101,30.44,12.31,0.404,14,21,29,38,53,67,88.97,5.63,41.1,29.38,4.65,0.44,0.0,52.8,46.5,0.7,1.83,1,0.0255,5.7,45,stable_mid
m_979,61113,691190,8.0,102,44.77,13.25,0.296,27,35,42,53,70,82,91.79,3.34,46.92,43.69,8.39,0.64,0.0,8.9,85.9,5.3,1.67,39,0.0522,5.7,62,stable_mid
m_980,60899,688000,7.96,102,35.45,12.11,0.341,18,27,34,42,57,75,91.87,3.17,46.07,36.94,7.03,0.92,0.0,33.7,64.7,1.5,1.68,66,0.0098,5.6,54,stable_mid
m_981,61908,691190,8.0,100,43.1,11.98,0.278,26,34,42,51,65,77,89.13,4.81,41.91,35.35,9.08,0.87,0.0,11.5,85.9,2.6,1.55,9,0.0386,5.6,36,stable_mid
m_982,61694,691190,8.0,101,13.06,3.04,0.233,8,10,14,15,17,19,68.96,2.13,9.31,12.62,3.84,0.97,0.0,100.0,0.0,0.0,1.21,0,0.0084,5.6,63,stable_low
m_983,63138,691180,8.0,99,56.91,10.64,0.187,38,49,58,64,74,80,91.18,3.38,48.47,43.94,11.44,0.48,0.0,0.3,89.8,9.9,1.28,16,0.0488,5.6,45,stable_high
m_984,61158,691190,8.0,102,40.55,11.33,0.279,25,32,39,48,61,71,90.59,3.48,28.83,26.15,9.74,0.91,0.0,15.7,83.1,1.2,1.56,3,0.0001,5.7,71,stable_mid
m_985,61599,691190,8.0,101,29.48,13.92,0.472,11,19,27,38,55,72,88.48,5.38,44.91,30.5,9.58,0.55,0.0,56.5,42.2,1.3,2.04,32,0.0091,5.6,45,stable_mid
m_1000,62403,687470,7.96,99,49.25,10.33,0.21,33,42,49,57,66,74,89.55,5.53,44.33,38.73,10.42,0.97,0.0,1.7,95.7,2.6,1.35,0,0.0035,5.9,37,stable_mid
m_1001,62000,691070,8.0,100,56.28,8.75,0.155,42,50,56,63,71,74,91.04,3.61,78.23,75.88,19.37,0.64,0.0,0.0,93.0,6.9,1.27,0,0.0318,7.9,45,stable_high
m_1002,62796,691190,8.0,99,40.38,13.13,0.325,22,30,39,49,64,80,89.03,5.81,44.56,32.61,8.32,0.53,0.0,22.2,75.1,2.8,1.64,93,0.0247,5.8,30,stable_mid
m_1003,61042,691190,8.0,100,44.25,11.29,0.255,28,36,43,52,64,73,92.04,3.29,43.51,36.76,9.61,0.65,0.0,8.4,89.8,1.8,1.49,0,0.0125,5.7,47,stable_mid
m_1004,59465,679800,7.87,103,42.71,13.36,0.313,24,33,41,51,67,79,91.44,3.56,42.25,31.19,6.85,0.63,0.0,15.4,80.6,3.9,1.63,118,-0.0155,5.6,65,stable_mid
m_1005,61278,691190,8.0,101,45.39,11.55,0.254,29,36,44,54,65,76,91.39,3.52,53.39,41.04,7.38,0.57,0.0,6.6,91.1,2.3,1.48,22,-0.0094,5.7,55,stable_mid
m_1006,61261,691190,8.0,102,52.72,9.62,0.183,38,46,53,60,69,75,90.39,3.93,49.76,43.76,14.67,0.75,0.0,0.5,95.5,4.0,1.3,0,-0.0118,6.9,71,stable_high
m_1007,60882,691190,8.0,102,41.59,12.4,0.298,24,32,40,50,64,77,91.6,3.47,37.2,30.89,7.58,0.75,0.0,17.0,80.6,2.4,1.6,30,0.015,5.7,63,stable_mid
m_1008,59125,691190,8.0,105,48.91,13.01,0.266,28,40,48,58,71,77,91.31,3.93,18.43,13.71,6.48,0.41,0.0,6.7,86.9,6.4,1.48,29,0.0134,5.6,98,stable_mid
m_1009,62567,676660,7.83,97,37.92,12.79,0.337,21,28,36,46,61,79,90.65,4.18,44.28,33.93,7.69,0.69,0.0,29.0,69.0,2.0,1.69,28,0.007,5.6,27,stable_mid
m_1010,59834,691190,8.0,104,47.74,10.5,0.22,32,40,47,55,66,75,90.4,4.19,49.84,43.52,10.23,0.71,0.0,2.3,95.0,2.7,1.4,1,0.0168,5.6,72,stable_mid
m_1011,62608,691190,8.0,99,47.18,10.93,0.232,31,39,47,55,66,76,90.63,3.95,46.84,39.6,11.22,0.33,0.0,3.5,94.1,2.4,1.4,0,0.0042,5.7,38,stable_mid
m_1012,60624,691190,8.0,103,34.87,14.87,0.426,16,24,33,42,60,92,90.59,3.98,37.64,25.88,3.34,0.56,0.0,40.8,56.3,2.9,1.82,26,0.0405,6.5,90,stable_mid
m_1013,62558,688520,7.97,99,31.22,12.71,0.407,14,22,29,38,55,72,91.37,3.61,40.87,31.18,5.77,0.34,0.0,50.9,47.9,1.2,1.9,86,0.0033,5.5,54,stable_mid
m_1014,61227,691190,8.0,102,34.92,12.95,0.371,17,25,33,43,58,73,87.82,8.66,35.41,24.34,6.32,0.32,0.1,38.4,60.1,1.4,1.76,8,0.0611,5.6,55,stable_mid
m_1015,60159,691180,8.0,103,36.28,13.14,0.362,19,26,34,44,61,76,90.42,4.19,44.69,34.35,7.44,0.62,0.0,35.9,62.3,1.8,1.79,48,0.0489,5.9,56,stable_mid
m_1016,61291,685820,7.94,101,48.69,11.36,0.233,32,40,48,57,68,76,89.26,5.62,53.32,47.42,9.47,0.88,0.0,2.5,93.8,3.7,1.42,7,0.0028,7.9,55,stable_mid
m_1017,60480,691190,8.0,103,45.04,10.74,0.239,29,37,44,52,64,74,91.72,3.24,46.77,40.71,3.74,0.43,0.0,5.5,92.6,1.9,1.45,23,0.0052,5.7,63,stable_mid
m_1018,62516,689980,7.99,99,40.41,12.9,0.319,24,31,38,48,65,79,89.97,4.67,46.45,37.58,3.63,0.32,0.0,19.7,77.0,3.3,1.71,70,0.0001,5.7,27,stable_mid
m_1019,60673,691190,8.0,103,35.57,11.97,0.337,20,27,34,43,57,72,91.31,4.44,44.49,35.19,7.08,0.8,0.0,35.5,63.3,1.2,1.68,10,0.0006,5.7,63,stable_mid
m_1020,63206,691190,8.0,98,38.97,16.05,0.412,20,28,36,46,72,92,89.34,5.01,45.38,35.06,6.94,0.59,0.0,31.1,63.4,5.5,2.0,46,0.0558,7.2,30,stable_mid
m_1021,61342,691190,8.0,101,43.28,14.06,0.325,25,33,41,51,70,88,88.88,5.29,31.19,23.35,7.35,0.57,0.0,15.1,79.9,5.0,1.71,19,0.0354,5.4,54,stable_mid
m_1022,63358,691190,8.0,98,42.75,12.86,0.301,24,33,42,51,66,75,91.31,3.97,40.84,33.35,8.08,0.67,0.0,16.1,81.1,2.8,1.57,1,0.011,5.6,18,stable_mid
m_1023,60525,691180,8.0,103,46.05,11.01,0.239,30,37,45,54,64,74,91.56,3.3,47.14,44.1,7.95,0.86,0.0,4.8,93.3,1.9,1.42,1,-0.0001,5.5,60,stable_mid
m_1024,60256,691180,8.0,103,46.93,12.87,0.274,29,37,45,55,70,83,86.15,6.56,40.89,31.25,10.19,0.6,0.0,5.6,89.2,5.2,1.56,12,0.018,5.9,64,stable_mid
m_1025,59667,691190,8.0,104,44.12,11.14,0.252,29,36,43,51,64,77,91.39,3.32,42.66,34.76,7.67,0.62,0.0,6.4,91.2,2.4,1.49,38,0.0344,5.8,83,stable_mid
m_1026,62932,688080,7.96,98,54.69,12.38,0.226,32,47,56,64,73,75,90.8,3.7,46.03,33.65,6.35,0.47,0.0,3.2,83.7,13.1,1.3,5,-0.0146,5.7,38,stable_high
m_1027,61715,691190,8.0,101,38.71,12.08,0.312,22,30,37,46,61,76,91.4,3.62,42.15,32.5,7.81,0.38,0.0,24.1,74.2,1.7,1.65,7,-0.0057,5.6,46,stable_mid
m_1028,61012,691190,8.0,102,37.07,12.89,0.348,20,27,35,45,61,76,90.95,3.93,42.31,32.83,8.5,0.5,0.0,32.5,65.5,1.9,1.74,31,0.0166,5.8,45,stable_mid
m_1029,61560,685840,7.94,100,42.41,14.87,0.351,23,32,40,50,72,89,91.31,3.48,31.77,26.0,6.91,0.75,0.0,17.8,76.6,5.6,1.8,166,0.0601,6.2,36,stable_mid
m_986,61237,691190,8.0,102,46.54,11.86,0.255,30,37,45,55,67,77,91.42,3.53,45.42,37.31,8.27,1.04,0.0,5.0,91.9,3.1,1.49,36,0.0044,5.7,62,stable_mid
m_987,61524,691180,8.0,101,45.0,10.68,0.237,30,37,44,52,64,75,91.49,3.2,45.02,38.82,8.41,0.79,0.0,4.8,93.4,1.9,1.45,1,0.0378,6.6,45,stable_mid
m_988,62250,687910,7.96,99,39.59,12.61,0.318,23,30,38,47,63,78,89.49,5.56,48.86,39.72,8.21,0.64,0.0,23.1,74.5,2.3,1.66,73,0.0169,5.7,33,stable_mid
m_989,61119,689410,7.98,102,39.74,11.92,0.3,23,31,38,47,61,74,91.38,3.47,44.03,35.22,7.68,0.57,0.0,20.9,77.7,1.5,1.61,3,-0.0054,5.6,66,stable_mid
m_990,61678,682510,7.9,100,4.62,1.03,0.223,3,4,5,5,6,7,86.31,0.94,17.88,12.98,1.06,0.97,41.8,58.2,0.0,0.0,1.2,0,0.0038,7.0,39,idle_pure
m_991,63115,689410,7.98,98,30.94,13.04,0.421,14,21,28,39,55,70,90.39,3.68,34.59,24.26,4.87,0.61,0.0,53.4,45.6,1.1,1.96,0,0.0152,6.5,37,stable_mid
m_992,62317,691070,8.0,100,43.18,12.51,0.29,26,34,41,51,66,77,90.84,3.74,39.26,30.67,10.35,0.88,0.0,12.2,84.6,3.2,1.61,108,0.0274,5.5,48,stable_mid
m_993,59529,679150,7.86,103,38.22,12.17,0.318,22,29,36,46,60,75,91.43,3.76,48.71,38.69,7.14,0.43,0.0,26.8,71.6,1.7,1.67,61,-0.0069,5.5,82,stable_mid
m_994,62022,691190,8.0,100,45.2,11.8,0.261,28,36,44,53,66,76,90.38,3.97,53.19,41.64,8.59,0.71,0.0,7.0,90.0,3.0,1.5,12,0.0009,6.4,63,stable_mid
m_995,63234,682620,7.9,97,40.88,13.47,0.329,24,31,39,48,65,91,91.09,3.8,28.93,20.01,7.57,0.36,0.0,19.7,76.8,3.5,1.67,48,0.045,5.6,27,stable_mid
m_996,63010,691190,8.0,99,30.68,12.51,0.408,14,21,29,38,53,68,89.75,4.42,39.72,29.02,4.83,0.6,0.0,51.8,47.2,0.9,1.83,11,0.0065,5.5,22,stable_mid
m_997,60761,691190,8.0,102,45.13,12.24,0.271,26,36,44,54,66,74,91.3,3.78,46.43,40.45,11.13,0.9,0.0,10.5,87.3,2.2,1.5,7,0.025,5.6,74,stable_mid
m_998,62201,691190,8.0,100,30.42,13.25,0.436,13,21,28,38,56,72,89.06,5.59,44.05,32.27,5.98,0.42,0.0,54.4,44.3,1.2,2.0,28,0.0135,9.0,27,stable_mid
m_999,61135,687100,7.95,101,50.47,15.04,0.298,26,39,51,62,74,81,90.5,4.37,58.52,35.61,4.79,0.42,0.0,9.0,79.7,11.3,1.45,266,-0.0023,5.6,42,stable_high
m_1030,63156,691180,8.0,98,39.62,12.83,0.324,22,30,38,48,63,77,91.26,3.44,43.39,35.03,7.5,0.75,0.0,23.9,74.0,2.1,1.66,6,0.0005,5.7,45,stable_mid
m_1031,62322,691190,8.0,100,42.12,11.75,0.279,26,33,41,50,63,76,91.38,3.89,44.95,36.51,6.37,0.63,0.0,13.5,84.4,2.1,1.54,29,0.0161,5.6,50,stable_mid
m_1032,60180,688090,7.96,103,42.56,11.85,0.279,26,33,41,51,64,75,90.71,4.32,49.35,44.69,12.68,0.71,0.0,13.2,84.7,2.1,1.56,3,0.0329,5.5,73,stable_mid
m_1033,62433,685820,7.94,99,46.4,14.26,0.307,28,36,44,55,74,86,89.64,5.05,44.45,36.88,10.13,0.54,0.0,8.4,84.6,7.0,1.68,5,0.0592,5.6,36,stable_mid
m_1034,60904,691190,8.0,102,31.36,12.66,0.404,14,22,30,39,55,69,87.15,6.91,34.99,24.55,3.34,0.62,0.0,49.6,49.5,0.9,1.83,10,-0.0052,5.6,54,stable_mid
m_1035,61448,684710,7.92,100,28.94,13.14,0.454,11,19,27,37,52,68,90.47,4.18,39.64,28.34,5.29,0.52,0.0,57.3,41.7,0.9,1.93,7,0.01,5.6,27,stable_mid
m_1036,61302,691190,8.0,101,45.23,11.37,0.251,29,37,44,52,66,76,91.66,3.5,45.43,37.09,7.46,0.84,0.0,5.8,91.3,2.9,1.5,27,-0.0228,5.6,74,stable_mid
m_1037,62036,691180,8.0,100,37.86,12.91,0.341,20,28,36,46,61,77,91.4,3.62,40.05,30.24,7.42,0.54,0.0,29.3,68.8,1.9,1.69,14,-0.0041,5.6,61,stable_mid
m_1038,62092,687460,7.96,100,37.41,12.39,0.331,21,28,35,45,61,73,90.72,4.91,40.22,28.71,6.5,0.47,0.0,30.4,68.0,1.5,1.74,24,-0.0037,5.6,42,stable_mid
m_1039,62369,689090,7.98,99,37.51,16.06,0.428,18,26,34,45,69,90,88.04,5.42,42.72,31.72,9.98,0.73,0.0,36.0,59.1,4.9,2.03,10,0.0715,5.4,29,stable_mid
m_1041,60806,684610,7.92,101,45.25,11.88,0.262,28,36,44,53,67,75,91.99,3.25,47.99,45.64,12.44,0.79,0.0,7.2,89.9,3.0,1.52,12,0.0131,5.5,61,stable_mid
m_1042,62672,691180,8.0,99,39.0,13.03,0.334,22,29,37,46,62,83,90.97,4.14,45.8,36.52,5.9,0.51,0.0,25.3,72.2,2.6,1.68,218,0.0081,5.6,63,stable_mid
m_1043,63233,691190,8.0,98,47.98,13.32,0.278,29,38,46,57,74,80,91.02,3.8,61.7,55.61,18.01,0.34,0.0,5.2,86.7,8.2,1.61,133,0.0115,6.1,36,stable_mid
m_1044,60920,689990,7.99,102,43.31,14.19,0.328,25,33,41,51,73,86,92.0,3.29,43.44,36.64,8.48,0.61,0.0,14.2,80.2,5.7,1.78,97,0.0837,8.3,60,stable_mid
m_1045,60041,687790,7.96,103,33.78,15.89,0.47,15,22,31,41,61,94,90.07,4.15,41.24,29.27,5.91,0.42,0.0,45.9,50.6,3.5,1.97,14,0.0477,5.7,76,stable_mid
m_1046,61606,691190,8.0,101,41.07,12.18,0.297,24,32,40,49,63,76,91.59,3.13,35.23,28.63,8.87,0.7,0.0,17.5,80.6,1.9,1.58,5,0.0093,5.6,63,stable_mid
m_1047,62666,679830,7.87,98,33.39,13.1,0.392,16,24,31,41,58,72,89.74,4.4,41.04,30.59,5.92,0.55,0.0,45.6,53.3,1.2,1.87,8,-0.011,5.6,28,stable_mid
m_1048,58545,691070,8.0,106,41.42,13.56,0.327,22,31,40,50,66,79,91.71,3.5,42.59,34.01,8.99,0.57,0.0,20.6,76.1,3.4,1.65,229,0.0119,6.3,54,stable_mid
m_1049,60702,683870,7.92,101,31.86,14.87,0.467,14,21,29,39,57,90,89.9,4.32,39.34,28.81,5.29,0.55,0.0,51.1,46.4,2.5,1.97,11,0.0531,5.7,60,stable_mid
m_1050,63687,691190,8.0,98,43.68,12.44,0.285,26,34,42,52,66,79,91.17,3.39,47.58,38.15,7.41,0.59,0.0,12.0,85.0,3.0,1.57,66,0.0058,5.8,37,stable_mid
m_1051,61620,687090,7.95,100,38.92,13.69,0.352,21,29,36,47,65,79,90.39,4.16,42.08,31.73,9.59,0.64,0.0,28.0,69.0,2.9,1.81,19,0.0245,5.7,45,stable_mid
m_1052,62703,682510,7.9,98,45.21,13.34,0.295,27,35,43,53,70,83,90.49,3.95,43.16,35.23,7.63,0.66,0.0,9.1,85.6,5.3,1.63,40,0.0636,5.4,46,stable_mid
m_1053,62111,691130,8.0,100,44.23,12.15,0.275,27,35,43,52,66,77,90.72,4.34,48.66,41.39,11.26,0.87,0.0,10.0,87.3,2.8,1.53,2,-0.0179,5.5,39,stable_mid
m_1054,61460,690420,7.99,101,39.34,18.56,0.472,18,26,35,48,83,93,88.0,5.43,49.3,36.98,8.54,0.44,0.0,36.0,54.9,9.1,2.37,82,-0.0307,5.7,45,stable_mid
m_1055,61373,679140,7.86,100,44.27,12.55,0.284,26,35,43,52,67,78,90.7,4.35,47.14,41.87,3.79,0.37,0.0,10.5,86.3,3.2,1.56,96,-0.0289,5.5,51,stable_mid
m_1056,61935,691190,8.0,100,33.08,12.53,0.379,17,24,31,40,56,72,91.99,3.09,39.3,28.5,5.52,0.54,0.0,44.7,54.1,1.2,1.81,8,-0.0039,5.7,63,stable_mid
m_1057,63104,691190,8.0,99,43.19,14.64,0.339,24,32,41,51,71,88,91.33,3.5,47.22,38.85,7.48,0.58,0.0,16.6,78.1,5.4,1.73,1,0.0389,5.6,54,stable_mid
m_1058,61037,691190,8.0,102,41.58,13.82,0.332,22,31,40,51,67,78,89.31,4.97,43.16,34.38,9.26,1.01,0.0,21.0,75.4,3.5,1.68,12,0.0189,6.1,81,stable_mid
m_1059,61857,691190,8.0,100,43.8,11.94,0.273,27,35,42,52,65,76,90.8,4.3,46.01,33.37,6.8,0.9,0.0,9.4,88.1,2.5,1.55,0,0.0398,5.8,44,stable_mid
m_1060,61843,691190,8.0,101,42.84,12.4,0.29,25,33,41,51,65,78,90.88,4.2,45.29,34.58,7.9,0.65,0.0,13.4,84.1,2.5,1.59,26,0.0053,5.5,54,stable_mid
m_1061,62243,691180,8.0,100,44.47,13.29,0.299,27,35,42,52,69,89,91.01,3.7,47.29,40.78,3.88,0.39,0.0,9.9,85.4,4.6,1.64,23,0.0636,5.4,56,stable_mid
m_1062,61177,691190,8.0,102,41.39,12.87,0.311,24,32,40,49,66,78,89.24,4.89,42.13,30.27,8.29,0.59,0.0,18.6,78.4,3.0,1.65,26,0.0405,5.5,58,stable_mid
m_1063,60234,691190,8.0,103,31.86,13.04,0.409,15,22,29,39,56,74,90.02,4.48,35.54,24.02,4.95,0.36,0.0,50.2,48.3,1.5,1.93,101,0.0092,5.8,72,stable_mid
m_1064,62473,687800,7.96,99,43.56,10.95,0.251,28,35,43,51,63,74,87.87,5.53,48.25,43.83,7.99,0.72,0.0,8.5,89.9,1.6,1.47,0,0.0117,6.6,40,stable_mid
m_1065,58984,683850,7.91,104,46.97,11.75,0.25,30,38,46,55,68,76,91.3,4.17,44.82,39.77,10.31,0.75,0.0,4.6,91.7,3.7,1.48,23,0.0152,5.8,90,stable_mid
m_1066,62797,689990,7.99,99,35.41,14.56,0.411,18,25,33,43,62,90,89.43,4.79,40.36,29.58,11.36,0.54,0.0,40.0,56.8,3.2,1.88,7,0.0548,5.6,63,stable_mid
m_1067,61980,691190,8.0,100,43.2,12.65,0.293,25,34,42,52,65,78,90.67,4.69,44.25,34.91,8.11,0.77,0.0,14.2,83.0,2.8,1.55,113,-0.003,5.6,45,stable_mid
m_1068,60309,691190,8.0,103,32.7,13.21,0.404,15,23,31,40,56,74,90.26,4.05,43.15,32.97,6.86,0.48,0.0,46.1,52.5,1.4,1.81,7,-0.0179,6.2,81,stable_mid
m_1069,62522,691190,8.0,99,43.97,12.4,0.282,26,34,43,52,66,78,91.39,3.62,47.2,39.55,8.06,0.86,0.0,11.6,85.5,2.9,1.53,36,0.019,5.7,36,stable_mid
m_1070,59359,691190,8.0,105,35.5,15.38,0.433,16,25,33,43,63,92,88.14,5.7,45.02,32.57,7.39,0.44,0.0,39.9,56.5,3.6,1.91,41,0.0537,9.8,54,stable_mid
m_1071,60168,691190,8.0,103,36.95,12.82,0.347,20,27,35,45,61,76,89.37,4.36,41.26,32.32,5.86,0.58,0.0,32.6,65.7,1.7,1.74,11,0.0142,5.4,55,stable_mid
m_1072,60572,679840,7.87,101,45.05,14.6,0.324,26,34,43,53,74,87,90.41,4.1,42.59,33.97,8.86,0.74,0.0,11.8,81.8,6.4,1.72,55,0.0823,5.4,65,stable_mid
m_1073,60200,691190,8.0,103,44.2,11.06,0.25,28,36,43,51,64,75,91.18,3.73,48.48,40.47,11.33,0.53,0.0,6.7,91.3,1.9,1.49,24,0.0025,6.5,54,stable_mid
m_1075,62040,691190,8.0,100,40.69,13.56,0.333,22,30,39,50,65,78,89.69,4.66,36.41,29.57,10.58,0.74,0.0,23.6,73.7,2.7,1.67,22,0.0058,5.6,45,stable_mid
m_1076,60523,689020,7.97,102,40.45,13.88,0.343,22,30,38,49,66,81,88.47,5.84,46.35,36.76,10.09,0.47,0.0,23.7,73.0,3.3,1.74,68,-0.0002,5.6,54,stable_mid
m_1077,59578,688790,7.97,104,3.23,0.59,0.181,3,3,3,3,4,5,85.99,0.92,20.07,15.21,1.03,0.02,96.6,3.4,0.0,0.0,1.33,0,0.0035,5.7,90,idle_pure
m_1078,61397,691190,8.0,101,45.08,13.44,0.298,27,35,43,53,70,87,89.85,4.4,41.98,35.81,3.54,0.4,0.0,8.8,86.1,5.1,1.63,77,0.0423,5.6,63,stable_mid
m_1079,60164,691180,8.0,103,29.79,13.26,0.445,13,20,27,37,54,71,88.51,4.76,38.22,26.85,5.99,0.9,0.0,57.4,41.5,1.1,2.0,38,-0.0168,5.6,64,stable_mid
m_1080,63439,691190,8.0,98,43.38,12.45,0.287,27,34,42,51,65,84,92.38,3.0,44.11,38.44,10.45,0.72,0.0,11.6,85.4,3.0,1.55,0,0.0652,5.6,41,stable_mid
m_1081,61772,688510,7.97,100,49.06,10.13,0.206,33,42,49,56,66,74,90.78,3.57,42.27,36.23,7.45,0.58,0.0,1.8,95.8,2.4,1.35,0,-0.0052,8.1,47,stable_mid
m_1082,61852,690440,7.99,100,41.17,13.01,0.316,24,31,39,49,65,79,90.47,4.04,38.08,29.12,7.52,0.65,0.0,19.9,76.8,3.2,1.67,106,0.0251,5.7,54,stable_mid
m_1083,61591,689410,7.98,101,48.77,11.22,0.23,32,40,48,57,69,75,89.47,4.28,45.22,38.42,8.77,0.63,0.0,2.7,93.2,4.2,1.44,1,-0.0398,5.6,46,stable_mid
m_1084,61574,691190,8.0,101,33.73,12.33,0.366,17,25,32,41,56,72,90.36,3.8,40.52,30.28,5.65,0.5,0.0,41.3,57.5,1.2,1.75,19,-0.0144,5.7,72,stable_mid
m_1085,60774,691190,8.0,102,38.38,13.21,0.344,21,29,36,46,63,79,91.7,3.25,36.07,25.1,7.04,0.41,0.0,28.4,69.1,2.5,1.75,59,0.0098,5.7,45,stable_mid
m_1086,62239,691190,8.0,100,5.45,1.02,0.188,4,5,5,6,7,8,94.71,0.92,27.52,21.39,1.02,0.05,16.6,83.4,0.0,0.0,1.4,0,0.0037,5.5,54,stable_low
m_1087,60939,691190,8.0,102,40.35,13.0,0.322,23,31,38,48,65,77,91.66,3.61,39.05,31.37,8.46,0.94,0.0,21.1,75.9,3.0,1.71,95,0.0326,5.8,45,stable_mid
m_1088,61717,691190,8.0,101,34.71,13.01,0.375,18,25,32,42,60,76,91.23,4.1,39.82,29.5,7.09,0.44,0.0,40.9,57.4,1.6,1.88,46,0.0247,5.7,62,stable_mid
m_1089,61250,690520,7.99,101,44.68,11.74,0.263,28,36,43,52,66,76,91.22,4.21,39.56,32.19,8.41,0.55,0.0,7.7,89.7,2.7,1.53,79,0.028,5.6,62,stable_mid
m_1090,60966,687910,7.96,102,12.0,3.4,0.284,6,10,12,15,16,17,87.29,1.71,18.13,14.3,1.03,0.0,2.1,97.9,0.0,0.0,1.33,0,0.0302,6.0,63,stable_low
m_1091,59761,688090,7.96,104,39.18,12.59,0.321,23,30,37,47,62,79,91.19,3.59,44.34,34.72,6.91,0.47,0.0,23.8,73.9,2.3,1.68,32,0.0276,5.6,79,stable_mid
m_1092,62636,683270,7.91,98,45.63,12.1,0.265,28,36,45,54,66,76,91.27,3.83,54.23,45.68,6.78,0.95,0.0,8.0,89.2,2.8,1.47,45,0.0071,5.7,27,stable_mid
m_1093,60802,691190,8.0,102,46.9,11.47,0.245,30,38,46,55,67,75,92.1,3.29,42.15,39.49,12.53,0.84,0.0,4.9,92.1,3.0,1.46,31,0.0178,5.6,63,stable_mid
m_1094,61090,691190,8.0,102,37.93,13.27,0.35,21,28,36,46,62,80,90.91,4.31,43.2,34.37,8.69,0.56,0.0,30.0,67.6,2.4,1.72,91,0.0253,5.8,63,stable_mid
m_1095,60342,681010,7.88,102,40.62,12.21,0.301,24,31,39,48,63,77,91.45,3.44,46.4,38.27,6.9,0.58,0.0,18.8,79.1,2.2,1.62,10,0.0074,5.8,48,stable_mid
m_1096,62779,691190,8.0,99,33.73,12.98,0.385,16,24,32,41,57,73,90.24,3.71,40.69,30.65,5.95,0.66,0.0,41.3,57.4,1.3,1.78,9,0.011,5.7,61,stable_mid
m_1097,60787,691190,8.0,102,39.26,12.13,0.309,23,30,37,46,62,77,90.87,3.85,37.0,27.65,6.19,0.61,0.0,22.5,75.1,2.4,1.68,50,0.0414,5.6,63,stable_mid
m_1098,60638,674850,7.81,100,41.82,13.42,0.321,25,32,40,49,66,89,91.27,3.45,48.9,38.93,6.62,0.73,0.0,17.0,79.2,3.8,1.65,7,0.0376,5.8,37,stable_mid
m_1099,62252,686860,7.95,99,39.89,11.82,0.296,23,31,39,48,61,70,88.33,9.0,39.57,30.8,47.17,0.76,0.0,20.8,78.1,1.2,1.56,0,0.0307,5.6,53,stable_mid
m_1100,62636,691190,8.0,99,41.18,11.53,0.28,25,33,40,48,62,75,91.62,3.19,43.88,37.14,9.77,0.81,0.0,15.2,83.0,1.8,1.55,50,0.006,5.7,45,stable_mid
m_1101,62546,688790,7.97,99,34.49,12.66,0.367,17,25,33,42,58,72,90.83,3.74,43.01,32.44,3.4,0.61,0.0,38.8,59.9,1.3,1.76,2,-0.0126,6.5,45,stable_mid
m_1102,62519,678280,7.85,98,44.83,12.43,0.277,27,35,44,53,67,78,91.79,3.32,44.45,36.59,12.56,0.59,0.0,9.7,87.0,3.3,1.52,75,0.0164,5.7,36,stable_mid
m_1103,60729,691190,8.0,102,40.12,12.97,0.323,23,30,38,48,63,79,91.41,3.78,38.85,29.63,6.65,0.69,0.0,22.8,74.8,2.4,1.66,41,0.0467,5.6,65,stable_mid
m_1104,61111,691190,8.0,102,42.42,14.38,0.339,23,31,40,51,68,88,88.52,5.66,48.65,38.78,8.58,0.58,0.0,19.6,75.9,4.5,1.7,34,0.0345,5.9,37,stable_mid
m_1105,61596,687850,7.96,101,33.95,13.77,0.406,15,24,32,42,59,74,90.76,3.53,40.89,30.47,6.2,0.56,0.0,42.4,56.0,1.5,1.84,26,0.0233,5.6,72,stable_mid
m_1106,60490,679190,7.86,101,49.71,15.75,0.317,28,37,47,60,79,83,88.43,6.0,46.27,37.06,10.81,0.8,0.0,7.1,77.2,15.7,1.68,1,-0.0379,5.4,54,stable_mid
m_1107,59490,689110,7.98,104,42.69,13.88,0.325,25,33,40,50,70,88,92.03,3.36,44.05,37.82,9.47,0.65,0.0,14.6,80.4,5.0,1.75,3,0.0537,6.2,63,stable_mid
m_1108,60615,679690,7.87,101,41.83,21.92,0.524,16,25,35,55,84,89,89.88,4.32,43.45,31.5,6.62,0.28,0.0,36.9,45.1,18.1,2.4,57,0.216,6.0,63,stable_mid
m_1109,61566,691190,8.0,101,38.07,12.3,0.323,22,29,36,45,60,75,91.7,3.69,41.68,33.66,8.58,0.58,0.0,27.5,70.9,1.7,1.67,27,0.0159,5.5,39,stable_mid
m_1110,62595,687770,7.96,99,47.56,10.82,0.227,31,39,47,55,66,74,90.82,3.8,45.12,39.99,8.61,0.76,0.0,2.8,95.0,2.3,1.4,0,0.0249,5.6,36,stable_mid
m_1111,60793,691190,8.0,102,6.13,1.05,0.172,5,5,6,7,8,9,88.67,1.28,22.69,18.32,2.16,0.0,4.5,95.5,0.0,0.0,1.33,0,0.0034,7.3,60,stable_low
m_1112,60601,691190,8.0,103,38.96,13.2,0.339,21,29,37,47,63,79,85.57,7.52,34.22,27.12,8.16,0.69,0.0,26.5,71.1,2.4,1.7,18,0.0132,5.6,81,stable_mid
m_1113,61709,691180,8.0,101,35.32,12.67,0.359,19,26,33,43,58,72,90.26,4.89,44.9,36.53,7.37,0.52,0.0,38.4,60.3,1.3,1.76,47,0.0137,5.6,45,stable_mid
m_1114,61959,691190,8.0,100,31.86,14.02,0.44,14,21,29,40,58,74,88.02,4.97,42.06,30.8,7.29,0.68,0.0,51.0,47.5,1.5,2.0,61,-0.0245,5.6,36,stable_mid
m_1115,62279,691190,8.0,100,31.4,12.59,0.401,15,22,29,39,54,71,90.62,3.72,34.9,24.74,5.12,0.68,0.0,51.2,47.7,1.1,1.86,10,0.0087,5.6,44,stable_mid
m_1116,63078,691190,8.0,99,41.12,12.38,0.301,24,32,40,49,64,75,91.44,3.57,37.52,29.26,7.66,0.69,0.0,18.0,79.8,2.3,1.6,31,0.0479,5.4,45,stable_mid
m_1117,63038,691190,8.0,99,37.59,12.76,0.339,20,28,36,45,60,78,90.81,4.6,44.68,34.32,7.54,0.45,0.0,29.5,68.7,1.8,1.67,58,0.0116,5.5,45,stable_mid
m_1118,61233,690120,7.99,101,35.45,15.59,0.44,16,24,33,43,63,92,89.91,4.21,40.97,30.47,6.99,0.47,0.0,40.4,55.9,3.7,1.91,24,0.0514,5.6,54,stable_mid
m_1119,61030,682500,7.9,101,42.6,12.05,0.283,25,33,41,51,63,75,91.19,4.23,36.89,28.43,7.75,0.84,0.0,13.7,84.4,1.9,1.54,1,0.0188,5.6,54,stable_mid
m_1120,62594,689410,7.98,99,21.42,3.56,0.166,16,18,22,24,27,29,68.15,2.27,7.3,10.33,3.15,0.01,0.0,99.2,0.8,0.0,1.23,0,0.024,5.7,45,stable_mid
m_1121,61749,689980,7.99,101,32.81,12.91,0.394,15,23,31,41,56,70,91.0,3.67,44.89,33.95,5.96,0.56,0.0,45.4,53.6,1.1,1.81,10,0.0215,5.5,62,stable_mid
m_1122,61106,689980,7.99,102,40.0,14.49,0.362,21,30,38,48,66,93,91.42,3.74,40.88,33.34,7.51,0.62,0.0,24.2,72.0,3.8,1.74,42,0.0331,5.5,83,stable_mid
m_1123,62054,688780,7.97,100,16.72,14.04,0.84,3,5,13,26,44,57,86.14,8.6,17.74,12.52,2.64,0.54,21.5,59.5,18.6,0.4,3.38,3,0.0258,6.2,59,bursty
m_1124,60447,677820,7.85,101,9.08,1.81,0.199,6,8,9,10,12,14,95.45,1.24,25.49,22.38,3.58,0.99,0.0,100.0,0.0,0.0,1.33,0,-0.0012,5.7,54,stable_low
m_1125,62057,689070,7.98,100,38.85,12.52,0.322,22,29,37,46,62,76,90.99,3.69,59.6,51.7,6.98,0.8,0.0,25.3,72.8,1.9,1.68,12,0.0293,6.6,45,stable_mid
m_1126,62559,689120,7.98,99,43.32,14.1,0.325,25,33,41,52,71,81,91.17,4.0,44.04,39.37,9.74,0.87,0.0,15.4,78.9,5.7,1.73,341,0.0044,5.5,54,stable_mid
m_1127,63240,682700,7.9,97,44.88,13.62,0.304,27,35,43,53,70,88,89.81,5.33,49.56,38.56,8.6,0.58,0.0,10.3,84.4,5.2,1.63,56,0.049,5.6,36,stable_mid
m_1128,60610,691190,8.0,103,45.02,11.55,0.257,29,36,44,53,65,77,90.85,3.88,47.59,39.09,7.99,0.56,0.0,6.4,91.0,2.7,1.48,1,0.0179,5.6,45,stable_mid
m_1129,59919,673030,7.79,101,33.18,12.55,0.378,16,24,31,41,56,70,89.94,4.43,41.67,28.8,4.82,0.33,0.0,44.6,54.3,1.1,1.81,3,-0.0106,5.5,55,stable_mid
m_1130,60158,690110,7.99,103,42.0,12.9,0.307,25,32,40,50,66,79,91.03,4.16,43.87,34.48,8.68,0.46,0.0,17.0,79.5,3.5,1.65,64,0.031,5.4,82,stable_mid
m_1131,60814,691190,8.0,102,38.12,14.23,0.373,19,27,36,47,65,77,87.08,5.69,48.29,35.33,9.81,0.49,0.0,31.0,65.6,3.3,1.81,45,-0.0247,5.6,55,stable_mid
m_1132,61490,689990,7.99,101,36.94,15.2,0.411,18,27,34,43,73,85,91.31,3.75,50.15,41.33,4.97,0.85,0.0,34.6,59.9,5.6,2.15,602,-0.0167,5.6,48,stable_mid
m_1133,62191,691190,8.0,100,47.79,12.01,0.251,30,39,47,56,68,81,90.99,3.45,45.01,37.71,8.09,0.65,0.0,3.9,91.7,4.4,1.45,22,0.0324,5.4,45,stable_mid
m_1134,60606,691190,8.0,103,39.97,12.64,0.316,23,30,38,48,63,77,90.17,4.28,42.93,33.75,8.66,0.5,0.0,22.2,75.7,2.1,1.66,28,0.017,5.6,54,stable_mid
m_1135,61440,688780,7.97,101,40.9,11.97,0.293,24,32,39,49,62,73,91.51,3.35,42.58,31.4,9.91,0.47,0.0,18.0,80.5,1.5,1.59,31,-0.0046,5.7,80,stable_mid
m_1136,61325,689110,7.98,101,45.16,11.84,0.262,27,36,44,53,66,75,92.04,3.34,52.81,41.69,8.23,0.51,0.0,8.2,89.3,2.4,1.5,61,-0.0091,5.6,63,stable_mid
m_1137,61710,684710,7.92,100,49.34,10.21,0.207,33,42,49,56,66,74,91.55,3.33,46.76,40.11,9.11,0.81,0.0,1.4,96.2,2.4,1.35,0,0.0094,5.7,53,stable_mid
m_1138,60303,691190,8.0,103,47.24,11.71,0.248,29,38,47,56,67,75,91.34,3.57,48.35,43.88,7.5,0.81,0.0,5.5,91.3,3.2,1.43,31,0.0364,6.2,63,stable_mid
m_1139,61803,682780,7.9,99,49.43,15.31,0.31,27,38,47,61,78,84,86.62,6.61,41.19,31.77,7.64,0.74,0.0,8.6,80.0,11.4,1.66,423,0.0791,7.0,39,stable_mid
m_1140,62860,691190,8.0,99,29.72,12.91,0.434,12,20,28,37,53,68,89.44,4.53,35.46,24.15,5.67,0.57,0.0,54.9,44.2,0.9,1.89,4,0.008,5.4,36,stable_mid
m_1141,60190,677590,7.84,101,30.48,12.96,0.425,13,21,28,38,54,70,90.48,3.94,38.84,27.04,5.24,0.73,0.0,53.1,45.8,1.0,1.93,4,0.0245,5.4,63,stable_mid
m_1142,62032,691180,8.0,100,8.35,17.79,2.132,0,0,0,0,50,64,17.44,30.65,0.26,0.21,0.89,0.0,80.2,2.9,16.2,0.6,50.0,1,0.2136,5.5,37,bursty
m_1143,60754,691190,8.0,102,36.97,15.77,0.427,18,25,34,45,67,93,86.65,5.82,46.65,35.43,4.15,0.21,0.0,37.8,58.0,4.2,1.97,105,0.0442,10.6,66,stable_mid
m_1144,60837,691190,8.0,102,49.62,12.28,0.247,32,41,49,57,72,82,91.09,3.62,44.19,36.83,8.68,0.68,0.0,2.8,91.1,6.1,1.47,13,0.0462,5.5,75,stable_mid
m_1145,60753,671120,7.77,99,44.4,11.3,0.254,28,36,43,52,64,75,81.56,10.54,44.61,36.7,10.65,0.62,0.0,7.5,90.4,2.2,1.49,3,0.0222,5.5,32,stable_mid
m_1146,61634,691190,8.0,101,44.32,14.2,0.32,20,35,44,54,69,76,88.31,7.15,36.88,24.88,6.31,0.17,0.0,14.8,80.4,4.8,1.57,8,0.1388,5.5,54,stable_mid
m_1147,60340,691190,8.0,103,32.12,12.41,0.386,16,23,30,39,55,71,90.25,4.09,39.91,28.64,5.44,0.7,0.0,47.5,51.4,1.1,1.83,11,0.014,5.5,54,stable_mid
m_1148,60593,691190,8.0,103,35.85,13.01,0.363,18,26,34,44,59,74,90.4,3.97,40.52,29.66,5.78,0.46,0.0,35.0,63.5,1.5,1.74,5,-0.0334,5.6,72,stable_mid
m_1149,63984,691190,8.0,97,36.92,14.9,0.404,19,26,34,44,65,90,90.18,4.28,44.91,35.74,9.08,0.42,0.0,35.4,60.5,4.1,1.91,9,0.0606,5.6,27,stable_mid
m_1150,61645,678390,7.85,99,33.39,13.14,0.394,15,24,31,41,58,73,88.97,4.99,40.61,29.1,5.91,0.5,0.0,43.6,55.0,1.4,1.87,38,-0.0027,5.6,36,stable_mid
m_1151,63399,688790,7.97,98,50.83,11.78,0.232,34,42,49,58,73,84,90.58,3.87,47.25,41.58,9.87,0.4,0.0,1.2,92.1,6.6,1.49,0,0.0304,5.6,42,stable_high
m_1152,63387,688780,7.97,98,33.13,12.78,0.386,15,24,31,41,56,70,88.44,5.37,40.34,28.79,5.54,0.65,0.0,43.9,55.0,1.1,1.81,25,-0.0013,5.9,33,stable_mid
m_1153,60524,682780,7.9,102,40.35,12.83,0.318,22,31,39,49,63,75,91.34,3.8,46.4,38.39,7.06,0.51,0.0,21.5,76.4,2.1,1.62,16,0.0063,5.7,54,stable_mid
m_1154,61319,691180,8.0,101,33.54,13.05,0.389,16,24,32,41,57,73,90.66,3.86,37.48,25.71,5.56,0.62,0.0,43.0,55.7,1.3,1.78,9,0.001,5.6,55,stable_mid
m_1155,62348,687460,7.96,99,37.86,13.95,0.368,21,28,35,45,62,92,91.52,3.44,48.8,36.5,7.15,0.33,0.0,30.4,66.3,3.2,1.77,47,0.0442,5.4,36,stable_mid
m_1156,61871,682510,7.9,99,31.28,12.92,0.413,14,22,29,39,55,72,84.04,14.23,38.9,26.87,5.33,0.52,0.0,51.1,47.7,1.2,1.9,33,0.0138,6.8,50,stable_mid
m_1157,61517,691190,8.0,101,34.02,13.07,0.384,16,24,32,42,58,74,89.68,4.52,41.74,30.4,6.21,0.48,0.0,42.3,56.2,1.5,1.81,23,0.0206,5.5,63,stable_mid
m_1158,60907,679100,7.86,100,45.31,11.73,0.259,28,36,44,54,66,73,91.71,3.7,45.71,39.55,9.48,0.78,0.0,7.2,90.2,2.6,1.5,1,0.0089,6.8,29,stable_mid
m_1159,61336,691190,8.0,101,38.58,12.76,0.331,22,29,36,46,62,78,89.53,5.0,42.37,35.55,9.38,0.6,0.0,26.5,71.2,2.4,1.72,92,0.0003,5.6,54,stable_mid
m_1160,63999,691190,8.0,97,49.99,9.82,0.196,35,43,50,57,66,74,91.11,3.53,40.19,33.91,8.64,0.83,0.0,0.9,96.6,2.5,1.32,0,0.0101,5.6,27,stable_mid
m_1161,61605,689980,7.99,101,47.71,16.64,0.349,25,35,45,59,78,83,90.14,4.38,44.89,38.53,9.55,0.79,0.0,12.3,72.4,15.3,1.73,882,0.0429,5.6,56,stable_mid
m_1162,58128,691190,8.0,107,38.0,12.53,0.33,21,29,36,46,61,76,91.54,3.29,44.47,33.38,7.88,0.53,0.0,28.1,70.1,1.8,1.69,3,0.0206,6.4,70,stable_mid
m_1163,58913,684280,7.92,105,40.83,12.37,0.303,23,32,39,49,64,75,91.79,3.28,49.13,43.47,13.71,0.51,0.0,18.3,79.4,2.2,1.64,30,-0.0071,5.7,72,stable_mid
m_1164,62551,691190,8.0,99,37.76,14.77,0.391,20,27,35,45,64,95,91.8,3.42,40.12,29.79,7.91,0.41,0.0,32.8,63.8,3.4,1.83,13,0.0381,5.5,36,stable_mid
m_1165,62030,691190,8.0,100,33.55,12.63,0.376,17,24,31,41,57,74,87.39,9.49,43.43,33.44,6.85,0.54,0.0,43.8,54.9,1.3,1.84,35,-0.0163,6.7,45,stable_mid
m_1166,60627,691180,8.0,103,44.5,12.4,0.279,27,35,43,53,67,76,90.7,4.27,48.59,40.17,6.33,0.54,0.0,9.6,86.7,3.8,1.56,44,-0.012,5.7,63,stable_mid
m_1167,61068,691190,8.0,102,44.48,12.87,0.289,27,35,43,52,67,87,92.02,3.05,40.96,33.69,9.52,0.71,0.0,10.3,85.9,3.9,1.56,44,0.0306,6.7,56,stable_mid
m_1168,60617,689410,7.98,102,43.49,11.93,0.274,27,35,42,51,65,77,91.79,2.89,43.52,36.32,11.99,0.87,0.0,9.7,87.7,2.6,1.55,152,0.0172,8.3,32,stable_mid
m_1169,59972,690680,7.99,104,39.46,14.98,0.38,21,29,37,47,66,93,90.4,4.92,46.19,34.13,7.21,0.4,0.0,27.3,68.6,4.1,1.78,182,0.0393,5.7,90,stable_mid
m_1170,62939,691190,8.0,99,41.11,13.54,0.329,24,31,39,48,66,86,90.92,4.12,46.01,36.33,7.21,0.66,0.0,19.9,76.1,4.1,1.69,52,0.0377,5.6,44,stable_mid
m_1171,63046,691180,8.0,99,39.14,13.79,0.352,21,29,37,48,64,81,89.94,4.46,46.17,36.55,8.0,0.67,0.0,27.8,69.2,3.0,1.73,78,-0.0017,6.2,36,stable_mid
m_1172,62529,691190,8.0,99,42.95,12.38,0.288,25,34,42,51,65,77,91.78,3.33,53.12,42.8,7.51,0.97,0.0,14.5,82.7,2.8,1.55,101,0.0042,5.5,63,stable_mid
m_1173,62486,689920,7.99,99,6.75,1.51,0.224,4,6,7,8,9,10,86.63,0.7,17.33,13.13,1.09,0.06,6.9,93.1,0.0,0.0,1.29,0,0.0075,6.4,36,stable_low
m_1174,62477,691190,8.0,100,28.87,12.59,0.436,12,20,27,36,53,69,86.77,6.83,39.14,28.03,5.08,0.51,0.0,59.3,39.7,0.9,1.96,25,-0.014,6.3,36,stable_mid
m_1175,61007,679820,7.87,100,52.26,10.38,0.199,36,45,52,59,71,77,91.5,3.15,47.15,41.76,11.78,0.71,0.0,0.7,93.5,5.8,1.37,0,0.0629,6.0,55,stable_high
m_1176,60568,691190,8.0,103,45.32,13.06,0.288,27,35,44,54,69,79,85.51,7.24,48.38,38.74,8.31,0.41,0.0,10.0,85.2,4.8,1.57,17,0.0215,5.6,65,stable_mid
m_1177,61664,691190,8.0,101,40.75,12.82,0.315,23,31,39,49,64,77,91.45,3.44,47.49,38.29,7.98,0.53,0.0,20.2,77.4,2.4,1.64,6,0.0183,5.6,54,stable_mid
m_1178,60584,685260,7.93,102,39.89,13.27,0.333,21,30,38,48,64,79,91.81,3.32,41.69,31.93,7.59,0.46,0.0,23.0,74.5,2.5,1.68,101,0.016,5.7,63,stable_mid
m_1179,63005,691190,8.0,99,41.21,11.93,0.289,24,32,40,49,62,74,90.97,4.02,45.51,36.85,9.78,0.28,0.0,17.0,81.1,1.9,1.55,20,-0.0072,5.7,37,stable_mid
m_1180,62080,686410,7.94,100,41.55,13.09,0.315,23,32,40,50,66,78,91.13,3.46,45.05,36.66,7.58,0.41,0.0,18.7,78.3,3.0,1.65,71,-0.0012,6.2,45,stable_mid
m_1181,60453,690680,7.99,103,36.28,16.84,0.464,17,25,33,43,70,95,90.6,5.37,45.38,34.54,6.17,0.32,0.0,40.7,54.2,5.1,2.12,106,0.0754,5.8,54,stable_mid
m_1182,63236,691190,8.0,98,35.02,16.57,0.473,16,23,31,42,68,94,88.19,5.93,41.52,29.62,7.15,0.43,0.0,44.5,50.8,4.7,2.19,25,0.0717,5.6,54,stable_mid
m_1183,62303,691190,8.0,100,33.11,13.26,0.401,15,23,31,41,57,72,89.82,4.5,40.27,29.23,5.05,0.67,0.0,44.1,54.6,1.3,1.84,44,0.0146,5.6,63,stable_mid
m_1184,59782,679720,7.87,102,27.89,12.04,0.432,12,19,26,35,50,64,89.3,4.76,41.46,30.18,4.41,0.87,0.0,60.9,38.4,0.7,1.92,5,0.0021,5.5,66,stable_mid
m_1185,62119,691190,8.0,100,40.99,12.4,0.303,23,32,39,49,64,75,91.4,3.43,50.5,45.64,7.95,1.01,0.0,18.0,79.7,2.2,1.64,6,0.0196,5.5,54,stable_mid
m_1186,62148,689930,7.99,100,29.75,12.6,0.424,13,20,28,38,52,68,88.98,4.76,34.35,23.37,4.94,0.68,0.0,55.3,43.9,0.9,1.86,16,0.0036,5.6,56,stable_mid
m_1187,61336,691190,8.0,101,43.87,13.35,0.304,25,34,42,52,67,87,91.08,3.95,43.02,38.44,11.01,0.71,0.0,13.7,82.5,3.8,1.6,68,0.0295,5.6,79,stable_mid
m_1188,59689,684280,7.92,103,40.68,12.16,0.299,24,31,39,48,63,77,90.8,4.47,46.25,37.41,7.01,0.74,0.0,18.9,79.1,2.0,1.62,32,0.0034,5.5,72,stable_mid
m_1189,61639,691190,8.0,101,42.8,11.02,0.258,27,35,41,50,63,73,90.6,4.7,43.57,34.9,8.68,0.42,0.0,9.1,89.2,1.7,1.54,0,0.0107,5.6,63,stable_mid
m_1190,61573,691190,8.0,101,33.78,12.95,0.383,16,24,32,41,57,74,91.5,3.59,47.51,36.79,6.02,0.53,0.0,41.9,56.8,1.3,1.78,41,0.0004,5.9,70,stable_mid
m_1191,63077,691190,8.0,99,33.58,16.27,0.485,15,23,30,40,62,96,90.53,3.83,38.84,26.19,4.9,0.48,0.0,48.0,47.8,4.2,2.07,4,0.0761,5.9,52,stable_mid
m_1192,62334,691190,8.0,100,43.19,11.5,0.266,27,34,42,51,63,74,92.22,3.03,43.82,37.25,9.18,0.63,0.0,11.2,87.0,1.9,1.5,0,-0.0166,5.6,54,stable_mid
m_1193,62339,687470,7.96,99,37.48,13.85,0.369,18,27,36,46,62,78,89.58,4.57,40.14,30.91,6.12,0.65,0.0,32.8,64.9,2.3,1.72,45,0.0382,6.3,49,stable_mid
m_1194,62558,691190,8.0,99,38.94,12.14,0.312,23,30,37,46,61,75,91.14,4.09,46.63,38.03,8.02,0.59,0.0,24.1,74.2,1.8,1.65,4,0.0317,5.5,50,stable_mid
m_1195,59685,688900,7.97,104,48.15,11.87,0.246,30,39,47,57,68,78,89.36,4.83,47.98,39.84,7.34,0.46,0.0,4.1,91.9,4.0,1.45,35,0.0088,5.6,68,stable_mid
m_1196,61128,664800,7.69,98,42.19,12.66,0.3,25,33,40,50,65,79,90.94,4.14,38.09,27.36,7.81,0.49,0.0,15.6,81.3,3.1,1.62,54,-0.0043,8.3,19,stable_mid
m_1197,59425,681000,7.88,103,42.57,12.7,0.298,25,33,41,51,66,79,89.61,4.61,46.9,39.35,9.87,0.6,0.0,15.1,81.8,3.1,1.61,40,-0.0029,5.6,54,stable_mid
m_1198,60440,691190,8.0,103,45.08,12.81,0.284,25,36,44,55,66,75,91.91,3.79,46.46,38.14,9.25,0.82,0.0,12.1,85.3,2.6,1.5,47,0.009,6.5,57,stable_mid
m_1199,61163,680090,7.87,100,38.25,13.02,0.34,20,29,37,46,62,80,91.71,3.4,39.89,29.56,8.76,0.47,0.0,26.9,70.7,2.4,1.68,172,0.0022,9.0,45,stable_mid
m_1200,60024,668710,7.74,100,38.15,13.13,0.344,21,28,36,46,63,79,91.02,3.71,49.42,39.12,7.73,0.66,0.0,29.0,68.8,2.2,1.75,103,-0.0007,5.6,35,stable_mid
m_1201,61952,691190,8.0,100,44.54,12.05,0.271,27,35,43,53,66,74,91.83,3.6,41.41,33.8,9.21,0.73,0.0,10.2,87.4,2.5,1.53,24,-0.0022,5.5,63,stable_mid
m_1202,62113,689100,7.98,100,38.69,14.52,0.375,20,28,36,46,64,94,91.79,3.08,41.79,33.0,6.96,0.45,0.0,28.4,68.1,3.4,1.78,27,0.0362,5.6,45,stable_mid
m_1203,61116,684110,7.92,101,42.46,11.94,0.281,25,34,41,50,64,75,91.15,3.71,42.42,34.65,9.31,0.65,0.0,13.7,84.2,2.1,1.56,8,0.0037,5.6,45,stable_mid
m_1204,62029,691190,8.0,100,30.06,12.8,0.426,12,21,28,37,53,69,90.74,3.89,35.44,25.02,4.85,0.67,0.0,54.3,44.8,1.0,1.89,20,-0.0002,5.6,54,stable_mid
m_1205,61300,676810,7.83,99,41.85,12.64,0.302,24,32,40,50,64,78,89.97,5.34,50.18,40.06,7.6,0.74,0.0,17.1,80.4,2.5,1.6,3,0.0121,5.6,45,stable_mid
m_1206,60126,684600,7.92,102,39.05,12.47,0.319,22,30,37,47,62,75,91.12,3.93,45.0,35.8,6.84,0.4,0.0,24.6,73.6,1.8,1.68,5,-0.0001,5.6,67,stable_mid
m_1207,62211,687910,7.96,100,47.23,12.11,0.256,30,38,46,55,68,84,91.94,3.23,44.13,38.9,10.17,0.82,0.0,4.8,91.0,4.2,1.48,0,0.028,6.1,38,stable_mid
m_1208,59069,691190,8.0,105,44.64,13.56,0.304,27,34,43,53,69,87,91.9,3.24,40.16,33.63,10.13,0.78,0.0,11.3,84.0,4.7,1.6,83,0.032,5.6,72,stable_mid
m_1209,59837,686110,7.94,103,35.37,12.36,0.349,19,26,33,43,58,70,90.29,4.06,42.21,30.56,5.5,0.67,0.0,36.4,62.4,1.1,1.76,1,0.0025,5.5,72,stable_mid
m_1210,58885,683690,7.91,104,43.65,12.98,0.297,26,34,42,51,68,80,91.72,3.1,44.89,36.18,7.33,0.59,0.0,12.6,83.0,4.3,1.62,138,-0.0036,5.7,90,stable_mid
m_1211,60723,679810,7.87,101,42.16,12.18,0.289,25,33,41,50,64,78,87.02,6.6,38.1,28.35,7.61,0.68,0.0,14.6,82.8,2.7,1.56,32,0.0044,5.6,72,stable_mid
m_1212,59792,691190,8.0,104,38.95,13.57,0.348,21,29,37,47,64,80,89.03,5.16,52.8,40.2,8.42,0.56,0.0,27.3,69.9,2.8,1.73,94,0.0101,7.7,77,stable_mid
m_1213,61176,691190,8.0,102,45.11,12.89,0.286,26,35,44,54,68,77,92.01,3.13,43.41,36.75,9.22,0.82,0.0,10.7,85.5,3.8,1.55,145,0.0122,7.3,60,stable_mid
m_1214,59993,691190,8.0,104,38.29,12.74,0.333,21,29,37,46,61,76,91.58,3.36,49.01,35.33,6.1,0.4,0.0,27.4,70.9,1.7,1.65,86,0.0044,5.7,66,stable_mid
m_1215,62679,688900,7.97,99,40.09,15.33,0.382,21,30,37,47,74,89,91.99,3.16,40.4,32.98,8.53,0.86,0.0,24.1,70.1,5.8,2.0,250,0.0465,5.6,45,stable_mid
m_1216,61696,691190,8.0,101,45.63,11.46,0.251,29,37,45,54,65,75,88.55,5.55,45.73,38.78,10.92,0.9,0.0,6.0,91.6,2.4,1.44,1,0.0184,5.6,59,stable_mid
m_1217,61455,691190,8.0,101,38.64,12.54,0.324,22,29,37,46,61,75,91.33,3.56,48.21,37.09,6.23,0.55,0.0,26.1,72.1,1.8,1.65,7,0.0038,6.7,63,stable_mid
m_1218,61664,691070,8.0,101,45.27,12.42,0.274,27,36,44,54,67,76,89.7,4.9,44.35,39.2,10.4,0.91,0.0,9.5,87.4,3.1,1.52,54,0.0199,5.6,36,stable_mid
m_1219,60031,691190,8.0,104,35.51,17.13,0.482,16,24,32,43,70,93,89.04,4.89,42.04,30.22,5.13,0.44,0.0,43.3,51.7,5.0,2.19,23,0.0906,5.7,72,stable_mid
m_1220,63596,685810,7.94,97,39.91,11.32,0.284,25,31,38,47,61,74,90.01,4.03,43.91,39.75,8.45,0.91,0.0,18.2,80.1,1.7,1.61,2,0.0026,5.6,36,stable_mid
m_1221,62368,691190,8.0,100,32.25,12.68,0.393,16,23,30,40,56,70,90.47,3.95,39.59,27.85,5.01,0.66,0.0,48.4,50.6,1.1,1.87,9,0.0192,5.6,45,stable_mid
m_1222,63545,691190,8.0,98,31.33,12.8,0.409,15,22,29,39,55,71,90.34,4.07,34.17,22.81,5.52,0.68,0.0,51.8,47.0,1.1,1.9,6,0.0222,6.5,30,stable_mid
m_1223,64433,690310,7.99,96,31.85,13.04,0.41,14,22,30,40,55,71,91.04,3.28,39.2,28.23,5.15,0.61,0.0,47.5,51.3,1.2,1.83,22,-0.005,5.6,33,stable_mid
m_1224,61217,691190,8.0,102,32.57,12.9,0.396,15,23,31,40,56,72,89.82,4.31,40.03,30.29,5.07,0.45,0.0,46.7,52.1,1.2,1.81,13,-0.0061,10.0,38,stable_mid
m_1225,62126,688000,7.96,100,29.47,12.76,0.433,13,20,27,37,53,69,89.44,5.24,38.3,26.79,4.97,0.59,0.0,56.8,42.2,1.0,1.96,15,0.0057,5.6,33,stable_mid
m_1226,61101,691190,8.0,102,36.99,13.69,0.37,18,27,35,45,62,78,91.33,3.8,43.33,33.34,6.5,0.43,0.0,33.1,64.7,2.2,1.77,146,0.0231,5.6,75,stable_mid
m_1227,62770,691190,8.0,99,45.56,11.63,0.255,29,37,44,53,66,77,91.41,3.47,42.43,33.56,8.93,0.63,0.0,6.1,91.1,2.8,1.5,0,0.014,5.8,36,stable_mid
m_1228,61589,688780,7.97,101,4.81,1.17,0.244,3,4,5,5,7,8,93.35,0.78,24.33,18.71,1.27,0.0,39.6,60.4,0.0,0.0,1.4,0,0.0055,6.3,59,idle_pure
m_1229,61384,691190,8.0,101,5.1,2.41,0.473,3,4,4,5,11,13,86.9,0.43,17.99,13.43,1.04,0.54,54.8,45.2,0.0,0.0,2.75,0,0.0036,5.8,56,stable_low
m_1230,61703,687910,7.96,100,46.71,13.1,0.28,29,37,45,54,72,86,91.13,3.82,42.71,34.6,8.97,0.39,0.0,5.5,88.5,6.0,1.6,75,0.0395,6.6,45,stable_mid
m_1231,61491,685230,7.93,100,40.07,12.99,0.324,22,30,38,48,63,78,91.61,3.41,42.8,33.93,8.1,0.65,0.0,23.4,74.3,2.3,1.66,135,0.0073,5.6,54,stable_mid
m_1232,64228,691190,8.0,97,36.48,13.36,0.366,19,27,34,44,61,79,90.8,4.19,36.88,27.03,7.17,0.37,0.0,34.9,62.9,2.1,1.79,103,0.0055,5.7,27,stable_mid
m_1233,60871,691190,8.0,102,34.52,12.41,0.36,18,25,33,42,57,74,91.07,3.57,40.25,29.83,7.08,0.49,0.0,39.1,59.6,1.3,1.73,74,-0.0191,7.2,41,stable_mid
m_1234,61915,691180,8.0,100,47.65,10.94,0.229,31,39,47,56,66,74,91.33,3.33,47.33,40.76,9.75,0.49,0.0,3.3,94.4,2.3,1.4,5,0.031,5.5,72,stable_mid
m_1235,60005,682780,7.9,102,45.89,13.16,0.287,27,36,45,55,69,79,88.2,5.07,46.29,38.29,10.87,0.83,0.0,9.9,85.5,4.7,1.53,49,0.0117,5.6,63,stable_mid
m_1236,62209,684290,7.92,99,30.92,13.07,0.423,14,21,29,38,55,72,89.96,4.66,39.61,27.47,6.33,0.44,0.0,52.3,46.5,1.2,1.9,10,-0.0018,5.8,45,stable_mid
m_1237,61098,691190,8.0,102,43.38,11.98,0.276,26,34,42,51,65,75,90.97,3.74,47.24,39.5,7.09,0.8,0.0,11.5,86.4,2.1,1.55,5,-0.0327,6.3,41,stable_mid
m_1238,63881,691190,8.0,97,47.77,10.23,0.214,33,40,47,55,66,73,91.47,3.74,45.86,36.61,7.35,0.36,0.0,1.8,95.7,2.5,1.4,18,0.0082,5.6,36,stable_mid
m_1239,62102,687910,7.96,100,28.76,12.25,0.426,13,20,26,36,52,67,91.29,3.13,38.21,26.94,5.27,0.58,0.0,59.2,39.9,0.8,2.0,1,0.0093,6.3,36,stable_mid
m_1240,60558,691180,8.0,103,40.73,12.31,0.302,24,32,39,48,63,76,86.66,8.52,43.98,35.85,8.18,0.42,0.0,18.4,79.3,2.3,1.62,41,0.0083,5.4,63,stable_mid
m_1241,62643,685090,7.93,98,35.3,13.44,0.381,18,25,33,43,60,78,91.22,3.65,42.09,31.97,6.84,0.55,0.0,39.1,58.8,2.0,1.82,85,-0.0095,5.7,39,stable_mid
m_1242,60611,691190,8.0,103,50.6,16.14,0.319,28,39,48,61,79,95,89.82,4.55,44.79,35.88,6.84,0.21,0.0,6.6,81.0,12.4,1.65,86,0.0761,5.6,61,stable_high
m_1243,60938,691190,8.0,102,47.67,12.53,0.263,29,38,47,58,68,74,90.2,4.58,47.47,45.07,8.11,0.84,0.0,6.6,90.2,3.2,1.45,2,-0.0562,7.9,49,stable_mid
m_1244,60209,691190,8.0,103,33.79,13.03,0.386,17,24,32,41,58,74,89.9,4.47,42.41,30.22,9.35,0.51,0.0,43.2,55.3,1.5,1.81,4,-0.001,5.4,73,stable_mid
m_1245,63516,682750,7.9,97,44.46,11.71,0.263,27,35,44,53,64,74,91.4,3.43,51.66,45.55,6.42,0.98,0.0,9.7,88.4,1.9,1.45,10,-0.0143,5.5,35,stable_mid
m_1246,60351,691070,8.0,103,33.04,15.07,0.456,15,22,30,40,59,93,90.21,4.14,34.91,23.38,5.21,0.62,0.0,48.0,49.2,2.8,1.97,5,0.0443,6.9,65,stable_mid
m_1247,62505,685310,7.93,99,44.72,11.12,0.249,29,36,44,52,64,74,91.4,3.59,46.9,39.7,8.83,0.39,0.0,6.5,91.6,1.9,1.45,35,0.0124,5.5,46,stable_mid
m_1248,63456,691190,8.0,98,34.87,13.37,0.383,18,25,32,43,59,77,89.33,4.7,50.26,39.58,7.43,0.4,0.0,41.0,57.1,1.9,1.84,53,0.0466,5.6,37,stable_mid
m_1249,61302,691180,8.0,101,34.02,12.74,0.375,17,24,32,42,57,72,90.38,3.72,41.92,30.47,6.12,0.53,0.0,41.7,57.1,1.2,1.78,3,0.0127,9.3,52,stable_mid
m_1250,61295,682700,7.9,100,43.34,12.77,0.295,26,34,42,51,67,79,91.3,3.4,41.69,32.49,9.71,0.73,0.0,13.1,83.3,3.7,1.6,153,0.013,5.6,46,stable_mid
m_1251,62918,691190,8.0,99,41.05,12.0,0.292,24,32,40,49,63,75,92.07,3.12,44.62,35.33,13.71,0.68,0.0,17.8,80.2,2.0,1.58,7,0.0207,6.2,37,stable_mid
m_1252,61898,691190,8.0,100,39.89,12.84,0.322,22,30,38,48,63,77,90.62,4.06,43.19,34.11,6.99,0.59,0.0,23.1,74.8,2.1,1.66,39,0.0171,5.6,60,stable_mid
m_1253,60927,691190,8.0,102,48.1,11.68,0.243,31,39,47,56,69,77,91.38,3.35,65.86,60.81,17.54,0.31,0.0,2.3,93.1,4.7,1.47,0,0.0063,6.4,72,stable_mid
m_1254,63165,691190,8.0,98,33.15,14.9,0.449,15,22,31,40,60,90,89.49,4.66,47.32,33.48,6.56,0.36,0.0,46.8,50.4,2.8,1.94,41,0.011,7.4,37,stable_mid
m_1255,63512,687850,7.96,97,43.55,11.64,0.267,26,35,43,52,64,73,91.58,3.46,45.66,38.41,6.59,0.86,0.0,11.1,87.2,1.7,1.49,0,0.0328,5.6,36,stable_mid
m_1256,60763,688680,7.97,102,34.62,12.98,0.375,17,25,33,42,58,74,89.64,4.51,39.09,27.73,5.83,0.59,0.0,39.4,59.2,1.5,1.76,4,0.0184,5.4,65,stable_mid
m_1257,60583,684600,7.92,102,37.44,14.57,0.389,18,26,35,46,64,82,88.42,4.95,41.06,30.48,10.98,0.42,0.0,34.3,62.5,3.2,1.83,70,-0.011,7.1,53,stable_mid
m_1258,59320,690110,7.99,105,32.6,13.35,0.409,15,22,31,41,57,72,89.98,4.7,41.47,30.09,5.85,0.55,0.0,46.8,51.9,1.3,1.84,18,0.0423,5.9,62,stable_mid
m_1259,62224,691190,8.0,100,40.32,13.15,0.326,22,30,39,49,64,79,90.59,4.32,47.74,35.22,6.42,0.42,0.0,22.8,74.5,2.7,1.64,19,0.0072,5.6,63,stable_mid
m_1260,61489,691190,8.0,101,42.72,14.52,0.34,22,32,41,51,71,81,88.37,7.57,36.37,25.2,7.24,0.57,0.0,17.7,76.8,5.5,1.73,51,0.1176,7.2,54,stable_mid
m_1261,62430,683860,7.92,99,45.92,10.82,0.236,30,38,45,53,64,74,91.56,3.66,47.89,44.65,8.27,0.83,0.0,4.8,93.1,2.1,1.42,9,0.0591,5.5,37,stable_mid
m_1262,61823,691190,8.0,101,47.67,13.15,0.276,28,38,46,57,71,82,91.08,3.21,40.88,30.42,4.34,0.45,0.0,7.0,86.8,6.2,1.54,42,0.0588,6.3,54,stable_mid
m_1263,59494,691190,8.0,105,31.62,12.65,0.4,15,22,29,39,55,69,89.48,4.91,35.7,24.03,5.06,0.44,0.0,50.6,48.4,1.0,1.9,2,0.0075,5.7,84,stable_mid
m_1264,62637,691190,8.0,99,44.92,11.94,0.266,27,36,44,53,66,75,90.96,4.45,47.88,37.82,7.06,0.84,0.0,8.6,89.0,2.5,1.5,48,0.0281,8.0,53,stable_mid
m_1265,62443,691190,8.0,100,39.54,12.49,0.316,23,30,37,47,62,78,90.46,4.76,50.75,39.07,7.03,0.41,0.0,22.7,75.3,2.0,1.68,96,0.0112,6.9,45,stable_mid
m_1266,61326,690320,7.99,101,43.73,12.65,0.289,26,34,42,52,66,77,89.83,5.12,47.75,37.83,9.36,0.72,0.0,12.8,84.0,3.2,1.57,33,-0.0033,5.6,63,stable_mid
m_1267,61703,691190,8.0,101,40.09,12.31,0.307,23,31,38,48,63,74,91.65,3.46,36.21,28.98,8.49,0.55,0.0,21.0,77.0,1.9,1.66,14,0.0023,5.7,51,stable_mid
m_1268,61674,686110,7.94,100,29.88,15.2,0.509,11,19,27,38,56,91,90.44,3.74,37.79,25.48,5.12,0.32,0.0,56.9,40.7,2.5,2.07,17,-0.0395,6.4,47,stable_mid
m_1269,63496,691190,8.0,98,47.51,11.14,0.235,31,39,47,55,67,76,90.62,3.66,46.01,41.02,8.44,0.87,0.0,3.5,93.4,3.1,1.43,27,0.0143,5.6,27,stable_mid
m_1270,62248,691190,8.0,100,37.02,13.07,0.353,19,27,35,45,61,76,90.19,4.79,40.49,30.67,5.77,0.36,0.0,32.4,65.8,1.8,1.74,38,0.0154,5.8,36,stable_mid
m_1271,61442,691190,8.0,101,43.86,11.6,0.264,27,35,43,52,64,74,92.1,3.05,41.96,35.39,10.5,0.86,0.0,9.8,88.1,2.1,1.49,0,0.0169,5.6,45,stable_mid
m_1272,61364,677350,7.84,99,35.34,13.09,0.37,17,26,34,43,59,77,88.29,8.37,45.98,36.6,7.73,0.46,0.0,36.3,61.8,1.9,1.74,61,0.0028,5.4,45,stable_mid
m_1273,62173,691190,8.0,100,38.25,11.88,0.31,22,29,37,45,60,73,91.97,3.43,44.07,35.35,5.75,0.51,0.0,25.2,73.3,1.4,1.62,1,0.0124,5.6,53,stable_mid
m_1274,60402,691180,8.0,103,50.1,9.38,0.187,36,43,49,56,66,74,91.64,3.09,46.42,36.53,4.54,0.36,0.0,0.7,96.9,2.4,1.35,1,0.0159,5.7,45,stable_high
m_1275,58582,649900,7.52,100,30.21,13.0,0.43,13,20,28,38,54,70,75.51,21.4,5.34,3.64,5.51,0.74,0.0,54.4,44.6,1.0,1.93,3,-0.0361,7.0,27,stable_mid
m_1276,60707,691190,8.0,102,15.69,5.09,0.324,8,11,17,20,23,25,86.92,1.99,28.99,29.38,2.95,1.0,0.0,100.0,0.0,0.0,1.35,0,0.004,5.6,63,stable_mid
m_1277,60678,691190,8.0,103,47.63,13.38,0.281,29,38,46,56,73,87,91.1,3.76,45.69,36.87,6.37,0.52,0.0,5.8,87.4,6.9,1.59,48,0.0183,5.5,84,stable_mid
m_1278,61292,691190,8.0,101,38.37,12.22,0.319,22,29,37,46,60,73,91.71,3.32,33.47,27.07,7.74,0.39,0.0,26.5,72.0,1.5,1.62,3,-0.0135,5.6,55,stable_mid
m_1279,62486,689620,7.98,99,47.75,11.59,0.243,30,39,47,56,67,76,91.09,3.54,46.3,38.97,13.41,0.64,0.0,4.7,92.0,3.4,1.43,0,-0.0308,5.5,45,stable_mid
m_1280,63648,691190,8.0,98,47.97,10.94,0.228,31,40,47,56,66,75,91.42,3.48,47.15,40.91,9.28,0.84,0.0,3.4,94.0,2.6,1.4,0,0.0226,5.7,36,stable_mid
m_1281,60750,691190,8.0,102,47.99,13.37,0.279,28,37,47,58,71,79,91.39,3.36,57.59,38.37,4.59,0.37,0.0,7.3,86.3,6.3,1.51,62,0.0059,7.0,45,stable_mid
m_1282,61408,691190,8.0,101,45.97,13.18,0.287,29,36,44,53,74,81,86.75,5.52,32.17,25.55,8.48,0.9,0.0,6.5,87.3,6.3,1.68,25,0.0451,5.4,54,stable_mid
m_1283,62577,691190,8.0,99,51.32,10.55,0.206,36,43,50,58,71,76,91.22,3.48,44.59,35.86,4.64,0.27,0.0,0.8,92.9,6.3,1.42,10,0.0469,5.7,49,stable_high
m_1284,61193,691190,8.0,102,47.41,12.5,0.264,29,38,46,56,70,79,90.08,4.15,45.43,38.6,13.91,0.81,0.0,5.1,89.8,5.1,1.52,109,0.0251,5.7,72,stable_mid
m_1285,62763,681020,7.88,98,40.3,12.26,0.304,23,31,39,48,62,77,90.7,3.93,37.58,28.1,7.46,0.65,0.0,19.8,78.1,2.0,1.59,11,0.038,5.6,36,stable_mid
m_1286,62893,691190,8.0,99,43.98,12.34,0.281,26,34,43,52,66,76,91.81,3.11,49.27,36.92,7.99,0.49,0.0,11.4,85.8,2.9,1.53,54,0.0204,5.6,36,stable_mid
m_1287,58946,691190,8.0,106,40.58,12.58,0.31,24,31,38,48,64,78,91.79,3.44,45.37,35.04,6.14,0.25,0.0,19.6,77.9,2.5,1.68,25,0.0205,5.7,95,stable_mid
m_1288,60705,691190,8.0,102,33.14,16.24,0.49,15,22,30,39,63,94,86.01,12.8,39.09,27.92,10.55,0.45,0.0,50.0,45.7,4.3,2.1,6,0.0951,6.0,63,stable_mid
m_1289,60193,691190,8.0,103,40.35,14.92,0.37,21,29,38,48,70,84,87.09,7.29,49.48,42.45,7.49,0.62,0.0,25.1,69.8,5.1,1.84,2,0.0729,5.5,76,stable_mid
m_1290,61385,691190,8.0,101,50.35,9.82,0.195,34,44,50,57,66,74,91.01,3.74,46.59,38.44,11.37,0.37,0.0,1.7,95.8,2.5,1.32,4,-0.0019,5.5,45,stable_high
m_1291,62722,691190,8.0,99,29.86,12.9,0.432,13,20,27,38,54,68,87.26,6.22,40.16,29.0,5.39,0.4,0.0,56.2,42.9,0.9,2.0,27,-0.0028,5.7,45,stable_mid
m_1292,61931,689030,7.97,100,39.44,12.99,0.329,22,30,38,47,63,79,91.68,3.37,48.45,39.78,8.25,0.6,0.0,23.9,73.6,2.5,1.66,133,0.0156,5.6,47,stable_mid
m_1293,60593,691190,8.0,102,52.22,10.46,0.2,36,44,52,60,69,77,88.8,4.36,46.13,37.57,11.9,0.68,0.0,0.6,95.3,4.1,1.33,1,0.0221,5.6,73,stable_high
m_1294,61231,691190,8.0,102,42.72,12.71,0.297,24,33,41,51,65,77,90.61,3.84,40.66,32.12,6.94,0.87,0.0,14.8,82.5,2.7,1.59,41,0.0128,5.7,72,stable_mid
m_1295,61337,685570,7.93,101,41.72,12.56,0.301,24,32,40,50,64,77,90.85,4.17,27.07,22.51,7.95,0.63,0.0,16.8,80.9,2.3,1.6,27,0.011,5.4,36,stable_mid
m_1296,63191,691190,8.0,98,47.43,11.38,0.24,31,39,46,55,68,77,90.99,3.46,49.12,42.83,8.72,0.75,0.0,3.1,92.7,4.2,1.48,6,0.0491,5.8,39,stable_mid
m_1297,61866,691180,8.0,100,53.92,10.44,0.194,38,46,53,61,72,78,87.4,6.89,58.06,41.52,6.19,0.34,0.0,0.0,91.2,8.8,1.36,0,0.0233,5.6,36,stable_high
m_1298,62091,691190,8.0,100,34.04,12.9,0.379,16,25,32,42,57,72,89.65,4.65,35.73,24.87,5.59,0.51,0.0,40.8,58.0,1.2,1.78,9,-0.0111,5.6,55,stable_mid
m_1299,62264,691190,8.0,100,4.74,1.1,0.233,3,4,5,5,7,8,93.22,0.8,24.55,18.33,1.1,0.0,43.9,56.1,0.0,0.0,1.4,0,0.0041,5.6,51,idle_pure
m_1300,60841,685120,7.93,101,40.1,14.41,0.359,22,29,37,48,66,93,91.68,3.32,44.87,34.54,7.64,0.5,0.0,25.2,71.1,3.6,1.78,4,0.0359,5.7,72,stable_mid
m_1301,62279,691190,8.0,100,37.54,12.94,0.345,20,28,35,45,62,76,87.06,7.0,38.17,28.8,7.21,0.57,0.0,30.3,67.5,2.2,1.77,49,0.0285,5.7,53,stable_mid
m_1302,59351,679820,7.87,103,47.48,14.17,0.298,28,37,45,56,75,88,88.87,5.65,48.34,37.29,8.31,0.56,0.0,6.7,86.5,6.9,1.67,44,0.0313,9.0,50,stable_mid
m_1303,61871,685100,7.93,100,31.17,12.93,0.415,14,22,29,39,55,72,90.03,4.28,42.93,31.35,5.37,0.56,0.0,52.1,46.7,1.2,1.9,5,-0.0275,5.5,52,stable_mid
m_1304,60341,690520,7.99,103,23.73,13.45,0.567,8,13,21,32,49,64,91.27,3.63,46.21,33.97,3.25,0.54,0.0,69.7,29.7,0.6,2.33,10,-0.1265,5.6,63,stable_mid
m_1305,62353,691190,8.0,100,47.98,11.99,0.25,31,39,47,56,71,80,91.17,3.67,44.28,39.42,9.85,0.86,0.0,3.5,90.9,5.6,1.51,20,0.058,5.7,45,stable_mid
m_1306,58167,691190,8.0,107,5.03,0.98,0.196,4,4,5,6,7,7,40.29,28.52,22.49,17.95,1.17,0.0,30.3,69.7,0.0,0.0,1.4,0,0.0103,9.2,68,stable_low
m_1307,61540,691190,8.0,101,41.72,14.53,0.348,24,31,39,49,71,87,91.07,3.69,40.36,29.88,8.06,0.34,0.0,19.3,75.4,5.3,1.82,3,0.0804,5.5,47,stable_mid
m_1308,61498,690670,7.99,101,48.5,11.21,0.231,31,40,48,56,68,76,91.5,3.53,47.37,39.9,8.97,0.78,0.0,3.0,93.5,3.5,1.42,21,0.0299,5.9,52,stable_mid
m_1309,61595,685200,7.93,100,47.39,11.49,0.242,31,39,46,55,67,77,91.35,3.43,44.79,37.65,11.69,0.77,0.0,3.6,93.2,3.2,1.46,26,0.0083,5.6,54,stable_mid
m_1310,63288,681130,7.88,97,47.7,12.0,0.251,30,39,46,56,69,77,89.46,4.63,55.55,44.96,8.72,0.77,0.0,4.2,91.2,4.7,1.5,20,-0.0022,5.6,10,stable_mid
m_1311,62571,691190,8.0,99,43.35,11.43,0.264,26,35,43,51,63,72,92.01,3.25,45.64,37.67,10.29,0.8,0.0,11.9,86.5,1.5,1.47,0,0.0112,5.7,42,stable_mid
m_1312,60373,691190,8.0,103,31.83,16.19,0.509,13,20,28,39,61,90,88.21,5.72,40.46,28.89,5.62,0.51,0.0,53.5,42.8,3.7,2.18,43,0.0502,5.6,63,stable_mid
m_1313,61794,691190,8.0,101,35.33,12.73,0.36,18,26,33,43,59,73,90.12,4.57,42.53,32.45,6.62,0.48,0.0,36.7,61.9,1.4,1.79,13,0.0192,5.5,63,stable_mid
m_1314,60687,689990,7.99,102,34.51,12.56,0.364,18,25,32,42,59,71,91.78,3.27,36.69,30.22,6.02,0.33,0.0,41.0,57.9,1.1,1.84,135,-0.0298,6.2,45,stable_mid
m_1315,60783,691190,8.0,102,44.15,11.6,0.263,28,36,43,51,65,77,90.53,4.4,41.69,33.65,8.24,0.87,0.0,8.4,89.1,2.5,1.51,32,0.0282,5.7,55,stable_mid
m_1316,62140,688790,7.97,100,41.41,13.76,0.332,23,31,39,50,68,81,91.79,3.51,41.33,33.32,10.08,0.74,0.0,19.9,75.9,4.2,1.74,114,0.0228,6.8,54,stable_mid
m_1317,62886,687910,7.96,98,41.98,12.54,0.299,25,32,41,50,64,77,90.61,4.17,43.21,34.66,10.21,0.86,0.0,16.9,80.8,2.4,1.56,17,0.0117,7.5,27,stable_mid
m_1318,60514,691190,8.0,103,39.68,12.06,0.304,23,30,38,47,61,77,92.01,3.05,46.5,37.46,6.99,0.6,0.0,21.8,76.4,1.7,1.61,7,0.0268,5.5,62,stable_mid
m_1319,62643,691190,8.0,99,43.66,11.66,0.267,26,35,43,52,63,76,91.15,3.71,52.95,43.05,7.41,0.77,0.0,11.1,87.0,1.9,1.47,34,0.0066,5.7,45,stable_mid
m_1320,60733,691190,8.0,102,34.9,13.07,0.375,18,25,33,43,59,74,89.84,4.63,40.8,28.92,6.19,0.57,0.0,39.5,58.9,1.5,1.79,19,0.017,5.6,72,stable_mid
m_1321,61215,688510,7.97,101,49.19,10.23,0.208,33,41,49,57,66,74,90.9,3.47,48.48,43.82,8.12,0.93,0.0,1.4,96.2,2.4,1.35,0,0.0368,5.6,50,stable_mid
m_1322,59305,691190,8.0,105,47.68,11.38,0.239,32,40,46,54,70,79,91.46,3.32,48.43,45.8,7.62,0.8,0.0,2.9,92.0,5.1,1.52,5,0.0487,5.7,71,stable_mid
m_1323,62563,691190,8.0,99,44.83,13.37,0.298,27,35,43,53,69,86,88.99,5.38,45.96,38.06,9.33,0.55,0.0,10.1,85.1,4.9,1.6,8,0.0484,5.4,55,stable_mid
m_1324,63373,691190,8.0,98,33.35,12.79,0.384,16,24,31,41,56,72,88.19,7.08,41.82,32.57,5.56,0.39,0.0,44.4,54.4,1.2,1.81,18,-0.0034,5.6,36,stable_mid
m_1325,62642,691190,8.0,99,44.43,11.6,0.261,27,36,43,52,65,76,90.13,4.44,45.98,35.75,8.43,0.55,0.0,8.5,89.0,2.5,1.51,1,-0.004,5.6,21,stable_mid
m_1326,64181,691190,8.0,97,39.95,12.48,0.312,23,31,38,48,63,77,91.43,3.52,46.79,38.92,7.61,0.72,0.0,21.0,77.0,2.0,1.66,117,0.0282,5.5,24,stable_mid
m_1327,58626,691180,8.0,106,45.89,11.03,0.24,30,37,45,54,65,76,91.29,3.3,43.46,37.03,7.94,0.95,0.0,4.0,93.5,2.4,1.44,1,0.0401,5.5,99,stable_mid
m_1328,61741,686980,7.95,100,45.31,12.02,0.265,29,36,44,53,67,77,87.8,6.24,47.38,38.1,8.61,0.72,0.0,6.5,90.0,3.6,1.52,25,0.0187,5.6,45,stable_mid
m_1329,62337,691190,8.0,100,47.09,12.45,0.264,30,38,46,55,69,87,91.41,3.29,52.14,41.81,6.73,0.55,0.0,4.4,91.1,4.5,1.5,24,0.0258,7.4,56,stable_mid
m_1330,63333,691070,8.0,98,43.28,13.77,0.318,24,33,41,52,68,87,90.69,3.9,51.62,41.38,7.95,0.71,0.0,14.7,81.1,4.2,1.66,73,0.0217,5.7,46,stable_mid
m_1331,60821,676670,7.83,100,49.41,11.02,0.223,33,42,48,56,72,78,91.6,3.25,38.06,28.4,4.36,0.5,0.0,1.8,92.4,5.8,1.5,12,0.0456,5.7,54,stable_mid
m_1332,62816,688100,7.96,99,43.52,12.19,0.28,25,34,42,51,65,75,91.96,3.27,44.23,37.08,9.4,0.71,0.0,12.3,85.1,2.6,1.55,63,0.0024,5.5,36,stable_mid
m_1333,62287,688510,7.97,99,49.47,11.81,0.239,32,41,48,57,72,81,91.18,3.7,47.03,41.15,8.86,0.74,0.0,2.4,92.0,5.7,1.5,18,0.0432,7.0,37,stable_mid
m_1334,61626,691190,8.0,101,36.36,13.09,0.36,19,27,34,44,61,78,90.62,4.14,37.21,25.09,6.45,0.47,0.0,35.2,62.7,2.1,1.79,135,0.0401,5.7,49,stable_mid
m_1335,60063,685840,7.94,103,38.7,13.48,0.348,20,28,37,48,63,76,89.85,5.0,34.47,26.98,8.07,0.57,0.0,28.7,69.2,2.2,1.7,97,0.0478,5.5,45,stable_mid
m_1336,63640,686910,7.95,97,40.61,13.0,0.32,23,31,38,49,65,77,90.76,3.92,34.15,26.4,8.24,0.93,0.0,21.1,76.0,2.9,1.71,55,0.0132,5.6,37,stable_mid
m_1337,62846,691180,8.0,99,42.75,15.73,0.368,23,31,40,51,74,92,91.49,3.52,41.57,32.39,7.24,0.47,0.0,19.2,74.6,6.2,1.85,45,0.0793,5.6,41,stable_mid
m_1338,62009,675140,7.81,98,35.08,14.39,0.41,18,25,32,42,61,90,89.5,4.83,40.89,30.09,10.75,0.5,0.0,40.8,56.3,2.8,1.91,22,0.045,5.6,20,stable_mid
m_1339,60081,689080,7.98,103,41.69,11.84,0.284,25,33,40,49,63,74,91.79,3.2,42.98,33.14,8.47,0.51,0.0,15.2,83.0,1.9,1.58,2,0.023,5.6,72,stable_mid
m_1340,60700,691190,8.0,102,32.89,13.03,0.396,16,23,31,41,57,72,90.34,4.2,42.51,31.38,6.28,0.43,0.0,45.9,52.8,1.2,1.84,29,0.0218,5.6,54,stable_mid
m_1341,63543,691190,8.0,98,41.99,12.31,0.293,25,33,40,50,64,77,90.3,4.46,50.38,38.85,8.83,0.82,0.0,15.3,82.3,2.4,1.6,54,0.0196,5.5,36,stable_mid
m_1342,63349,690120,7.99,98,42.18,12.05,0.286,25,33,41,50,64,76,91.27,3.55,48.77,41.83,8.52,0.75,0.0,14.0,83.8,2.2,1.56,6,0.0042,5.7,23,stable_mid
m_1343,62501,691190,8.0,100,38.19,13.03,0.341,21,28,36,46,63,78,91.6,3.45,42.24,33.45,6.4,0.62,0.0,28.6,69.1,2.3,1.75,100,0.0152,5.6,39,stable_mid
m_1344,61749,690110,7.99,101,35.81,13.05,0.364,18,26,34,43,60,76,91.68,3.41,43.96,32.61,6.39,0.56,0.0,35.8,62.5,1.7,1.76,42,0.0065,5.6,62,stable_mid
m_1345,60882,682750,7.9,101,43.98,13.48,0.307,25,34,42,53,69,79,89.13,5.0,50.4,41.15,14.84,0.56,0.0,13.6,81.9,4.5,1.64,91,0.0174,5.5,45,stable_mid
m_1346,62963,685820,7.94,98,31.98,12.86,0.402,14,22,30,40,55,71,89.97,4.38,39.68,28.52,5.11,0.47,0.0,48.1,50.8,1.1,1.83,4,0.0114,5.5,43,stable_mid
m_1347,62186,691190,8.0,100,47.82,10.86,0.227,32,40,47,55,66,76,91.18,3.37,38.76,31.73,8.75,0.63,0.0,2.7,94.6,2.7,1.4,48,0.0023,5.5,46,stable_mid
m_1348,59444,687910,7.96,104,38.01,13.24,0.348,21,28,36,45,62,80,90.32,4.29,46.6,37.61,8.1,0.64,0.0,29.2,68.2,2.6,1.72,138,-0.0208,11.7,45,stable_mid
m_1349,61288,690470,7.99,101,38.16,13.25,0.347,21,28,36,46,63,80,91.01,4.26,35.67,25.99,7.66,0.33,0.0,28.8,68.7,2.5,1.75,80,0.0085,5.5,52,stable_mid
m_1350,61046,690110,7.99,102,8.35,17.59,2.106,0,0,0,0,49,63,18.27,31.91,0.27,0.22,0.82,0.0,79.8,3.1,16.4,0.7,49.0,0,0.2187,5.6,63,bursty
m_1351,62280,691190,8.0,100,29.33,13.23,0.451,12,19,27,37,54,70,85.23,8.51,41.34,29.35,5.93,0.53,0.1,56.9,42.0,1.1,2.0,32,0.0487,6.3,54,stable_mid
m_1352,62821,690010,7.99,99,48.1,12.82,0.267,30,38,47,56,73,82,90.16,4.22,47.79,45.04,12.95,0.75,0.0,4.0,89.8,6.2,1.55,40,0.0294,5.7,37,stable_mid
m_1353,63735,690320,7.99,97,35.0,12.35,0.353,19,26,33,42,58,72,91.78,3.21,36.83,26.12,6.98,0.43,0.0,39.0,59.7,1.3,1.76,8,0.0108,5.6,36,stable_mid
m_1354,61220,691190,8.0,102,36.56,14.17,0.388,19,26,34,45,63,81,88.91,5.23,29.66,20.58,7.06,0.55,0.0,36.9,60.4,2.8,1.85,84,0.0129,5.9,37,stable_mid
m_1355,63513,691190,8.0,98,31.47,14.23,0.452,13,21,29,39,59,75,90.75,3.46,34.1,23.21,4.69,0.41,0.0,51.4,46.9,1.6,2.03,200,0.0304,5.8,36,stable_mid
m_1356,60628,689120,7.98,102,42.13,15.29,0.363,23,31,39,50,71,92,87.39,5.65,47.74,37.48,9.99,0.44,0.0,20.5,73.9,5.6,1.82,97,0.018,5.6,45,stable_mid
m_1357,61798,691190,8.0,101,47.56,12.97,0.273,30,38,46,56,73,83,91.16,3.83,43.33,35.07,9.14,0.54,0.0,4.6,89.4,6.0,1.59,26,0.0588,5.6,53,stable_mid
m_1358,61880,691190,8.0,101,38.05,13.18,0.347,21,28,36,46,63,77,91.23,3.66,43.13,32.39,7.74,0.68,0.0,29.3,68.2,2.5,1.75,10,-0.008,5.8,46,stable_mid
m_1359,61011,691190,8.0,102,4.62,0.93,0.201,3,4,5,5,6,7,77.42,0.76,24.39,20.45,1.06,0.05,45.0,55.0,0.0,0.0,1.2,0,0.004,5.5,63,idle_pure
m_1360,61574,691190,8.0,101,42.83,12.76,0.298,25,33,41,51,66,76,90.18,4.54,49.33,42.82,3.7,0.35,0.0,13.6,83.5,2.9,1.61,68,-0.0134,5.5,47,stable_mid
m_1361,63138,689080,7.98,98,40.53,11.77,0.291,24,31,39,48,62,71,91.73,3.69,42.16,35.97,9.95,0.71,0.0,19.3,79.4,1.3,1.59,1,-0.0107,5.6,39,stable_mid
m_1362,61492,691190,8.0,101,32.41,14.97,0.462,15,21,30,40,59,89,90.04,4.05,38.13,27.16,5.19,0.69,0.0,49.9,47.4,2.7,1.97,13,0.0299,5.6,54,stable_mid
m_1363,61417,684600,7.92,100,35.27,11.89,0.337,19,27,34,42,57,71,91.88,3.17,46.32,35.22,5.76,0.51,0.0,35.4,63.5,1.2,1.68,1,-0.0313,5.7,54,stable_mid
m_1364,62252,691190,8.0,100,39.2,13.66,0.348,21,29,37,48,64,77,91.56,3.5,42.7,31.67,8.04,0.44,0.0,28.1,69.2,2.7,1.73,11,0.0002,5.6,54,stable_mid
m_1365,61721,688930,7.97,100,34.31,13.18,0.384,17,24,32,42,58,75,91.75,3.15,47.25,35.9,6.94,0.49,0.0,41.9,56.7,1.5,1.81,15,-0.0034,5.6,57,stable_mid
m_1366,60306,687840,7.96,103,34.4,13.38,0.389,16,24,32,42,59,74,89.73,4.35,40.82,29.2,5.82,0.59,0.0,41.3,57.3,1.4,1.84,20,0.0133,5.7,63,stable_mid
m_1367,60830,691090,8.0,102,38.63,12.43,0.322,22,29,36,46,62,76,90.62,3.91,50.01,38.33,6.88,0.69,0.0,25.9,72.1,1.9,1.72,21,0.0181,5.8,66,stable_mid
m_1368,62337,691190,8.0,100,41.48,11.75,0.283,25,33,40,49,62,77,91.32,3.68,42.89,35.36,10.91,0.79,0.0,15.0,83.1,1.9,1.55,2,0.0279,6.8,52,stable_mid
m_1369,62331,691180,8.0,100,40.03,15.49,0.387,21,29,37,47,70,91,90.96,3.68,37.85,29.62,7.33,0.42,0.0,26.6,68.3,5.1,1.89,80,0.0597,5.9,45,stable_mid
m_1370,62713,691190,8.0,99,43.34,11.07,0.255,27,36,42,50,63,74,91.31,3.48,46.44,40.91,3.82,0.45,0.0,8.9,89.3,1.8,1.5,2,0.0575,5.7,48,stable_mid
m_1371,62060,691190,8.0,100,43.1,15.96,0.37,24,31,40,51,78,92,90.41,4.49,45.93,37.55,7.9,0.5,0.0,19.0,74.1,6.9,1.95,42,0.0738,6.4,63,stable_mid
m_1372,61841,689110,7.98,100,31.56,12.82,0.406,14,22,30,39,55,70,89.36,4.55,40.91,29.88,5.6,0.59,0.0,49.7,49.2,1.1,1.83,34,0.0114,5.7,46,stable_mid
m_1373,62945,691190,8.0,99,40.16,14.43,0.359,23,30,37,47,67,88,90.99,3.68,46.05,36.74,6.26,0.5,0.0,23.0,72.4,4.6,1.81,6,0.0397,5.6,37,stable_mid
m_1374,61871,688000,7.96,100,39.82,13.55,0.34,22,30,38,47,64,88,91.96,3.13,42.93,39.86,11.24,0.62,0.0,23.6,73.1,3.3,1.68,72,0.025,5.6,55,stable_mid
m_1375,63567,691190,8.0,98,41.67,11.7,0.281,25,33,40,49,62,73,91.04,3.88,48.81,39.75,7.02,0.36,0.0,15.5,83.0,1.5,1.55,0,0.0235,5.6,36,stable_mid
m_1376,62312,685110,7.93,99,36.33,15.79,0.435,16,26,34,44,65,92,90.44,3.89,42.87,32.72,5.41,0.36,0.0,37.4,58.5,4.1,1.91,5,0.0601,5.4,46,stable_mid
m_1377,60358,691180,8.0,103,37.5,15.96,0.426,19,26,34,45,70,91,89.89,4.72,42.6,31.91,8.92,0.46,0.0,36.1,58.9,5.0,2.06,6,0.0748,7.4,56,stable_mid
m_1378,61178,682500,7.9,100,44.27,11.97,0.27,27,35,43,52,65,78,91.47,3.66,49.1,40.18,6.77,0.8,0.0,8.9,88.2,2.9,1.51,24,0.0057,5.7,27,stable_mid
m_1379,61627,689720,7.98,101,27.11,14.54,0.536,10,16,24,35,56,72,91.45,3.87,37.85,26.9,3.73,0.19,0.0,64.0,34.8,1.2,2.33,7,-0.1345,6.9,36,stable_mid
m_1380,62181,691180,8.0,100,32.64,12.54,0.384,16,23,31,40,56,70,89.95,4.58,41.08,31.59,10.52,0.56,0.0,45.9,53.0,1.1,1.81,4,0.004,7.3,45,stable_mid
m_1381,61252,691190,8.0,102,41.48,13.29,0.32,23,31,40,50,66,79,89.37,4.66,50.2,39.32,9.29,0.66,0.0,20.0,76.9,3.1,1.65,34,0.0199,5.5,78,stable_mid
m_1382,59790,682230,7.9,103,43.73,12.29,0.281,27,34,42,52,66,77,90.72,4.14,48.21,40.06,7.12,0.71,0.0,11.1,85.8,3.0,1.57,1,0.018,5.6,73,stable_mid
m_1383,62840,691190,8.0,99,49.83,10.93,0.219,33,41,50,58,68,75,90.32,4.32,47.73,43.58,11.02,0.92,0.0,2.1,94.6,3.4,1.36,3,-0.0044,5.6,45,stable_mid
m_1384,63070,687000,7.95,98,43.37,15.05,0.347,24,32,41,51,74,89,90.39,4.35,37.96,28.5,7.93,0.42,0.0,16.6,77.3,6.2,1.8,4,0.0653,5.4,45,stable_mid
m_1385,60047,682510,7.9,102,40.12,12.08,0.301,23,31,39,47,63,75,87.18,6.99,45.33,38.65,7.27,0.59,0.0,19.6,78.4,2.0,1.62,33,0.0102,6.9,54,stable_mid
m_1386,60294,691190,8.0,103,49.98,11.79,0.236,33,41,49,58,73,79,90.26,3.76,48.6,42.37,13.21,0.92,0.0,2.0,91.4,6.6,1.49,12,0.0374,5.4,67,stable_mid
m_1387,61309,678600,7.85,100,34.39,13.23,0.385,16,25,33,42,59,74,90.65,3.85,41.54,30.29,6.46,0.66,0.0,40.0,58.6,1.4,1.79,4,0.0115,5.6,45,stable_mid
m_1388,61709,691190,8.0,101,43.23,12.08,0.279,27,34,41,51,66,76,91.51,3.33,43.6,34.36,9.22,0.75,0.0,11.0,86.1,2.9,1.61,24,0.0081,5.6,53,stable_mid
m_1389,61266,691190,8.0,102,42.8,11.91,0.278,27,34,41,50,65,76,87.99,5.77,50.61,42.33,9.52,0.95,0.0,11.7,85.9,2.4,1.59,12,0.0015,5.6,47,stable_mid
m_1390,62382,689990,7.99,100,35.48,13.36,0.377,18,25,33,44,60,75,91.1,3.89,40.56,29.86,5.27,0.41,0.0,38.1,60.3,1.6,1.82,24,0.0088,5.8,65,stable_mid
m_1391,61603,682770,7.9,100,33.74,12.68,0.376,17,24,32,41,57,71,90.97,4.36,43.66,32.67,6.45,0.85,0.0,43.2,55.6,1.2,1.78,9,-0.0166,5.6,30,stable_mid
m_1392,58763,669310,7.75,102,9.56,21.53,2.252,0,0,0,0,56,90,17.82,32.81,0.27,0.22,1.0,0.0,80.1,3.3,12.8,3.8,56.0,5,0.271,5.6,61,bursty
m_1393,61908,691190,8.0,100,39.48,12.33,0.312,23,30,37,47,63,75,91.54,3.46,45.65,37.25,6.82,0.52,0.0,22.1,75.9,2.0,1.7,40,0.0002,5.6,74,stable_mid
m_1394,62092,691190,8.0,100,17.3,14.07,0.814,3,5,14,27,44,56,84.49,8.02,18.58,12.29,2.66,0.82,21.0,58.3,20.5,0.3,3.14,1,-0.0131,5.6,63,bursty
m_1395,61288,680990,7.88,100,32.95,13.12,0.398,15,23,31,41,57,72,78.86,16.7,29.51,21.42,6.38,0.66,0.0,44.8,53.9,1.3,1.84,19,-0.0281,7.4,50,stable_mid
m_1396,59909,691190,8.0,104,40.36,13.49,0.334,22,30,38,49,66,79,87.43,5.63,48.56,38.52,9.75,0.68,0.0,23.4,73.4,3.2,1.74,46,-0.0078,6.0,90,stable_mid
m_1397,63411,691190,8.0,98,33.77,12.69,0.376,16,24,32,41,57,71,90.24,3.85,47.37,35.7,5.05,0.53,0.0,41.5,57.4,1.1,1.78,2,0.0022,5.6,36,stable_mid
m_1398,60094,686470,7.95,103,48.72,10.31,0.212,33,41,48,56,66,74,89.83,3.9,44.11,36.74,5.66,0.85,0.0,1.6,95.9,2.5,1.38,0,0.0114,8.4,54,stable_mid
m_1399,62105,691180,8.0,100,41.34,12.27,0.297,25,32,39,49,64,77,91.84,3.32,38.06,29.68,7.34,0.64,0.0,16.9,80.5,2.6,1.64,44,0.0183,5.6,54,stable_mid
m_1400,61097,690660,7.99,102,47.24,11.1,0.235,31,39,46,55,66,76,90.65,4.68,45.22,37.17,10.06,0.51,0.0,3.5,93.8,2.8,1.43,24,0.0058,5.6,53,stable_mid
m_1401,62359,687900,7.96,99,35.4,12.84,0.363,19,26,33,43,59,73,88.53,5.38,43.81,32.52,10.72,0.58,0.0,38.1,60.5,1.4,1.79,22,0.0182,5.6,45,stable_mid
m_1402,58545,689950,7.99,106,45.47,13.76,0.303,28,35,43,53,73,86,91.6,3.41,52.42,44.48,7.01,0.57,0.0,8.6,85.5,5.9,1.7,23,0.0721,5.6,72,stable_mid
m_1403,61424,691190,8.0,101,38.76,12.71,0.328,22,29,37,46,62,78,91.41,3.58,36.18,25.66,7.14,0.5,0.0,25.8,72.0,2.1,1.68,9,0.0109,5.5,62,stable_mid
m_1404,61215,691070,8.0,102,38.53,13.31,0.345,21,29,37,46,64,77,89.23,6.07,35.16,24.69,7.33,0.63,0.0,27.7,69.7,2.5,1.73,12,0.0706,5.6,72,stable_mid
m_1405,62406,687990,7.96,99,45.4,14.39,0.317,26,35,43,54,73,88,91.94,3.02,40.77,32.14,8.9,0.55,0.0,11.9,81.1,7.0,1.7,19,0.0353,5.5,45,stable_mid
m_1406,60329,691180,8.0,103,2.95,0.23,0.079,2,3,3,3,3,3,14.26,1.71,0.07,0.08,1.0,0.01,100.0,0.0,0.0,0.0,1.0,0,0.0009,5.7,73,idle_pure
m_1407,62845,691180,8.0,99,40.52,12.7,0.313,23,31,39,49,63,78,91.22,3.65,47.43,38.7,5.61,0.42,0.0,20.1,77.5,2.4,1.62,177,-0.0297,5.6,36,stable_mid
m_1408,61122,685840,7.94,101,30.28,12.17,0.402,14,21,29,37,53,67,89.54,5.12,39.27,27.7,5.21,0.56,0.0,53.5,45.7,0.8,1.83,0,-0.012,5.6,54,stable_mid
m_1409,61922,691190,8.0,100,38.98,12.11,0.311,22,30,38,47,60,73,92.3,2.94,40.88,32.76,10.01,0.69,0.0,24.0,74.6,1.4,1.58,3,0.0101,5.6,63,stable_mid
m_1410,62530,691190,8.0,99,39.23,14.84,0.378,19,28,37,49,66,80,87.85,6.22,17.7,12.38,7.62,0.76,0.0,29.8,66.7,3.5,1.78,78,-0.0215,5.6,48,stable_mid
m_1411,61285,689720,7.98,101,45.85,13.6,0.297,28,35,43,55,71,82,91.95,3.31,42.16,32.71,7.39,0.36,0.0,8.7,85.0,6.3,1.65,63,0.0093,6.7,46,stable_mid
m_1412,63135,687390,7.96,98,41.42,15.25,0.368,23,30,39,49,72,90,89.95,4.3,43.45,35.04,6.99,0.45,0.0,22.2,72.4,5.4,1.85,78,0.095,5.4,45,stable_mid
m_1413,60445,691190,8.0,103,45.77,11.63,0.254,29,37,45,54,66,75,86.73,8.43,45.72,37.1,6.89,0.74,0.0,6.3,91.2,2.5,1.47,0,0.0013,5.6,82,stable_mid
m_1414,60254,686040,7.94,102,42.38,12.19,0.288,26,33,41,50,64,79,91.22,3.58,37.51,27.22,7.17,0.55,0.0,13.1,84.1,2.8,1.56,128,0.0118,6.5,63,stable_mid
m_1415,61913,691190,8.0,100,44.84,11.3,0.252,29,36,43,53,65,75,91.73,3.25,42.08,34.22,57.21,0.67,0.0,6.1,91.7,2.2,1.51,6,0.0332,5.8,45,stable_mid
m_1416,59852,690520,7.99,104,42.65,14.08,0.33,25,32,40,50,72,86,89.75,3.55,37.6,28.63,9.45,0.61,0.0,15.8,78.8,5.4,1.8,53,0.0682,7.8,73,stable_mid
m_1417,61826,691190,8.0,101,39.56,13.63,0.345,21,29,37,48,65,80,89.33,4.78,36.26,26.95,10.15,0.55,0.0,25.5,71.2,3.3,1.76,67,0.0164,6.1,46,stable_mid
m_1418,62518,691190,8.0,99,45.27,13.72,0.303,27,35,43,53,71,85,87.18,7.03,39.03,28.8,7.08,0.9,0.0,9.6,84.9,5.5,1.65,1,0.0582,5.9,54,stable_mid
m_1419,61132,681890,7.89,100,39.19,12.35,0.315,22,30,38,47,62,75,90.81,4.25,44.14,35.23,7.38,0.56,0.0,22.7,75.6,1.7,1.63,12,0.0026,5.6,55,stable_mid
m_1420,62570,689990,7.99,99,41.94,15.38,0.367,23,31,39,50,72,91,91.15,3.9,47.7,38.87,6.46,0.61,0.0,21.1,73.4,5.5,1.85,168,0.0705,5.6,45,stable_mid
m_1421,61525,691190,8.0,101,51.18,12.41,0.242,33,42,50,60,73,78,90.91,4.06,42.81,33.87,6.41,0.49,0.0,2.2,88.5,9.3,1.46,7,-0.0122,5.7,59,stable_high
m_1422,64162,691190,8.0,97,33.23,12.18,0.367,17,24,32,40,55,70,89.81,3.99,41.61,30.38,5.47,0.71,0.0,43.0,56.0,1.0,1.72,10,-0.0007,6.0,27,stable_mid
m_1423,62889,689990,7.99,99,4.95,1.0,0.203,3,4,5,6,6,7,88.27,0.57,22.97,18.51,1.11,0.04,31.7,68.3,0.0,0.0,1.2,0,0.0038,5.6,36,idle_pure
m_1424,61716,686390,7.94,100,31.48,12.29,0.39,15,22,29,39,54,69,91.2,3.55,38.97,28.28,6.07,0.52,0.0,50.4,48.7,0.9,1.86,2,-0.0035,5.5,48,stable_mid
m_1425,62611,691180,8.0,98,42.96,12.79,0.298,25,33,41,51,66,79,88.29,5.69,43.42,33.55,7.99,0.77,0.0,13.8,83.0,3.2,1.61,15,-0.0109,5.8,29,stable_mid
m_1426,62891,688930,7.97,99,38.98,14.13,0.362,20,28,37,48,65,81,91.09,3.87,37.3,28.19,8.72,0.58,0.0,28.5,68.4,3.1,1.76,167,0.0341,6.2,45,stable_mid
m_1427,59361,685700,7.94,104,40.03,11.0,0.275,25,32,39,47,60,73,88.98,5.53,48.92,39.32,8.58,0.79,0.0,17.4,81.2,1.3,1.54,1,0.0016,5.7,57,stable_mid
m_1428,62144,691190,8.0,100,37.45,12.36,0.33,21,28,35,44,60,78,91.1,3.67,44.1,33.23,5.77,0.58,0.0,28.8,69.3,1.8,1.71,72,0.0138,5.5,52,stable_mid
m_1429,61495,691190,8.0,101,53.22,10.16,0.191,37,45,53,61,69,74,90.47,4.33,48.98,42.62,52.45,0.89,0.0,0.2,95.0,4.7,1.3,0,-0.0119,5.7,49,stable_high
m_1430,60901,691190,8.0,102,45.37,11.19,0.247,29,37,44,53,65,75,90.43,4.18,39.25,30.61,8.97,0.76,0.0,5.9,91.8,2.3,1.48,0,0.0111,5.6,64,stable_mid
m_1431,61345,691190,8.0,101,37.35,15.31,0.41,18,27,35,45,65,93,90.68,3.42,41.45,31.96,5.7,0.33,0.0,33.8,62.3,3.9,1.86,203,0.0542,5.6,45,stable_mid
m_1432,62980,691190,8.0,99,45.92,12.34,0.269,28,37,45,54,68,79,90.9,3.68,45.32,38.63,9.65,0.83,0.0,6.7,89.4,4.0,1.51,47,0.037,5.8,37,stable_mid
m_1433,62423,689990,7.99,99,37.73,12.15,0.322,21,29,36,45,60,72,91.22,3.52,43.78,33.87,7.1,0.61,0.0,28.0,70.6,1.4,1.67,11,0.0157,5.6,45,stable_mid
m_1434,59759,691190,8.0,104,43.49,12.26,0.282,26,34,42,52,65,78,92.07,3.06,50.93,37.86,6.47,0.84,0.0,12.2,85.0,2.9,1.55,41,0.015,5.8,73,stable_mid
m_1435,61640,691190,8.0,101,45.66,11.81,0.259,29,37,44,54,66,76,89.89,5.82,44.05,35.52,8.5,0.75,0.0,6.6,90.6,2.8,1.5,1,0.0234,5.5,64,stable_mid
m_1436,60976,679810,7.87,100,36.72,12.6,0.343,19,27,35,44,60,74,91.35,3.75,43.54,34.65,7.81,0.72,0.0,31.8,66.7,1.5,1.71,4,-0.0313,5.5,54,stable_mid
m_1437,61653,691180,8.0,101,42.42,13.2,0.311,24,32,41,51,67,78,91.59,3.91,43.98,35.96,10.46,0.53,0.0,16.9,79.7,3.4,1.63,68,0.0452,6.9,36,stable_mid
m_1438,61778,691190,8.0,101,42.56,11.07,0.26,27,34,41,50,62,72,91.94,3.31,42.32,35.88,10.18,0.93,0.0,11.3,87.3,1.4,1.51,0,0.041,5.6,60,stable_mid
m_1439,61904,691190,8.0,100,39.98,13.54,0.339,22,30,38,47,65,83,91.08,3.61,42.26,34.5,7.15,0.69,0.0,23.0,73.6,3.4,1.71,261,-0.0009,5.7,45,stable_mid
m_1440,60618,691190,8.0,103,2.42,0.51,0.209,2,2,2,3,3,3,9.36,1.27,0.19,0.24,0.0,0.0,100.0,0.0,0.0,0.0,1.5,0,0.0024,6.3,79,idle_pure
m_1441,60367,691190,8.0,103,39.34,12.14,0.309,23,30,38,47,61,74,91.42,3.39,37.63,29.09,6.87,0.63,0.0,22.6,75.8,1.6,1.61,44,0.0372,5.7,59,stable_mid
m_1442,61695,691190,8.0,101,38.13,12.36,0.324,22,29,36,45,61,78,91.0,3.83,49.44,40.03,6.79,0.57,0.0,26.5,71.5,2.0,1.69,26,0.039,7.1,48,stable_mid
m_1443,61505,691190,8.0,101,40.73,12.99,0.319,23,31,39,49,65,77,91.71,3.38,42.44,34.4,8.46,0.61,0.0,20.8,76.4,2.8,1.67,38,0.0115,5.6,37,stable_mid
m_1444,61513,691190,8.0,101,34.76,14.61,0.42,15,24,32,43,62,78,88.99,5.2,41.87,31.23,3.71,0.44,0.0,41.8,55.5,2.7,1.94,279,0.0058,5.6,56,stable_mid
m_1445,62305,690310,7.99,100,34.01,13.25,0.39,16,24,32,42,59,73,89.69,4.55,43.8,31.1,5.55,0.48,0.0,42.6,56.0,1.4,1.84,23,0.0115,5.6,36,stable_mid
m_1446,63132,691190,8.0,99,35.81,12.64,0.353,19,26,33,44,59,75,90.01,4.21,44.06,35.44,7.39,0.74,0.0,36.6,61.8,1.6,1.79,109,0.0023,5.4,45,stable_mid
m_1447,61462,689990,7.99,101,41.2,13.68,0.332,23,31,39,49,66,82,89.32,5.01,40.68,30.45,7.62,0.35,0.0,20.5,75.9,3.6,1.69,41,-0.0034,5.5,65,stable_mid
m_1448,59687,683390,7.91,103,39.88,12.34,0.309,23,31,38,47,62,77,90.53,4.5,48.87,38.61,8.36,0.64,0.0,21.3,76.7,2.0,1.63,16,0.0131,6.3,65,stable_mid
m_1449,61985,686080,7.94,100,31.44,13.03,0.415,15,22,29,39,55,72,87.59,6.63,42.29,30.09,6.23,0.49,0.0,51.7,47.0,1.3,1.9,34,-0.0035,5.7,47,stable_mid
m_1450,59668,691180,8.0,104,38.45,12.87,0.335,21,28,36,47,62,75,91.54,3.55,48.76,39.33,6.7,0.49,0.0,28.4,69.7,1.9,1.72,7,0.0277,5.7,59,stable_mid
m_1451,61441,691190,8.0,101,43.71,12.41,0.284,26,34,42,52,65,78,91.36,3.33,50.84,43.33,8.52,0.8,0.0,12.4,85.0,2.7,1.55,46,0.013,5.4,54,stable_mid
m_1452,60931,691190,8.0,102,40.91,12.38,0.303,23,32,40,49,62,75,91.47,3.3,50.11,41.28,7.28,0.67,0.0,19.5,78.7,1.8,1.55,76,0.0263,5.6,57,stable_mid
m_1453,62566,691190,8.0,99,29.94,12.82,0.428,13,20,28,37,54,69,89.92,4.4,35.58,25.05,5.26,0.66,0.0,55.5,43.4,1.0,1.93,19,0.0005,5.5,39,stable_mid
m_1454,62785,684710,7.92,98,48.25,11.94,0.247,30,39,47,57,68,77,90.88,3.65,47.24,39.65,11.62,0.86,0.0,4.2,91.7,4.1,1.45,22,0.0065,5.6,36,stable_mid
m_1455,51627,691190,8.0,120,58.64,30.06,0.513,17,28,61,89,98,99,87.76,10.85,49.04,50.52,12.15,4.42,0.1,27.9,27.1,45.0,1.61,0,-0.4493,5.5,116,idle_pure
m_1456,60997,691190,8.0,102,36.49,13.33,0.365,18,27,35,44,61,76,90.06,4.27,48.51,39.37,7.19,0.49,0.0,34.3,63.9,1.8,1.74,21,-0.0322,5.6,50,stable_mid
m_1457,62872,691190,8.0,99,35.9,13.85,0.386,19,26,33,43,59,92,91.89,3.11,43.11,32.93,6.01,0.55,0.0,37.1,60.2,2.7,1.79,11,0.0389,5.7,45,stable_mid
m_1458,62618,688900,7.97,99,34.91,14.72,0.422,16,23,32,44,63,79,86.16,5.68,42.58,30.75,7.54,0.55,0.0,43.0,54.2,2.8,1.97,108,0.0138,5.5,31,stable_mid
m_1459,61112,691180,8.0,102,36.01,15.14,0.42,14,26,34,45,64,78,86.4,8.3,33.03,21.38,4.87,0.46,0.1,37.2,59.9,2.8,1.88,272,0.0763,5.7,72,stable_mid
m_1460,60159,685820,7.94,103,31.02,12.86,0.414,14,22,29,38,55,70,89.49,4.56,35.98,24.19,5.05,0.7,0.0,51.6,47.3,1.1,1.9,10,0.0092,5.6,63,stable_mid
m_1461,60248,691190,8.0,103,39.2,13.65,0.348,21,29,37,47,64,80,87.73,5.81,45.56,35.42,8.5,0.6,0.0,26.2,70.8,2.9,1.73,101,0.0069,5.6,66,stable_mid
m_1462,59797,679730,7.87,102,41.83,12.89,0.308,24,32,40,50,65,77,91.44,3.5,44.2,37.77,11.1,0.62,0.0,17.4,79.9,2.7,1.62,41,0.0052,5.6,36,stable_mid
m_1463,55519,691190,8.0,112,9.77,21.72,2.223,0,0,0,0,54,91,19.52,32.85,0.26,0.21,0.92,0.0,78.9,4.7,12.3,4.0,54.0,3,0.2819,13.9,72,bursty
m_1464,61439,690110,7.99,101,39.58,13.63,0.344,22,30,37,47,64,89,91.65,3.48,39.83,31.87,6.31,0.63,0.0,24.1,72.6,3.2,1.73,68,0.0532,5.5,48,stable_mid
m_1465,62840,691190,8.0,99,48.03,13.34,0.278,30,38,46,56,74,83,91.23,3.43,42.4,35.29,10.7,0.41,0.0,4.9,87.9,7.2,1.61,90,0.0684,5.6,46,stable_mid
m_1466,61192,691180,8.0,102,43.77,12.93,0.295,26,34,42,52,68,77,88.7,4.94,47.28,40.99,10.41,0.7,0.0,13.4,83.0,3.7,1.62,52,-0.01,6.5,45,stable_mid
m_1467,59850,691190,8.0,104,30.91,12.41,0.402,15,22,29,38,54,71,90.5,3.92,34.79,24.06,4.98,0.46,0.0,52.9,46.0,1.1,1.86,8,0.0046,5.6,68,stable_mid
m_1468,58589,691190,8.0,106,40.59,12.59,0.31,23,31,39,49,63,77,91.59,3.43,45.41,36.79,7.04,0.69,0.0,20.0,78.0,2.1,1.62,28,0.0142,6.1,72,stable_mid
m_1469,62550,691190,8.0,99,40.7,11.67,0.287,24,32,39,48,62,75,90.71,3.65,33.61,27.25,5.57,0.35,0.0,16.6,81.7,1.7,1.59,0,-0.0183,5.7,37,stable_mid
m_1470,62596,691190,8.0,99,31.88,15.51,0.487,14,21,29,39,59,93,90.28,3.87,38.53,28.0,6.08,0.33,0.0,52.5,44.1,3.4,2.03,11,0.0618,6.3,36,stable_mid
m_1471,58635,681840,7.89,105,54.69,11.02,0.201,37,47,54,62,74,79,90.47,4.23,47.13,40.66,49.7,0.62,0.0,0.7,89.5,9.8,1.37,8,0.0282,7.1,71,stable_high
m_1472,62320,682770,7.9,99,48.93,13.7,0.28,24,40,50,59,70,76,89.23,5.42,37.17,25.64,5.99,0.19,0.0,10.1,84.1,5.7,1.4,25,0.1533,5.5,36,stable_mid
m_1473,60993,691190,8.0,102,46.58,11.48,0.246,30,38,46,54,66,76,89.18,5.45,41.34,33.2,10.37,0.76,0.0,4.6,92.6,2.7,1.43,1,0.0259,5.7,63,stable_mid
m_1474,57042,691190,8.0,109,9.69,21.96,2.267,0,0,0,0,59,92,19.09,32.77,0.25,0.19,0.83,0.0,79.5,5.1,11.1,4.3,59.0,19,0.2722,13.8,63,bursty
m_1475,63348,691190,8.0,98,43.96,11.8,0.268,27,35,43,52,65,75,91.67,3.4,44.29,37.29,9.37,0.77,0.0,9.6,88.1,2.3,1.51,8,0.0132,5.6,41,stable_mid
m_1476,60267,688780,7.97,103,38.23,15.22,0.398,20,28,35,45,66,92,91.09,3.48,45.85,33.27,6.26,0.45,0.0,31.1,64.5,4.4,1.89,293,0.0392,5.8,54,stable_mid
m_1477,59141,687460,7.96,105,8.24,17.95,2.178,0,0,0,0,51,65,16.9,30.45,0.24,0.19,0.79,0.0,81.1,2.2,16.1,0.6,51.0,1,0.2279,6.1,63,bursty
m_1478,61066,684610,7.92,101,32.94,13.42,0.407,15,23,31,41,58,74,91.14,3.75,35.06,25.34,5.69,0.46,0.0,46.2,52.3,1.5,1.87,75,0.0428,5.4,54,stable_mid
m_1479,60995,686050,7.94,101,33.19,14.61,0.44,13,22,31,42,61,76,87.19,5.94,42.08,30.78,6.18,0.54,0.0,45.8,51.9,2.3,1.97,99,-0.0198,6.1,74,stable_mid
m_1480,60831,682490,7.9,101,33.24,12.85,0.387,16,24,31,41,57,72,89.9,4.59,40.84,30.39,6.18,0.57,0.0,45.2,53.5,1.2,1.84,2,-0.0042,6.4,54,stable_mid
m_1481,62831,691190,8.0,99,36.33,12.2,0.336,20,27,35,44,59,72,90.25,4.24,42.93,33.73,6.83,0.51,0.0,32.9,65.8,1.3,1.69,2,0.0,5.7,54,stable_mid
m_1482,63001,691190,8.0,99,42.23,12.25,0.29,25,33,41,50,64,76,90.92,4.12,46.32,39.95,6.56,0.75,0.0,15.0,82.6,2.4,1.56,98,0.0482,6.2,45,stable_mid
m_1484,62215,691190,8.0,100,39.11,12.75,0.326,22,29,37,47,62,76,90.96,3.84,50.71,39.43,8.25,0.52,0.0,25.3,72.7,1.9,1.68,37,0.0111,5.6,49,stable_mid
m_1485,60042,684600,7.92,103,40.84,13.63,0.334,22,30,39,50,65,79,89.42,4.7,48.29,40.0,8.74,0.66,0.0,22.9,73.8,3.2,1.67,64,0.021,8.3,57,stable_mid
m_1486,61591,691190,8.0,101,37.93,14.17,0.374,19,27,35,46,65,80,89.14,4.99,34.58,24.28,8.01,0.46,0.0,32.4,64.4,3.1,1.86,59,0.0038,5.7,63,stable_mid
m_1487,60462,691190,8.0,103,4.58,1.12,0.245,3,4,5,5,6,8,19.31,1.18,23.16,18.11,3.53,0.0,49.2,50.8,0.0,0.0,1.2,0,0.004,6.7,74,idle_pure
m_1488,62343,691190,8.0,100,44.6,13.44,0.301,27,35,43,52,70,88,91.61,3.4,43.95,34.82,11.71,0.55,0.0,10.8,84.1,5.1,1.63,50,0.0318,5.5,54,stable_mid
m_1489,59131,691190,8.0,105,43.02,15.17,0.353,23,32,41,52,72,91,89.31,5.2,32.75,24.68,7.55,0.54,0.0,19.1,75.1,5.9,1.76,122,0.0287,6.0,66,stable_mid
m_1490,61420,691190,8.0,101,36.11,15.86,0.439,17,25,33,44,65,93,90.16,4.2,44.86,34.93,3.16,0.3,0.0,38.7,57.3,4.0,1.97,10,0.0612,5.5,58,stable_mid
m_1491,62405,691190,8.0,100,40.59,13.45,0.331,22,30,39,49,65,77,90.25,4.6,41.89,32.82,7.07,0.55,0.0,23.1,73.9,3.1,1.67,71,0.0127,5.6,46,stable_mid
m_1492,60079,691190,8.0,104,33.97,13.56,0.399,17,24,31,42,59,79,90.95,3.99,39.05,28.79,4.27,0.33,0.0,43.8,54.3,1.9,1.9,110,0.006,5.5,59,stable_mid
m_1493,62971,691070,8.0,99,31.79,13.35,0.42,15,22,29,39,56,75,91.09,4.34,40.08,30.09,6.24,0.47,0.0,50.1,48.4,1.5,1.93,88,0.0237,5.8,36,stable_mid
m_1494,61307,691190,8.0,101,40.27,12.78,0.317,23,31,38,48,64,77,89.96,5.93,38.71,29.29,7.25,0.56,0.0,20.7,76.7,2.5,1.68,44,0.0311,5.6,50,stable_mid
m_1496,61029,689110,7.98,102,38.0,14.2,0.374,19,27,36,47,64,79,90.68,3.96,39.52,29.13,7.57,0.5,0.0,31.3,66.1,2.6,1.78,74,0.0181,5.6,60,stable_mid
m_1497,63116,689990,7.99,98,43.56,12.47,0.286,27,34,41,51,68,78,91.25,3.35,39.35,30.0,6.7,0.81,0.0,10.0,86.1,4.0,1.66,103,0.0423,5.7,27,stable_mid
m_1498,62932,691010,8.0,99,42.53,12.5,0.294,25,33,41,51,65,77,91.72,3.51,45.22,37.51,8.89,0.73,0.0,14.5,83.0,2.5,1.59,40,0.0331,5.6,27,stable_mid
m_1499,60693,685210,7.93,102,36.09,13.79,0.382,18,25,34,44,61,79,89.17,5.46,44.8,33.59,7.17,0.56,0.0,37.4,60.4,2.2,1.79,116,0.003,5.7,63,stable_mid
m_1500,63182,690310,7.99,98,45.67,11.32,0.248,28,37,45,53,65,74,89.28,5.05,46.06,40.09,10.93,0.7,0.0,7.0,90.8,2.1,1.44,1,-0.0354,5.6,36,stable_mid
m_1501,63436,691180,8.0,98,37.35,11.89,0.318,21,28,36,46,58,69,91.1,4.03,41.11,33.3,6.38,0.69,0.0,30.1,68.9,1.0,1.61,4,-0.0163,7.9,27,stable_mid
m_1502,60720,691190,8.0,102,38.87,12.39,0.319,22,30,37,47,62,74,92.35,2.93,34.79,26.18,9.1,0.51,0.0,24.5,73.7,1.8,1.68,2,0.0105,5.6,97,stable_mid
m_1503,60281,691190,8.0,103,47.19,13.24,0.281,30,37,45,55,71,90,91.72,3.77,39.72,31.79,8.13,0.45,0.0,4.3,89.7,6.1,1.58,2,0.0375,7.4,45,stable_mid
m_1504,59638,691190,8.0,104,42.41,12.04,0.284,25,33,41,50,64,74,91.33,4.52,44.58,38.6,7.75,0.68,0.0,14.7,83.3,2.1,1.56,0,-0.0059,5.7,96,stable_mid
m_1505,62631,689110,7.98,99,33.88,12.58,0.371,18,24,32,41,58,73,91.11,3.98,43.29,32.69,6.62,0.46,0.0,42.6,56.1,1.3,1.81,12,-0.0265,6.5,33,stable_mid
m_1506,60984,687470,7.96,101,34.19,12.75,0.373,17,25,32,41,58,75,90.23,5.01,49.57,38.06,6.43,0.59,0.0,40.4,58.1,1.5,1.81,1,-0.0283,5.5,36,stable_mid
m_1507,62545,687840,7.96,99,39.1,14.34,0.367,21,29,37,47,65,90,89.95,4.87,37.04,27.6,6.64,0.63,0.0,28.0,68.4,3.6,1.76,8,0.0715,5.9,37,stable_mid
m_1508,64567,689420,7.98,96,37.78,11.63,0.308,22,29,36,45,59,73,91.81,3.58,45.63,35.66,6.28,0.51,0.0,25.8,72.9,1.3,1.64,8,0.0036,5.6,21,stable_mid
m_1509,62496,689460,7.98,99,36.5,15.12,0.414,19,26,33,43,66,89,91.26,3.19,34.42,24.99,6.48,0.55,0.0,37.5,57.8,4.7,2.0,1,0.0512,5.7,28,stable_mid
m_1510,61779,691190,8.0,101,32.26,12.5,0.388,16,23,30,40,55,70,89.39,4.93,40.58,30.26,5.09,0.4,0.0,47.6,51.4,1.0,1.83,3,0.0072,5.7,47,stable_mid
m_1511,64070,691180,8.0,97,29.36,12.72,0.433,12,20,27,37,52,67,85.58,9.09,39.92,28.75,4.48,0.56,0.2,55.9,43.1,0.8,1.93,1,0.0198,5.6,19,stable_mid
m_1512,62104,682780,7.9,99,40.79,12.81,0.314,23,31,39,49,64,77,90.91,3.99,36.79,27.19,7.21,0.77,0.0,20.8,76.7,2.5,1.64,62,0.0003,5.7,32,stable_mid
m_1513,60482,691190,8.0,103,42.74,13.79,0.323,23,32,41,52,67,78,87.91,5.51,43.31,33.3,9.15,0.6,0.0,17.9,78.4,3.6,1.63,61,0.0079,5.6,68,stable_mid
m_1514,58950,691190,8.0,103,41.41,11.88,0.287,25,32,40,49,63,77,91.02,3.95,43.2,33.8,8.28,0.47,0.0,15.5,82.4,2.1,1.58,46,0.0048,5.5,93,stable_mid
m_1515,62610,689990,7.99,99,50.09,10.26,0.205,34,42,50,58,67,75,89.11,5.88,50.86,47.36,8.66,0.89,0.0,1.2,96.1,2.7,1.34,2,0.0025,6.0,36,stable_high
m_1516,62117,687460,7.96,100,31.33,13.46,0.43,14,21,29,39,56,73,87.04,6.8,37.9,26.57,6.67,0.54,0.1,51.7,46.9,1.3,1.93,54,-0.001,5.6,53,stable_mid
m_1517,60908,681010,7.88,101,39.87,12.77,0.32,22,30,38,48,63,77,91.56,3.46,51.6,43.88,6.69,0.87,0.0,23.3,74.6,2.0,1.66,9,0.0523,5.9,36,stable_mid
m_1518,62202,691190,8.0,100,42.28,12.54,0.297,25,33,40,50,66,76,90.26,4.14,43.22,34.26,7.73,0.86,0.0,14.7,82.3,2.9,1.65,14,0.0209,5.7,54,stable_mid
m_1519,61037,690010,7.99,102,37.68,12.19,0.324,22,28,36,45,60,75,91.2,3.95,37.21,27.32,6.47,0.44,0.0,28.5,69.8,1.6,1.67,9,0.0145,9.0,54,stable_mid
m_1520,59585,691190,8.0,104,39.76,12.57,0.316,23,30,38,48,64,75,91.38,3.85,45.61,39.35,9.75,0.68,0.0,22.6,75.3,2.1,1.68,17,0.0184,6.2,65,stable_mid
m_1521,60105,690680,7.99,103,40.8,11.94,0.293,25,32,39,48,62,76,91.76,3.5,46.4,38.3,8.15,0.66,0.0,17.0,81.1,2.0,1.59,7,-0.0115,5.6,63,stable_mid
m_1522,59564,689910,7.99,104,49.8,11.46,0.23,33,41,49,57,72,80,91.24,3.41,48.71,44.23,11.5,0.83,0.0,1.6,92.5,5.9,1.47,0,0.0418,5.6,74,stable_mid
m_1523,59700,690310,7.99,104,43.49,11.73,0.27,27,34,42,52,64,73,92.12,3.14,46.31,39.23,10.26,1.11,0.0,11.3,87.1,1.7,1.52,1,0.0184,5.4,73,stable_mid
m_1524,62461,691190,8.0,100,41.31,15.47,0.374,22,30,39,49,71,90,91.04,3.68,39.39,28.99,8.59,0.51,0.0,23.7,71.0,5.3,1.82,8,0.0934,5.4,63,stable_mid
m_1525,60408,682510,7.9,102,44.91,11.6,0.258,29,36,43,53,66,76,91.96,3.34,44.5,39.32,9.56,0.69,0.0,6.8,90.4,2.8,1.53,1,0.0167,8.8,54,stable_mid
m_1526,59918,691190,8.0,104,47.51,10.7,0.225,32,39,47,55,66,75,91.97,3.14,46.01,39.02,9.28,0.83,0.0,2.6,95.0,2.5,1.4,0,0.0393,5.5,68,stable_mid
m_1527,63127,691190,8.0,99,52.99,9.6,0.181,37,46,53,60,68,75,90.04,4.15,50.07,46.59,54.8,0.92,0.0,0.5,96.4,3.1,1.28,0,0.0196,5.7,38,stable_high
m_1528,59129,691190,8.0,105,42.48,12.05,0.284,26,33,41,50,64,75,90.23,4.58,44.98,38.38,11.4,0.71,0.0,14.0,83.8,2.2,1.56,2,0.0294,5.9,81,stable_mid
m_1529,59659,687780,7.96,104,34.45,12.08,0.351,18,25,33,42,56,72,89.76,4.96,42.5,32.38,11.41,0.55,0.0,39.2,59.6,1.2,1.7,14,0.0211,6.5,71,stable_mid
m_1530,56133,668000,7.73,107,7.55,15.58,2.063,0,0,0,0,43,57,20.8,32.02,0.29,0.22,1.1,0.0,79.1,6.3,14.4,0.2,43.0,0,0.2126,14.2,54,bursty
m_1531,60208,691190,8.0,102,32.84,16.86,0.513,13,21,30,40,62,95,90.02,4.21,28.05,19.45,5.05,0.51,0.0,48.4,47.4,4.2,2.07,10,0.075,10.3,47,stable_mid
m_1532,62602,681020,7.88,98,30.66,12.3,0.401,15,22,28,38,54,69,88.16,9.42,41.49,31.3,5.44,0.61,0.0,53.5,45.5,1.0,1.93,5,0.0087,5.7,44,stable_mid
m_1533,62870,691190,8.0,99,38.67,15.69,0.406,20,27,36,46,68,91,90.44,4.18,46.19,36.75,6.47,0.48,0.0,31.1,64.1,4.7,1.89,15,0.066,5.7,35,stable_mid
m_1534,61784,691190,8.0,101,38.12,12.29,0.323,21,29,36,46,60,74,91.24,4.18,42.72,33.66,7.2,0.79,0.0,27.2,71.4,1.5,1.67,5,0.0046,5.6,53,stable_mid
m_1535,62799,691190,8.0,99,44.15,14.65,0.332,25,33,42,53,73,85,90.74,4.14,51.81,47.25,6.44,0.76,0.0,14.8,79.2,6.0,1.74,76,0.0702,5.5,54,stable_mid
m_1536,61853,691190,8.0,101,46.96,12.19,0.26,29,37,46,56,68,77,91.08,4.21,44.49,36.17,10.05,0.61,0.0,5.3,90.9,3.8,1.48,9,0.0386,5.6,57,stable_mid
m_1537,61248,691190,8.0,102,48.34,12.84,0.266,30,39,47,57,71,83,89.59,4.87,48.6,39.22,9.69,0.76,0.0,4.6,89.5,5.9,1.51,27,0.0192,5.6,60,stable_mid
m_1538,62271,691190,8.0,100,31.74,12.78,0.403,15,22,30,39,55,70,86.74,11.8,39.96,29.11,5.5,0.49,0.0,49.4,49.6,1.0,1.83,7,0.0032,6.6,54,stable_mid
m_1539,60818,687820,7.96,102,42.82,14.83,0.346,24,32,40,51,72,88,90.77,4.09,41.77,32.27,7.29,0.59,0.0,17.4,77.1,5.6,1.8,7,0.0705,5.6,45,stable_mid
m_1540,62954,691190,8.0,99,41.71,12.42,0.298,24,32,40,50,64,76,91.58,3.44,49.64,37.14,8.71,0.47,0.0,17.1,80.6,2.3,1.6,81,-0.008,5.6,53,stable_mid
m_1541,62004,685110,7.93,99,43.03,12.49,0.29,25,34,42,51,65,78,90.49,4.29,48.31,37.69,9.17,0.56,0.0,13.6,83.6,2.8,1.55,100,0.0014,5.7,54,stable_mid
m_1542,61929,691130,8.0,100,44.12,12.56,0.285,27,34,42,53,67,78,91.34,3.95,37.68,27.04,7.86,0.81,0.0,10.5,86.2,3.4,1.6,0,0.0318,5.6,48,stable_mid
m_1543,62858,681320,7.89,98,36.37,13.57,0.373,19,26,34,45,61,78,85.83,10.63,46.06,35.04,6.74,0.5,0.0,36.9,61.1,2.0,1.79,32,0.041,5.6,23,stable_mid
m_1544,59428,689410,7.98,104,48.53,11.85,0.244,30,40,48,57,68,80,90.92,3.39,44.93,37.41,12.83,0.56,0.0,4.0,92.0,4.0,1.42,2,0.064,5.6,81,stable_mid
m_1545,60137,690120,7.99,103,44.57,11.93,0.268,28,36,43,52,66,78,91.07,4.3,46.06,37.5,8.76,0.84,0.0,7.6,89.2,3.2,1.53,46,0.0438,9.3,63,stable_mid
m_1546,62312,691190,8.0,100,39.56,12.6,0.318,23,30,38,47,62,79,87.86,7.3,47.86,39.04,6.7,0.85,0.0,22.9,74.7,2.5,1.63,60,0.0019,5.7,36,stable_mid
m_1547,60970,691190,8.0,102,45.15,11.43,0.253,29,36,44,53,66,77,89.2,6.18,38.99,31.43,7.89,0.98,0.0,5.5,91.7,2.8,1.5,2,-0.0037,5.4,48,stable_mid
m_1548,63779,689100,7.98,97,42.59,11.92,0.28,26,34,41,50,64,76,91.35,4.23,44.64,40.71,9.71,0.71,0.0,13.1,84.6,2.2,1.56,0,0.0043,5.5,27,stable_mid
m_1549,59227,669550,7.75,102,9.96,21.87,2.195,0,0,0,0,59,89,18.15,32.99,0.25,0.2,1.01,0.0,79.2,4.0,12.6,4.2,59.0,0,0.2769,5.7,63,bursty
m_1550,62034,691190,8.0,100,36.53,14.01,0.383,14,27,35,45,62,74,89.67,6.04,42.46,35.01,7.04,0.59,0.0,31.8,66.3,1.8,1.77,26,-0.0682,5.7,60,stable_mid
m_1551,63053,687900,7.96,98,42.65,12.05,0.283,26,33,41,51,64,75,91.95,3.24,41.38,33.38,9.91,0.74,0.0,13.7,84.2,2.2,1.56,21,0.0303,5.9,36,stable_mid
m_1552,62437,691190,8.0,100,51.11,10.92,0.214,35,43,50,59,71,77,91.33,3.42,76.06,72.98,23.97,0.49,0.0,0.7,93.2,6.1,1.42,21,0.0087,6.0,63,stable_high
m_1553,60271,691180,8.0,103,31.72,12.66,0.399,15,22,30,39,55,69,85.56,13.42,41.82,30.5,3.0,0.51,0.0,49.6,49.5,1.0,1.83,2,-0.0254,6.4,63,stable_mid
m_1554,63375,691190,8.0,98,50.36,10.03,0.199,35,43,50,57,68,74,91.49,3.3,43.48,33.6,7.6,0.31,0.0,0.6,96.0,3.3,1.36,9,0.0272,5.5,46,stable_high
m_1555,60931,690300,7.99,102,38.48,13.05,0.339,21,29,36,46,63,77,91.68,3.46,41.27,32.0,7.42,0.47,0.0,27.4,70.3,2.3,1.75,24,0.0217,6.2,62,stable_mid
m_1556,61996,691190,8.0,100,37.75,14.47,0.383,19,27,35,46,64,83,89.2,5.06,46.64,33.83,7.85,0.43,0.0,33.0,63.6,3.4,1.83,295,0.0178,6.2,43,stable_mid
m_1557,60946,691190,8.0,102,38.93,12.46,0.32,22,30,37,47,62,76,88.92,5.29,45.25,33.87,8.13,0.55,0.0,24.7,73.4,1.9,1.68,9,0.0103,5.6,63,stable_mid
m_1558,61533,691190,8.0,101,41.45,12.73,0.307,24,32,40,50,65,77,91.61,3.31,46.2,37.09,8.25,0.64,0.0,18.2,79.0,2.8,1.62,39,0.0319,7.4,36,stable_mid
m_1559,62108,684790,7.93,99,48.24,12.1,0.251,32,39,47,56,70,86,91.12,3.81,36.37,31.99,7.22,0.45,0.0,2.6,92.2,5.2,1.49,1,0.0439,5.6,37,stable_mid
m_1560,60227,691190,8.0,103,38.09,12.11,0.318,22,29,36,45,61,72,91.93,3.16,46.27,37.05,6.07,0.59,0.0,26.8,71.8,1.4,1.69,1,-0.0098,5.5,81,stable_mid
m_1561,61494,691190,8.0,101,36.95,12.65,0.342,20,27,35,45,60,76,91.3,3.61,46.93,35.61,6.71,0.55,0.0,31.9,66.4,1.7,1.71,5,-0.0252,5.9,54,stable_mid
m_1562,63127,690120,7.99,98,31.23,12.76,0.409,14,21,29,39,54,69,90.52,3.78,42.26,31.53,5.57,0.89,0.0,50.8,48.2,1.0,1.86,3,-0.0037,5.6,33,stable_mid
m_1563,63807,691190,8.0,97,42.89,12.18,0.284,26,34,41,50,65,78,91.58,3.13,50.3,39.04,7.3,0.58,0.0,12.6,84.8,2.6,1.59,37,0.0268,5.9,36,stable_mid
m_1564,60705,678480,7.85,101,1.21,5.66,4.67,0,0,0,0,1,32,6.44,7.1,0.02,0.02,0.13,0.16,95.3,3.2,1.4,0.0,1.0,0,0.0366,7.4,33,bursty
m_1565,63095,691190,8.0,99,34.44,12.43,0.361,18,25,33,42,57,72,89.98,4.43,43.77,32.45,10.79,0.45,0.0,40.0,58.7,1.2,1.73,4,0.0196,5.6,36,stable_mid
m_1566,63281,691190,8.0,98,43.81,12.49,0.285,26,34,43,52,66,77,91.77,3.27,43.17,35.6,6.91,0.69,0.0,12.0,85.1,3.0,1.53,158,0.0117,5.7,41,stable_mid
m_1567,62488,690120,7.99,99,31.93,13.78,0.432,13,22,30,40,57,75,89.77,5.3,36.89,22.82,5.5,0.31,0.0,48.5,49.9,1.6,1.9,91,0.0379,5.6,56,stable_mid
m_1568,62379,684290,7.92,99,47.02,12.31,0.262,30,38,45,55,69,83,91.27,3.61,45.12,37.63,7.69,0.88,0.0,4.9,90.6,4.5,1.53,19,0.019,5.4,48,stable_mid
m_1569,61222,691190,8.0,102,32.26,13.33,0.413,14,22,30,40,57,72,89.14,4.71,41.84,30.56,3.12,0.43,0.0,48.0,50.8,1.2,1.9,11,0.002,5.6,72,stable_mid
m_1570,60715,684700,7.92,101,38.78,12.27,0.317,22,30,37,46,61,76,91.85,2.94,44.07,34.88,7.33,0.72,0.0,24.8,73.5,1.7,1.65,8,-0.0017,5.8,55,stable_mid
m_1571,58776,691190,8.0,106,4.56,1.12,0.246,3,4,5,5,6,7,84.9,1.17,21.71,15.24,1.03,0.03,43.2,56.8,0.0,0.0,1.2,0,0.0039,6.4,90,idle_pure
m_1572,61727,691190,8.0,101,30.35,12.35,0.407,14,21,28,38,53,67,90.56,3.82,41.28,29.89,5.18,0.48,0.1,53.3,45.9,0.8,1.89,5,0.0093,5.6,54,stable_mid
m_1573,61309,688790,7.97,101,41.25,12.34,0.299,24,32,40,49,63,79,91.04,3.85,49.58,41.67,7.96,0.61,0.0,18.1,79.6,2.4,1.58,89,0.0178,5.6,49,stable_mid
m_1574,62253,688780,7.97,100,42.42,12.25,0.289,25,33,41,50,65,76,91.79,3.3,45.46,38.96,7.74,0.82,0.0,14.8,82.8,2.4,1.59,65,0.0263,5.8,38,stable_mid
m_1575,61028,691190,8.0,102,43.33,11.46,0.265,27,35,42,51,64,74,90.98,3.98,43.73,35.67,7.86,0.85,0.0,9.8,88.4,1.8,1.52,0,0.0239,5.8,64,stable_mid
m_1576,61883,689110,7.98,100,36.61,13.15,0.359,19,27,34,45,61,77,91.65,3.28,42.11,31.12,7.28,0.48,0.0,35.1,63.0,1.9,1.79,37,0.0286,10.3,31,stable_mid
m_1577,59861,691190,8.0,104,40.85,11.86,0.29,24,32,40,49,62,73,91.11,3.71,55.55,52.44,6.85,0.83,0.0,18.6,79.8,1.6,1.55,3,0.0137,8.4,75,stable_mid
m_1578,61240,691190,8.0,102,44.65,12.68,0.284,27,35,43,53,67,78,90.19,4.43,42.69,34.68,8.84,0.71,0.0,9.5,87.0,3.5,1.56,4,0.0491,5.5,27,stable_mid
m_1579,61351,690520,7.99,101,45.4,13.04,0.287,27,36,44,53,70,82,90.8,3.79,40.57,32.31,8.85,0.76,0.0,8.6,86.3,5.1,1.59,16,0.0618,8.2,54,stable_mid
m_1580,60113,691190,8.0,103,44.87,11.64,0.259,28,36,44,53,66,75,91.39,3.61,45.72,38.61,8.33,0.72,0.0,7.5,90.0,2.5,1.5,2,0.0103,5.7,72,stable_mid
m_1581,61445,691180,8.0,101,49.86,11.51,0.231,33,41,49,58,70,81,90.94,3.81,46.87,39.47,9.49,0.76,0.0,1.6,93.1,5.3,1.43,11,0.0331,5.6,47,stable_mid
m_1582,60860,687850,7.96,102,33.85,16.02,0.473,15,22,30,42,63,92,90.37,4.83,40.4,29.49,9.1,0.38,0.0,47.6,48.7,3.7,2.1,9,0.0568,5.9,55,stable_mid
m_1583,61801,683040,7.91,99,0.0,0.01,1.393,0,0,0,0,0,0,3.0,0.0,0.01,0.01,0.0,1.0,100.0,0.0,0.0,0.0,0.0,0,-0.0,5.6,56,bursty
m_1584,59803,686520,7.95,103,34.51,13.07,0.379,17,25,33,42,58,74,89.38,4.36,40.62,29.82,10.93,0.52,0.0,39.6,58.9,1.5,1.76,26,-0.0024,5.4,72,stable_mid
m_1585,63125,691190,8.0,98,41.85,11.91,0.285,25,33,40,49,64,75,91.19,3.56,44.91,35.48,7.68,0.54,0.0,14.3,83.7,2.0,1.6,42,0.021,5.8,45,stable_mid
m_1586,58558,691190,8.0,106,40.0,12.38,0.31,23,31,38,48,62,78,90.55,5.4,40.81,31.2,8.22,0.39,0.0,21.6,76.2,2.2,1.63,8,0.0231,5.6,63,stable_mid
m_1587,61519,685820,7.94,100,17.42,4.95,0.284,9,12,19,21,24,26,93.02,1.48,30.07,30.83,3.09,1.0,0.0,99.9,0.1,0.0,1.26,0,0.0113,5.5,45,stable_mid
m_1588,59440,691190,8.0,105,41.42,15.59,0.376,22,30,39,49,71,92,91.61,3.25,47.99,35.51,7.63,0.49,0.0,23.0,71.7,5.3,1.82,56,0.083,5.8,55,stable_mid
m_1589,60813,685200,7.93,101,37.55,11.62,0.31,22,29,35,45,59,73,84.87,10.25,42.47,34.81,6.53,0.49,0.0,26.8,71.8,1.4,1.69,9,0.0056,5.5,57,stable_mid
m_1590,61172,691000,8.0,102,37.62,12.58,0.334,21,28,35,45,61,76,91.07,4.19,47.59,36.2,7.48,0.53,0.0,29.7,68.5,1.8,1.74,27,0.0148,5.4,72,stable_mid
m_1591,62500,689710,7.98,99,45.81,12.53,0.273,28,36,45,54,67,80,87.06,5.86,37.28,28.65,7.52,0.86,0.0,7.8,88.5,3.7,1.49,104,0.0482,5.6,45,stable_mid
m_1592,60863,686110,7.94,101,30.36,12.57,0.414,14,21,28,38,53,70,89.83,4.7,40.56,29.33,6.31,0.48,0.0,54.2,44.8,1.0,1.89,10,-0.0234,5.6,72,stable_mid
m_1593,61497,691190,8.0,101,49.13,9.94,0.202,34,42,49,56,66,75,91.53,3.4,47.81,39.84,8.41,0.75,0.0,0.9,96.7,2.4,1.35,0,0.017,5.6,54,stable_mid
m_1594,63602,691190,8.0,98,41.14,12.59,0.306,24,32,39,48,65,79,91.14,3.57,45.01,35.93,4.18,0.52,0.0,17.2,79.9,2.9,1.67,172,0.0074,5.7,47,stable_mid
m_1595,61842,687460,7.96,100,49.29,9.98,0.202,34,42,49,56,66,74,90.72,3.78,44.28,37.87,8.58,1.12,0.0,1.2,96.5,2.3,1.35,0,0.0283,5.4,43,stable_mid
m_1596,61018,691190,8.0,102,41.11,12.06,0.293,24,32,39,49,63,75,89.05,5.7,39.75,30.44,9.31,0.75,0.0,16.6,81.5,1.9,1.62,27,0.0195,5.5,55,stable_mid
m_1597,59897,691190,8.0,103,33.9,13.2,0.389,17,24,32,41,59,75,88.04,5.35,41.99,32.39,6.86,0.57,0.0,43.3,55.0,1.7,1.84,41,-0.0112,5.6,69,stable_mid
m_1598,62906,691190,8.0,99,34.42,11.59,0.337,19,26,33,41,56,68,91.42,3.73,39.93,33.08,7.7,0.8,0.0,38.5,60.6,0.9,1.7,3,-0.0398,5.7,45,stable_mid
m_1599,62858,689070,7.98,99,43.43,13.55,0.312,25,34,41,51,68,87,90.96,3.75,46.03,36.02,7.68,0.64,0.0,13.5,82.0,4.5,1.66,55,0.043,5.5,45,stable_mid
m_1600,62323,689120,7.98,100,47.84,11.16,0.233,31,39,47,56,66,75,90.11,4.53,45.78,39.2,11.38,0.62,0.0,3.4,93.9,2.7,1.4,17,0.024,5.4,36,stable_mid
m_1601,61374,684730,7.93,100,44.73,11.9,0.266,28,36,43,53,66,77,91.33,3.58,42.71,34.61,7.86,0.87,0.0,8.3,89.1,2.7,1.53,9,0.013,6.4,56,stable_mid
m_1602,62360,691190,8.0,100,54.2,10.37,0.191,36,47,55,62,70,77,89.93,4.13,48.29,43.03,57.04,0.96,0.0,0.8,93.9,5.3,1.27,20,0.0124,5.6,55,stable_high
m_1603,62203,691190,8.0,100,47.89,11.3,0.236,32,39,46,55,68,78,91.03,3.53,46.74,37.82,12.66,0.4,0.0,2.4,93.6,4.0,1.48,14,-0.0032,5.6,45,stable_mid
m_1604,61132,691190,8.0,102,43.61,12.23,0.28,26,34,42,52,66,76,91.45,3.52,42.86,35.24,8.68,0.66,0.0,11.6,85.9,2.5,1.57,58,0.0246,5.6,66,stable_mid
m_1605,63482,691190,8.0,98,35.21,12.78,0.363,18,26,34,43,59,74,89.9,4.5,41.41,30.78,7.43,0.5,0.0,37.3,61.3,1.5,1.74,8,-0.0043,5.7,27,stable_mid
m_1606,61714,691180,8.0,101,49.95,10.87,0.218,33,42,50,58,68,76,89.82,4.67,44.74,36.13,13.44,0.4,0.0,2.1,94.4,3.5,1.36,1,-0.0006,7.6,44,stable_mid
m_1607,58939,691000,8.0,106,32.32,13.57,0.42,14,22,30,40,57,74,90.14,4.19,39.56,27.88,6.09,0.44,0.0,48.2,50.3,1.5,1.9,15,0.0186,5.6,74,stable_mid
m_1608,61774,691190,8.0,101,32.44,12.12,0.374,16,24,31,39,55,69,90.44,4.08,41.8,31.02,5.26,0.68,0.0,45.9,53.1,1.0,1.77,6,-0.0271,6.9,54,stable_mid
m_1609,62692,691070,8.0,99,43.61,12.35,0.283,26,34,42,52,65,75,91.03,5.1,44.41,36.18,12.47,0.59,0.0,12.3,85.3,2.4,1.55,28,0.0052,5.7,45,stable_mid
m_1610,62388,691190,8.0,100,34.11,13.4,0.393,15,24,32,42,58,73,90.49,5.14,34.19,23.99,5.9,0.4,0.1,40.9,57.6,1.4,1.81,20,0.0823,5.7,63,stable_mid
m_1611,61826,691190,8.0,101,44.09,14.21,0.322,26,34,42,52,71,88,91.24,3.89,43.27,36.12,10.08,0.73,0.0,13.1,81.6,5.3,1.69,1,0.0685,5.7,63,stable_mid
m_1612,62823,691190,8.0,99,41.99,13.26,0.316,24,32,40,50,66,80,83.92,8.61,24.16,18.86,9.51,0.69,0.0,17.7,79.1,3.2,1.65,83,0.0153,5.6,28,stable_mid
m_1613,62926,691180,8.0,99,35.23,13.23,0.375,18,25,33,43,60,75,90.76,3.94,44.07,34.15,7.34,0.75,0.0,39.6,58.8,1.6,1.82,6,0.0151,5.9,36,stable_mid
m_1614,62092,691190,8.0,100,36.6,12.4,0.339,20,27,34,44,59,75,91.86,3.2,34.5,27.61,9.77,0.2,0.0,33.0,65.4,1.6,1.74,33,-0.0152,5.6,38,stable_mid
m_1615,60907,691190,8.0,102,30.69,13.01,0.424,13,21,29,38,54,69,90.34,4.2,38.85,27.87,5.0,0.41,0.0,51.1,47.9,1.0,1.86,8,0.0162,6.4,71,stable_mid
m_1616,60745,691190,8.0,102,43.76,12.13,0.277,27,35,42,51,66,77,91.36,3.37,37.12,28.22,7.99,0.6,0.0,10.6,86.2,3.2,1.57,31,0.0241,5.7,65,stable_mid
m_1617,61557,691190,8.0,101,37.26,12.35,0.331,21,28,35,45,60,73,88.77,6.21,44.25,44.13,6.68,0.54,0.0,30.6,68.0,1.4,1.71,4,0.0295,5.5,38,stable_mid
m_1618,59913,685820,7.94,103,19.11,14.72,0.77,4,7,14,29,47,61,86.14,7.11,18.31,12.64,2.7,0.51,7.3,68.3,24.0,0.4,3.36,16,0.0085,6.3,63,bursty
m_1619,61808,691180,8.0,101,32.33,13.48,0.417,14,22,31,40,58,72,90.3,3.78,40.64,28.8,6.14,0.45,0.0,47.0,51.7,1.3,1.87,12,-0.0142,6.8,45,stable_mid
m_1620,63344,686110,7.94,97,41.75,12.81,0.307,23,32,40,50,65,77,90.6,4.12,43.96,37.17,11.05,0.55,0.0,18.2,79.0,2.8,1.62,88,0.0102,5.7,20,stable_mid
m_1621,60800,691190,8.0,102,48.87,10.92,0.223,32,40,48,57,67,75,91.12,3.98,46.63,39.01,9.62,0.68,0.0,1.7,95.0,3.3,1.4,3,0.0146,6.1,55,stable_mid
m_1622,60551,687450,7.96,102,50.55,10.17,0.201,34,43,51,58,67,76,90.82,3.87,48.73,43.48,12.62,0.45,0.0,1.6,95.5,2.9,1.31,1,0.0001,5.5,65,stable_high
m_1623,62210,689110,7.98,100,39.29,11.96,0.304,23,30,37,47,61,75,91.48,3.43,46.69,41.93,6.58,0.7,0.0,22.3,76.1,1.6,1.65,8,0.0106,5.4,36,stable_mid
m_1624,61155,691190,8.0,102,5.59,1.0,0.179,4,5,5,6,7,8,90.32,0.66,22.16,17.49,1.09,0.01,10.1,89.9,0.0,0.0,1.4,0,0.0064,5.6,46,stable_low
m_1625,62289,689990,7.99,100,39.84,12.68,0.318,22,30,38,48,63,74,90.4,4.28,44.05,34.04,7.15,0.78,0.0,23.3,74.8,1.8,1.66,28,0.0064,5.4,54,stable_mid
m_1626,62405,691190,8.0,100,37.81,12.93,0.342,21,28,36,45,61,79,91.62,3.3,39.93,31.99,7.36,0.48,0.0,28.9,69.0,2.1,1.69,18,0.0262,5.7,63,stable_mid
m_1627,61179,691180,8.0,102,38.19,12.16,0.319,22,29,37,46,60,74,91.63,3.23,42.52,32.91,6.57,0.91,0.0,27.1,71.4,1.5,1.62,44,0.0261,5.7,63,stable_mid
m_1628,60260,679810,7.87,102,41.9,13.11,0.313,23,32,41,50,65,78,90.15,4.95,43.67,35.36,9.62,0.61,0.0,18.3,78.9,2.8,1.59,147,0.0185,5.7,55,stable_mid
m_1629,61772,689950,7.99,101,42.33,12.27,0.29,25,33,41,51,64,76,92.1,3.22,44.11,36.79,10.04,0.66,0.0,15.2,82.6,2.3,1.56,44,0.0037,5.7,57,stable_mid
m_1630,61402,676020,7.82,99,36.01,12.49,0.347,19,27,34,43,59,74,86.92,7.77,41.71,30.31,6.35,0.74,0.0,33.9,64.6,1.5,1.74,14,0.0025,5.5,56,stable_mid
m_1631,63137,691180,8.0,99,42.08,12.63,0.3,26,33,40,49,64,86,91.05,3.77,48.89,41.27,7.41,0.5,0.0,14.5,82.4,3.1,1.6,2,0.0363,5.6,27,stable_mid
m_1632,63899,691190,8.0,97,41.01,14.29,0.348,22,30,38,50,68,81,87.56,6.1,37.44,27.53,10.59,0.45,0.0,23.2,72.5,4.3,1.79,111,0.0019,5.6,27,stable_mid
m_1633,61693,691190,8.0,101,38.86,12.18,0.314,23,30,37,46,61,76,91.28,3.8,43.51,35.17,6.72,0.5,0.0,24.9,73.2,1.9,1.65,20,0.0225,5.6,71,stable_mid
m_1634,60619,691190,8.0,103,44.75,12.48,0.279,27,35,44,54,66,77,91.05,4.64,41.69,33.72,8.65,0.62,0.0,10.5,86.7,2.8,1.5,7,0.0091,5.6,60,stable_mid
m_1635,59987,688890,7.97,103,34.01,13.24,0.389,17,24,32,41,59,74,88.13,5.76,43.77,32.76,6.74,0.65,0.0,42.1,56.4,1.5,1.84,36,0.0114,6.5,54,stable_mid
m_1636,61910,691070,8.0,100,47.06,12.67,0.269,29,37,46,56,69,78,87.31,5.56,43.93,35.42,10.21,1.22,0.0,6.0,89.3,4.7,1.5,40,0.0112,5.6,52,stable_mid
m_1637,60177,691190,8.0,103,43.27,11.14,0.258,28,35,42,50,63,74,91.64,3.2,44.68,32.5,7.72,0.82,0.0,8.6,89.6,1.8,1.5,7,0.0237,5.7,90,stable_mid
m_1638,61853,691190,8.0,101,37.11,13.97,0.377,18,27,35,45,62,80,91.02,4.03,43.96,34.78,7.94,0.5,0.0,33.5,64.3,2.2,1.77,203,-0.0058,5.6,45,stable_mid
m_1639,61817,690310,7.99,101,33.86,15.08,0.446,15,23,31,41,60,96,88.88,6.63,45.15,32.27,5.68,0.36,0.0,44.8,52.5,2.7,1.94,32,0.0024,5.7,63,stable_mid
m_1640,63758,691190,8.0,98,37.08,15.4,0.415,20,27,34,43,68,91,91.5,3.51,36.44,27.72,7.72,0.43,0.0,35.2,60.0,4.8,2.0,30,0.0868,5.6,29,stable_mid
m_1641,62354,691190,8.0,100,38.9,13.05,0.336,21,29,37,47,63,78,91.79,3.41,40.63,31.87,7.78,0.57,0.0,26.5,71.4,2.1,1.7,9,0.0271,5.7,54,stable_mid
m_1642,62120,691190,8.0,100,34.85,16.15,0.463,16,23,32,42,64,92,90.84,3.89,41.75,30.19,3.48,0.47,0.0,43.2,52.7,4.1,2.0,9,0.075,5.6,54,stable_mid
m_1643,58982,691190,8.0,105,41.87,13.77,0.329,24,32,40,50,66,89,82.63,12.61,47.17,37.29,7.37,0.45,0.0,18.1,78.3,3.6,1.65,62,0.0445,5.6,73,stable_mid
m_1644,61664,691190,8.0,101,43.83,11.94,0.272,27,35,42,51,65,78,91.14,3.82,43.77,33.64,60.19,0.32,0.0,9.6,87.6,2.8,1.55,0,0.0242,5.7,63,stable_mid
m_1645,61874,691190,8.0,101,50.07,11.94,0.238,34,41,48,57,72,83,91.69,3.28,44.55,37.54,9.34,0.73,0.0,1.2,92.6,6.2,1.5,2,0.0526,5.7,54,stable_high
m_1646,62116,681840,7.89,99,40.93,14.66,0.358,23,31,38,48,69,89,91.46,3.59,43.98,38.74,12.41,0.6,0.0,21.6,73.4,5.0,1.82,0,0.0513,5.6,43,stable_mid
m_1647,60710,688790,7.97,102,36.4,16.29,0.448,18,25,33,43,66,94,91.14,3.86,36.75,26.11,7.17,0.35,0.0,39.4,55.9,4.6,2.0,62,0.0501,6.0,45,stable_mid
m_1648,62514,691190,8.0,99,39.69,11.71,0.295,24,31,38,47,61,76,91.32,3.59,38.2,28.59,6.25,0.57,0.0,19.9,78.3,1.8,1.61,9,0.0119,5.5,46,stable_mid
m_1649,60907,688900,7.97,102,37.92,12.98,0.342,20,28,36,46,62,76,91.98,3.17,40.02,31.5,8.41,0.59,0.0,28.7,69.2,2.0,1.72,44,0.0061,6.6,63,stable_mid
m_1650,62314,691190,8.0,100,41.13,12.03,0.293,24,32,40,48,63,76,91.27,3.66,48.1,44.23,7.52,0.66,0.0,16.5,81.1,2.4,1.58,15,0.0237,5.7,45,stable_mid
m_1651,62055,685880,7.94,99,36.35,12.73,0.35,19,27,35,44,59,73,89.98,5.51,36.98,27.1,6.62,0.58,0.0,33.5,65.1,1.4,1.69,5,0.0329,5.5,45,stable_mid
m_1652,61953,691190,8.0,100,30.1,13.41,0.446,13,20,27,38,55,74,87.73,5.89,19.13,13.32,3.8,0.49,0.0,56.9,41.6,1.5,2.04,63,-0.0153,5.6,37,stable_mid
m_1653,60209,687790,7.96,103,32.35,11.74,0.363,16,24,31,40,53,67,90.59,4.73,40.49,30.33,3.13,0.7,0.0,45.0,54.1,0.9,1.71,2,-0.0178,5.6,60,stable_mid
m_1654,63700,691070,8.0,98,42.4,12.92,0.305,24,32,41,51,66,76,91.14,3.7,42.82,34.71,9.82,0.84,0.0,16.6,80.5,2.9,1.61,64,0.0398,5.5,36,stable_mid
m_1655,62234,677590,7.84,98,40.32,12.52,0.311,23,31,38,48,63,76,88.88,5.79,45.3,35.06,7.96,0.67,0.0,21.3,76.6,2.1,1.66,5,0.019,5.7,35,stable_mid
m_1656,59890,691190,8.0,104,44.01,12.73,0.289,26,36,44,53,64,74,90.55,5.42,37.05,32.18,9.61,0.86,0.0,9.5,88.7,1.9,1.45,0,-0.0193,5.5,70,stable_mid
m_1657,63680,691190,8.0,98,35.15,12.73,0.362,18,26,33,43,59,73,90.34,4.06,40.64,29.94,5.65,0.59,0.0,37.5,61.1,1.4,1.79,8,0.0069,5.6,22,stable_mid
m_1658,61488,691190,8.0,101,45.63,12.61,0.276,27,36,45,55,67,76,91.59,3.36,42.53,37.24,8.97,0.81,0.0,9.6,87.5,2.9,1.49,53,0.0121,5.6,60,stable_mid
m_1659,62751,690680,7.99,99,39.03,14.66,0.376,22,29,36,46,66,88,91.01,3.95,34.71,26.02,7.62,0.54,0.0,27.6,67.9,4.6,1.83,2,0.0559,5.6,50,stable_mid
m_1660,61762,691190,8.0,101,44.68,12.1,0.271,27,36,43,53,66,76,90.14,4.12,46.37,39.95,8.93,0.72,0.0,9.5,87.5,3.0,1.53,50,0.0057,5.6,46,stable_mid
m_1661,59910,691190,8.0,102,39.07,12.29,0.314,22,30,37,47,62,73,92.18,3.19,40.45,32.8,8.61,0.89,0.0,24.8,73.6,1.6,1.68,1,0.0096,6.2,58,stable_mid
m_1662,61645,690680,7.99,101,28.18,12.49,0.443,11,19,26,36,51,67,90.51,3.74,38.73,27.37,4.99,0.8,0.0,59.2,40.0,0.8,1.96,2,-0.05,7.5,54,stable_mid
m_1663,62485,683390,7.91,98,44.14,11.47,0.26,27,35,43,52,64,75,91.45,3.63,44.99,37.39,8.13,0.79,0.0,8.9,89.1,2.0,1.49,5,0.0056,6.8,34,stable_mid
m_1664,63968,691030,8.0,97,39.9,13.42,0.336,22,30,38,48,65,79,89.77,4.06,48.96,35.77,6.74,0.62,0.0,24.4,72.5,3.1,1.71,191,0.0292,5.4,22,stable_mid
m_1665,61626,688900,7.97,101,33.47,14.03,0.419,15,23,31,42,58,79,82.64,14.24,10.95,7.47,5.87,0.63,0.0,44.2,53.8,2.0,1.87,187,0.0466,6.7,41,stable_mid
m_1666,61594,683100,7.91,100,48.24,10.61,0.22,33,40,47,55,66,77,90.99,3.28,45.78,39.06,13.74,0.57,0.0,1.7,95.4,2.8,1.4,0,0.0023,9.1,36,stable_mid
m_1667,61602,691190,8.0,101,44.15,13.12,0.297,27,34,42,52,68,86,88.92,5.08,39.12,28.87,7.88,0.53,0.0,11.0,84.8,4.2,1.62,8,0.0435,5.7,54,stable_mid
m_1668,60198,667920,7.73,100,7.94,16.71,2.105,0,0,0,0,45,63,19.67,31.24,0.25,0.19,1.14,0.0,79.5,4.2,15.6,0.7,45.0,0,0.2148,5.4,36,bursty
m_1669,60838,691180,8.0,102,39.35,12.43,0.316,23,30,37,47,62,78,91.64,3.56,39.91,31.93,9.09,0.84,0.0,22.9,74.8,2.3,1.68,98,0.0305,5.7,54,stable_mid
m_1670,60866,691190,8.0,102,40.73,14.17,0.348,22,30,38,49,65,91,89.59,6.13,42.67,32.26,7.33,0.57,0.0,22.0,74.4,3.6,1.71,6,0.0301,6.1,72,stable_mid
m_1671,61499,691180,8.0,101,42.84,13.97,0.326,25,33,40,50,71,86,91.54,3.35,43.93,35.75,9.13,0.79,0.0,14.6,80.0,5.3,1.78,56,0.0454,9.1,46,stable_mid
m_1672,62119,691190,8.0,100,60.56,7.87,0.13,47,55,61,67,73,76,88.17,6.08,68.75,51.19,6.06,0.41,0.0,0.0,85.9,14.1,1.2,0,0.0188,5.4,42,stable_high
m_1673,62724,691190,8.0,99,45.94,11.04,0.24,29,37,46,54,64,74,86.91,8.41,47.96,37.51,4.67,0.93,0.0,5.7,92.7,1.6,1.39,2,0.0095,5.8,36,stable_mid
m_1674,61337,691190,8.0,101,31.54,12.96,0.411,14,22,30,39,55,71,87.03,8.11,35.83,25.09,4.59,0.44,0.0,49.9,49.0,1.1,1.83,3,0.0319,7.0,53,stable_mid
m_1675,62215,691190,8.0,100,42.07,13.08,0.311,24,32,40,51,66,76,89.22,5.62,53.25,47.06,7.02,0.94,0.0,18.1,79.0,2.9,1.65,1,0.0585,5.7,45,stable_mid
m_1676,61068,691190,8.0,102,47.81,12.7,0.266,30,38,46,56,71,81,86.19,7.06,41.22,32.12,8.22,0.75,0.0,4.3,90.0,5.7,1.54,0,0.05,5.4,64,stable_mid
m_1677,63638,689990,7.99,98,40.59,12.84,0.316,23,31,39,49,64,79,86.97,5.94,42.82,33.71,7.38,0.49,0.0,21.3,76.3,2.3,1.64,103,0.0107,5.5,27,stable_mid
m_1678,62534,691190,8.0,99,42.69,13.71,0.321,25,33,40,50,69,85,91.71,3.27,41.46,33.51,9.3,0.5,0.0,14.4,80.7,4.9,1.72,46,0.0666,5.6,54,stable_mid
m_1679,61550,689460,7.98,101,43.97,13.68,0.311,27,34,41,51,71,87,91.64,3.44,44.67,37.2,8.36,0.55,0.0,10.4,84.3,5.2,1.73,1,0.0603,7.5,59,stable_mid
m_1680,61302,691190,8.0,101,43.35,14.35,0.331,25,33,41,51,74,86,91.04,3.8,39.76,28.41,4.99,0.21,0.0,14.5,79.6,5.9,1.8,70,0.0781,5.8,41,stable_mid
m_1681,61542,682510,7.9,100,44.15,11.72,0.265,27,35,43,52,65,74,92.03,3.39,42.46,37.85,9.11,0.69,0.0,9.5,88.1,2.4,1.51,0,0.0117,5.7,42,stable_mid
m_1682,62152,691190,8.0,100,33.92,12.98,0.383,16,24,32,42,58,71,90.23,3.87,42.64,30.24,5.92,0.46,0.0,42.2,56.6,1.2,1.81,3,0.0206,6.0,36,stable_mid
m_1683,61656,685820,7.94,100,40.79,13.01,0.319,23,31,39,49,65,78,91.37,3.76,34.42,26.44,8.03,0.61,0.0,20.9,76.4,2.7,1.67,83,0.03,5.5,60,stable_mid
m_1684,62827,691070,8.0,99,32.11,12.55,0.391,16,23,30,39,56,70,89.0,5.19,36.77,26.63,5.28,0.54,0.0,48.3,50.7,1.0,1.87,10,-0.0082,5.6,28,stable_mid
m_1685,62845,691190,8.0,99,48.11,12.2,0.254,30,39,47,57,68,78,90.59,4.17,49.53,44.01,11.46,0.9,0.0,4.1,91.9,4.0,1.45,96,-0.0256,5.6,50,stable_mid
m_1686,59934,691190,8.0,104,34.57,12.17,0.352,18,25,33,42,56,71,90.87,3.64,42.07,30.37,8.12,0.51,0.0,39.0,60.0,1.1,1.7,5,0.01,5.7,67,stable_mid
m_1687,62793,691190,8.0,99,47.76,12.96,0.271,28,38,47,58,69,76,90.64,4.0,61.17,37.76,4.8,0.57,0.0,7.7,87.7,4.6,1.47,44,-0.0097,5.5,36,stable_mid
m_1688,62309,691190,8.0,100,31.18,13.03,0.418,13,21,29,39,55,70,90.56,3.96,36.78,24.39,5.53,0.57,0.0,50.7,48.3,1.1,1.9,2,-0.0333,5.6,45,stable_mid
m_1689,62642,691190,8.0,99,39.88,13.36,0.335,22,30,38,48,65,79,91.15,4.11,36.33,27.17,6.89,0.42,0.0,24.6,72.6,2.9,1.71,22,0.0006,5.7,47,stable_mid
m_1690,61236,686990,7.95,101,31.92,12.57,0.394,15,22,30,40,54,68,89.1,5.45,39.71,27.85,5.27,0.5,0.0,48.2,50.9,0.9,1.8,4,0.0209,5.6,54,stable_mid
m_1691,62933,674820,7.81,96,40.16,13.9,0.346,22,30,38,48,64,90,91.32,3.46,48.22,40.31,7.59,0.55,0.0,23.5,73.1,3.4,1.68,3,0.0366,5.9,27,stable_mid
m_1692,62109,688900,7.97,100,39.93,17.1,0.428,20,28,36,48,75,95,89.05,5.92,45.98,34.01,6.87,0.38,0.0,30.4,63.7,5.9,2.08,61,0.0652,9.1,42,stable_mid
m_1693,63253,691190,8.0,98,41.42,16.66,0.402,22,30,38,49,80,92,91.02,3.78,39.79,33.67,7.3,0.43,0.0,24.8,68.0,7.3,2.11,219,0.0584,5.5,54,stable_mid
m_1694,61033,691190,8.0,102,45.39,11.99,0.264,28,36,44,53,67,80,91.68,3.24,43.56,35.4,7.9,0.73,0.0,7.0,89.4,3.6,1.52,90,0.0432,6.4,36,stable_mid
m_1695,61525,690680,7.99,101,40.55,13.66,0.337,24,31,38,47,67,87,91.25,3.66,41.45,33.21,5.99,0.42,0.0,21.1,75.0,4.0,1.76,191,-0.0084,5.5,62,stable_mid
m_1696,60709,691190,8.0,102,42.25,13.7,0.324,24,32,41,50,66,90,91.75,3.16,46.61,36.99,7.76,0.55,0.0,16.8,79.4,3.7,1.61,81,0.044,5.9,61,stable_mid
m_1697,63144,689990,7.99,98,40.76,13.97,0.343,23,31,38,48,65,91,91.74,3.27,51.08,37.9,8.49,0.61,0.0,21.5,75.1,3.5,1.71,21,0.0421,5.6,37,stable_mid
m_1698,58579,691190,8.0,106,32.1,14.74,0.459,15,22,29,39,57,91,89.44,4.89,34.2,25.35,5.5,0.68,0.0,51.3,46.0,2.7,1.97,11,0.0458,5.5,81,stable_mid
m_1699,61902,691190,8.0,100,38.85,11.87,0.306,23,30,37,46,60,74,90.65,4.08,47.46,41.2,6.29,0.68,0.0,23.9,74.6,1.5,1.62,2,0.0242,5.4,46,stable_mid
m_1700,61313,691190,8.0,101,40.72,13.88,0.341,23,31,38,48,66,90,90.78,4.28,42.61,32.59,7.01,0.6,0.0,21.3,75.0,3.7,1.74,10,0.0251,5.8,64,stable_mid
m_1701,63033,691190,8.0,99,47.01,10.04,0.214,32,40,46,54,64,73,89.87,5.99,46.93,41.16,8.85,0.0,0.0,2.7,95.6,1.7,1.39,0,0.0296,5.6,27,stable_mid
m_1702,60041,691190,8.0,104,48.29,10.26,0.213,33,41,48,56,66,73,89.09,6.73,45.84,39.39,5.7,0.8,0.0,2.1,95.9,2.1,1.38,1,0.0156,5.6,63,stable_mid
m_1703,63792,688900,7.97,97,46.59,12.25,0.263,29,37,45,54,70,77,90.97,3.72,73.68,75.26,28.12,0.57,0.0,5.3,89.7,5.0,1.56,75,-0.0046,5.5,27,stable_mid
m_1704,61160,691180,8.0,102,37.26,12.54,0.337,21,28,35,45,60,75,84.53,11.5,43.06,32.58,11.44,0.6,0.0,30.9,67.6,1.5,1.71,11,0.0173,7.5,54,stable_mid
m_1705,61130,691070,8.0,102,42.37,13.21,0.312,24,32,41,51,67,79,89.66,4.75,39.07,31.16,7.93,0.5,0.0,16.5,80.1,3.5,1.63,29,0.0196,5.5,48,stable_mid
m_1706,36459,371840,4.3,92,16.07,26.32,1.638,0,0,0,31,89,91,28.56,37.96,0.43,0.43,1.57,0.0,66.2,7.3,19.5,7.0,89.0,0,0.6731,0.9,0,bursty
m_1707,60190,691190,8.0,103,43.53,14.02,0.322,26,33,41,51,71,87,87.93,5.51,42.93,33.63,7.66,0.61,0.0,13.3,81.4,5.2,1.73,0,0.0396,5.6,55,stable_mid
m_1708,61642,691190,8.0,101,42.1,12.26,0.291,25,33,41,50,64,78,91.96,3.22,45.3,39.48,8.5,0.58,0.0,15.0,82.6,2.5,1.56,75,0.0252,5.8,56,stable_mid
m_1709,61018,691190,8.0,102,55.07,14.8,0.269,31,44,54,67,79,81,90.99,3.89,48.43,39.63,6.51,0.44,0.0,3.7,75.7,20.6,1.46,6,-0.0144,5.7,54,stable_high
m_1710,60794,691190,8.0,102,37.0,12.3,0.332,20,28,35,45,59,73,91.03,4.01,42.27,33.27,7.12,0.44,0.0,30.5,68.0,1.5,1.69,61,0.0171,5.6,55,stable_mid
m_1711,61812,691190,8.0,101,34.58,17.01,0.492,15,23,31,41,68,94,88.57,5.2,42.03,30.39,5.77,0.45,0.0,44.7,50.4,4.9,2.19,41,0.0845,5.6,68,stable_mid
m_1712,61000,691190,8.0,102,38.28,11.92,0.312,22,29,36,46,60,73,91.88,3.33,42.31,32.9,6.06,0.43,0.0,25.9,72.6,1.4,1.67,2,0.0092,5.6,66,stable_mid
m_1713,61682,685180,7.93,100,32.78,13.28,0.405,15,23,31,41,57,73,89.56,5.25,47.98,35.05,5.59,0.37,0.0,45.9,52.8,1.3,1.84,17,-0.0155,5.6,45,stable_mid
m_1714,60545,691190,8.0,103,36.04,12.72,0.353,20,27,34,43,60,76,91.07,3.68,41.54,30.5,6.31,0.39,0.0,35.2,63.2,1.7,1.76,23,0.0002,5.5,72,stable_mid
m_1715,59926,691190,8.0,104,47.69,11.92,0.25,29,39,47,56,67,75,89.13,7.16,47.88,42.24,11.39,0.8,0.0,5.8,91.2,3.0,1.43,26,-0.0005,5.9,68,stable_mid
m_1716,61914,691190,8.0,100,35.91,13.89,0.387,17,26,34,44,61,77,61.5,18.88,2.93,2.32,9.08,0.63,0.0,37.2,60.5,2.2,1.79,57,-0.0375,5.5,45,stable_mid
m_1717,61121,688790,7.97,101,44.32,12.14,0.274,27,35,43,53,66,74,90.65,4.24,47.26,40.91,11.06,0.76,0.0,9.8,87.4,2.8,1.53,25,0.0167,5.6,63,stable_mid
m_1718,62033,691190,8.0,100,34.86,17.31,0.497,15,22,31,43,64,97,90.1,4.48,40.08,28.59,5.56,0.4,0.0,44.7,51.1,4.2,2.06,2,0.0931,5.6,44,stable_mid
m_1719,63572,691190,8.0,98,36.9,13.27,0.36,18,27,35,45,61,75,91.54,3.8,41.01,32.45,8.1,0.45,0.0,32.2,65.9,1.9,1.74,32,0.0013,5.9,30,stable_mid
m_1720,62510,689090,7.98,99,38.74,14.25,0.368,21,28,36,46,63,91,91.1,3.8,48.22,39.27,9.16,0.57,0.0,28.3,68.5,3.2,1.75,7,0.0225,7.3,39,stable_mid
m_1721,62678,685840,7.94,98,43.12,13.29,0.308,26,34,41,50,67,89,91.13,4.54,38.51,30.48,8.45,0.63,0.0,13.1,82.8,4.1,1.63,75,0.0388,5.6,51,stable_mid
m_1722,60416,691180,8.0,103,33.13,13.84,0.418,15,23,31,41,59,75,89.2,4.81,44.89,33.68,6.4,0.52,0.0,46.5,51.9,1.6,1.9,18,-0.0328,5.7,55,stable_mid
m_1723,60972,691190,8.0,102,38.21,12.82,0.335,20,28,37,47,61,75,91.54,3.57,45.75,36.16,7.39,0.61,0.0,28.3,70.1,1.6,1.65,33,0.0231,7.2,54,stable_mid
m_1724,61277,691180,8.0,102,46.78,14.35,0.307,28,36,44,55,76,88,89.21,6.68,47.92,41.54,4.04,0.33,0.0,7.3,85.1,7.6,1.73,30,0.0636,5.7,69,stable_mid
m_1725,63194,691190,8.0,98,40.52,12.92,0.319,23,31,39,48,64,78,89.88,4.5,48.51,37.14,8.7,0.68,0.0,21.6,75.8,2.7,1.64,29,0.0266,5.7,27,stable_mid
m_1726,58392,688790,7.97,106,0.0,0.01,1.372,0,0,0,0,0,0,3.0,0.0,0.01,0.01,0.0,0.99,100.0,0.0,0.0,0.0,0.0,0,-0.0,8.2,64,bursty
m_1727,60043,691190,8.0,104,32.54,12.88,0.396,15,23,30,40,56,71,90.58,3.77,40.61,30.86,5.15,0.42,0.0,47.1,51.8,1.2,1.87,11,0.0001,5.6,73,stable_mid
m_1728,61080,680080,7.87,100,42.93,15.23,0.355,24,32,40,51,73,89,91.61,3.9,41.61,33.98,9.93,0.66,0.0,18.6,75.6,5.8,1.82,33,0.0756,5.7,54,stable_mid
m_1729,63643,691190,8.0,98,40.06,13.3,0.332,23,31,38,47,63,90,90.05,3.4,48.35,41.93,6.34,0.9,0.0,20.9,75.8,3.3,1.66,6,0.0267,5.7,29,stable_mid
m_1730,60698,687460,7.96,102,42.71,12.04,0.282,25,34,41,50,64,76,91.2,3.73,46.1,36.03,8.17,0.68,0.0,12.9,84.9,2.2,1.56,35,-0.0143,5.6,72,stable_mid
m_1731,63536,691190,8.0,98,1.1,5.49,4.979,0,0,0,0,0,31,5.95,6.8,0.02,0.02,0.13,0.1,95.5,3.3,1.2,0.0,0.0,2,0.0332,5.6,20,bursty
m_1732,64264,691190,8.0,97,40.98,12.63,0.308,24,31,39,49,64,76,91.56,3.25,42.58,34.41,7.13,0.54,0.0,18.6,79.0,2.4,1.64,54,0.0569,5.6,36,stable_mid
m_1733,63831,691190,8.0,97,40.4,12.71,0.314,23,31,39,48,64,75,90.73,4.06,43.9,37.35,8.1,0.46,0.0,21.3,76.6,2.2,1.64,85,-0.0457,5.7,40,stable_mid
m_1734,58427,691190,8.0,106,47.84,14.64,0.306,28,36,46,57,76,86,88.52,5.44,48.91,41.79,12.45,0.65,0.0,7.9,84.1,8.0,1.65,24,0.0439,9.4,72,stable_mid
m_1735,60634,691190,8.0,103,43.84,12.47,0.284,26,35,42,52,66,77,89.85,6.31,47.92,39.15,7.1,0.98,0.0,11.7,85.4,2.9,1.57,43,-0.0055,5.6,63,stable_mid
m_1736,63194,688790,7.97,98,31.96,12.5,0.391,16,22,30,39,55,69,90.06,4.68,41.77,31.1,5.34,0.53,0.0,48.1,50.9,1.0,1.83,10,-0.008,5.6,23,stable_mid
m_1737,60786,691190,8.0,102,32.01,13.41,0.419,14,22,31,40,56,72,88.38,8.99,41.16,33.31,5.77,0.71,0.0,47.0,51.8,1.2,1.81,5,-0.0841,5.8,62,stable_mid
m_1738,63327,689420,7.98,98,41.05,12.4,0.302,24,31,39,49,64,77,90.84,4.05,43.51,35.27,8.07,0.59,0.0,18.4,79.3,2.2,1.64,29,0.0443,5.5,36,stable_mid
m_1739,62334,691190,8.0,100,36.52,12.77,0.35,20,27,34,44,60,76,91.52,3.45,41.8,31.54,5.91,0.42,0.0,33.9,64.5,1.6,1.76,56,0.0154,5.7,45,stable_mid
m_1740,61767,691070,8.0,101,42.39,13.33,0.315,25,33,40,50,66,88,92.04,3.05,46.32,38.05,8.92,0.64,0.0,15.7,80.6,3.7,1.65,34,0.033,6.3,65,stable_mid
m_1741,62014,691190,8.0,100,33.23,12.81,0.386,16,24,31,41,56,73,90.14,4.19,40.21,29.06,5.98,0.62,0.0,43.6,55.1,1.2,1.81,18,-0.004,5.6,55,stable_mid
m_1742,60310,691190,8.0,103,45.87,11.58,0.252,28,37,45,54,66,75,91.12,3.84,45.25,36.94,8.75,0.74,0.0,6.9,90.4,2.7,1.47,20,0.0124,5.7,56,stable_mid
m_1743,62021,691190,8.0,100,34.18,12.21,0.357,18,25,32,41,57,71,90.12,3.79,47.23,34.99,11.02,0.44,0.0,39.7,59.1,1.2,1.78,11,-0.0065,6.0,45,stable_mid
m_1744,61244,691190,8.0,102,29.56,12.37,0.418,13,20,28,37,53,67,90.68,3.67,41.18,30.94,5.21,0.43,0.0,56.2,43.0,0.8,1.89,11,-0.0175,5.5,54,stable_mid
m_1745,61788,685810,7.94,100,40.34,13.35,0.331,23,30,39,48,63,88,91.86,2.96,47.67,39.38,8.42,0.68,0.0,22.3,75.0,2.7,1.62,4,0.0601,5.6,45,stable_mid
m_1746,62392,691190,8.0,100,44.53,11.65,0.262,27,36,43,53,65,73,90.66,4.54,44.63,39.7,7.79,0.65,0.0,8.8,89.2,2.0,1.51,5,0.0083,5.7,45,stable_mid
m_1747,60195,691190,8.0,103,38.43,13.23,0.344,20,28,36,47,63,76,87.78,5.72,45.82,35.47,6.84,0.57,0.0,28.5,69.4,2.1,1.75,15,0.0081,9.0,48,stable_mid
m_1748,60765,691190,8.0,102,40.7,13.32,0.327,23,31,38,48,66,82,91.21,3.57,46.24,38.14,7.82,0.68,0.0,20.7,75.7,3.6,1.74,103,0.011,5.9,63,stable_mid
m_1749,63010,691190,8.0,98,44.78,13.24,0.296,25,35,44,54,67,82,90.15,4.43,43.56,33.17,9.12,0.36,0.0,12.3,83.8,3.9,1.52,8,0.0585,5.6,37,stable_mid
m_1750,61680,687960,7.96,100,40.69,12.62,0.31,24,31,39,48,65,79,91.55,3.38,41.04,32.65,6.8,0.74,0.0,18.9,78.1,3.1,1.67,160,0.0065,5.5,63,stable_mid
m_1751,61124,691190,8.0,102,41.34,11.86,0.287,25,33,40,49,63,77,91.95,3.16,48.19,41.0,6.59,1.0,0.0,15.8,82.2,2.0,1.58,94,0.0066,6.3,54,stable_mid
m_1752,62091,691190,8.0,100,7.26,15.99,2.201,0,0,0,0,43,64,17.92,31.39,0.22,0.18,0.82,0.0,80.1,6.5,12.7,0.8,43.0,37,0.1879,5.5,31,bursty
m_1753,61479,691190,8.0,101,43.3,12.45,0.288,25,34,42,52,65,75,91.47,3.55,43.0,36.6,8.51,0.88,0.0,14.0,83.5,2.5,1.55,83,0.0302,8.9,60,stable_mid
m_1754,59390,691190,8.0,105,47.37,10.48,0.221,31,39,47,55,65,74,89.97,4.28,44.88,40.16,9.99,0.9,0.0,2.9,95.2,1.9,1.38,0,0.004,5.6,72,stable_mid
m_1755,60561,687850,7.96,102,31.56,13.47,0.427,14,21,29,40,56,73,90.06,4.25,34.68,23.51,5.11,0.44,0.0,51.1,47.6,1.3,1.93,14,-0.0101,5.5,72,stable_mid
m_1756,60413,678410,7.85,101,43.96,11.68,0.266,27,35,43,52,65,77,90.92,3.74,42.45,33.0,8.71,0.61,0.0,9.1,88.4,2.5,1.51,5,0.0127,5.6,46,stable_mid
m_1757,61638,689930,7.99,101,36.76,12.9,0.351,19,27,35,45,61,74,89.09,4.57,40.33,30.96,6.12,0.63,0.0,32.9,65.4,1.7,1.74,7,0.0129,6.0,63,stable_mid
m_1758,61224,688780,7.97,101,46.72,12.22,0.261,29,37,46,55,68,79,89.82,4.35,50.8,44.13,9.51,0.69,0.0,5.7,90.5,3.8,1.48,39,0.023,6.5,64,stable_mid
m_1759,60437,691190,8.0,103,35.99,12.88,0.358,19,26,34,44,59,74,90.27,3.93,41.91,31.6,6.38,0.99,0.0,35.4,63.1,1.5,1.74,9,0.0325,8.8,40,stable_mid
m_1760,62095,689980,7.99,100,32.54,12.64,0.388,15,23,31,41,55,68,90.06,4.0,38.7,27.05,5.18,0.45,0.0,45.5,53.7,0.8,1.77,4,0.0181,5.6,55,stable_mid
m_1761,59999,680990,7.88,102,46.4,15.02,0.324,27,35,43,56,77,87,86.93,6.6,48.84,39.97,9.47,0.69,0.0,9.3,82.9,7.8,1.79,184,0.0379,5.5,46,stable_mid
m_1762,61267,691190,8.0,102,31.98,12.87,0.402,15,22,30,40,55,71,86.49,11.31,40.27,27.2,5.45,0.46,0.0,48.2,50.7,1.1,1.83,15,0.0007,5.5,72,stable_mid
m_1763,59016,671210,7.77,102,31.24,12.87,0.412,15,22,29,38,55,72,90.16,4.2,41.36,29.88,5.54,0.62,0.0,51.5,47.3,1.2,1.9,19,-0.0037,5.7,63,stable_mid
m_1764,61652,686410,7.94,100,37.69,14.83,0.393,19,27,35,46,64,92,91.18,3.76,47.08,36.43,8.11,0.44,0.0,33.4,63.0,3.6,1.83,31,0.0875,6.5,41,stable_mid
m_1765,61093,691180,8.0,102,39.15,12.76,0.326,22,30,37,47,63,78,90.38,4.32,39.07,26.3,6.8,0.37,0.0,24.8,73.0,2.2,1.7,8,-0.008,5.6,54,stable_mid
m_1766,55403,607610,7.03,98,9.05,19.37,2.141,0,0,0,0,49,90,18.67,33.26,0.31,0.24,1.1,0.0,78.9,3.9,15.1,2.1,49.0,1,0.2779,5.7,27,bursty
m_1767,62301,689460,7.98,100,40.64,12.82,0.315,23,31,39,49,64,75,91.72,3.48,44.27,38.79,10.67,0.62,0.0,21.7,76.0,2.3,1.64,54,-0.0265,5.6,45,stable_mid
m_1768,63075,691190,8.0,99,39.89,12.58,0.315,23,30,38,48,63,76,91.64,3.54,39.92,30.22,7.33,0.7,0.0,22.6,75.4,2.0,1.66,4,0.037,5.9,36,stable_mid
m_1769,63155,691190,8.0,98,33.24,13.81,0.415,15,23,31,42,59,74,86.21,5.97,41.7,30.45,7.33,0.58,0.0,46.0,52.3,1.7,1.9,62,0.0092,5.4,36,stable_mid
m_1770,63211,686100,7.94,98,34.09,13.36,0.392,16,24,32,42,59,75,89.97,4.14,41.86,30.78,5.95,0.45,0.0,42.5,55.7,1.8,1.84,11,0.0225,5.6,36,stable_mid
m_1771,61625,689990,7.99,101,40.05,12.59,0.314,23,31,38,48,63,77,91.96,2.8,42.33,29.99,9.18,0.5,0.0,20.5,77.4,2.1,1.66,46,0.0193,5.8,54,stable_mid
m_1772,59671,691190,8.0,104,43.89,11.46,0.261,27,36,42,51,64,75,91.62,3.4,50.28,43.08,11.33,0.67,0.0,9.2,88.7,2.1,1.52,24,-0.0004,5.7,63,stable_mid
m_1773,63982,691190,8.0,97,41.62,12.55,0.301,23,32,40,50,64,75,91.83,3.18,42.43,35.53,9.21,0.61,0.0,17.7,80.1,2.2,1.6,27,0.0106,6.6,36,stable_mid
m_1774,61351,691180,8.0,101,42.32,12.47,0.295,25,33,41,50,64,77,89.76,5.14,47.83,38.5,6.9,0.67,0.0,15.0,82.6,2.4,1.56,60,0.0311,5.6,54,stable_mid
m_1775,62605,691190,8.0,99,39.31,15.45,0.393,20,28,37,47,68,92,91.55,3.51,15.97,11.76,8.13,0.41,0.0,29.5,65.9,4.7,1.84,313,0.0647,5.9,54,stable_mid
m_1776,62227,691190,8.0,100,32.07,13.25,0.413,14,22,30,40,56,73,90.84,3.52,40.3,28.1,3.36,0.5,0.0,48.0,50.6,1.3,1.87,10,0.0227,5.5,45,stable_mid
m_1777,61829,691180,8.0,100,31.07,12.17,0.392,15,22,29,38,53,68,89.89,4.27,39.89,28.21,5.15,0.75,0.0,51.9,47.2,0.9,1.83,9,-0.0042,5.5,66,stable_mid
m_1778,59381,685110,7.93,104,40.91,12.17,0.297,24,32,39,49,63,76,91.49,3.55,44.85,36.59,8.94,0.88,0.0,17.9,79.9,2.2,1.62,4,0.0093,5.5,81,stable_mid
m_1779,62784,688870,7.97,99,45.38,14.44,0.318,26,34,43,54,72,86,92.24,3.0,44.06,35.67,7.61,0.59,0.0,11.6,82.3,6.1,1.67,3,0.0673,5.5,45,stable_mid
m_1780,61819,691190,8.0,101,39.73,12.48,0.314,22,31,38,47,63,77,91.46,3.88,47.19,37.17,6.91,0.57,0.0,21.5,76.3,2.2,1.66,52,0.0101,5.6,57,stable_mid
m_1781,60580,691180,8.0,103,30.61,12.99,0.424,13,21,29,38,54,70,90.66,3.84,34.59,24.36,4.55,0.48,0.0,50.9,48.1,1.0,1.86,19,-0.007,5.8,53,stable_mid
m_1782,60519,671890,7.78,100,39.99,12.18,0.305,23,31,38,47,62,77,91.27,3.46,40.47,30.71,8.23,0.54,0.0,20.9,76.9,2.2,1.63,33,-0.0032,5.6,40,stable_mid
m_1783,60915,689080,7.98,102,45.25,12.64,0.279,27,36,44,53,69,77,91.17,3.7,52.36,43.58,8.64,0.82,0.0,9.6,85.9,4.5,1.57,229,0.0166,5.6,63,stable_mid
m_1784,61869,691180,8.0,100,39.54,12.45,0.315,23,30,37,47,63,79,91.07,3.62,39.36,29.19,6.55,0.58,0.0,22.7,75.0,2.3,1.7,9,0.0178,5.6,51,stable_mid
m_1785,59933,691190,8.0,104,37.03,14.17,0.383,19,26,34,45,64,80,87.45,5.65,44.1,32.83,8.67,0.53,0.0,34.8,62.3,2.9,1.88,62,0.0038,6.4,63,stable_mid
m_1786,59314,691190,8.0,105,37.07,17.32,0.467,17,25,33,45,72,95,89.97,4.98,42.58,31.86,7.25,0.35,0.0,38.8,55.9,5.3,2.18,80,0.0873,5.7,72,stable_mid
m_1787,60379,691180,8.0,103,43.64,11.93,0.273,27,34,42,51,65,76,90.58,4.4,41.1,33.71,12.3,0.57,0.0,10.5,86.8,2.7,1.55,5,0.0153,6.1,66,stable_mid
m_1788,62351,687910,7.96,99,42.37,12.65,0.298,23,33,42,51,64,76,91.87,3.58,41.07,31.98,7.61,0.48,0.0,16.0,81.7,2.3,1.52,3,0.0212,5.7,37,stable_mid
m_1789,62636,691190,8.0,99,45.55,14.05,0.308,27,35,44,53,71,89,92.0,2.99,45.15,36.42,7.17,0.78,0.0,10.0,84.4,5.6,1.61,3,0.0516,5.6,45,stable_mid
m_1790,60148,691190,8.0,103,46.04,10.89,0.237,30,38,45,54,65,74,91.69,3.4,45.69,39.75,8.05,0.71,0.0,4.2,93.9,1.9,1.44,3,0.0374,5.7,65,stable_mid
m_1791,61764,691190,8.0,101,41.54,11.46,0.276,26,33,40,49,62,73,91.82,3.34,48.07,43.13,8.22,0.82,0.0,14.7,83.7,1.6,1.55,0,-0.0037,5.6,53,stable_mid
m_1792,60605,690480,7.99,103,31.72,12.56,0.396,15,22,30,39,55,70,88.36,7.33,41.67,30.4,4.59,0.51,0.0,48.8,50.1,1.0,1.83,18,-0.0302,5.5,77,stable_mid
m_1793,63294,690320,7.99,98,41.22,14.31,0.347,23,31,39,49,67,90,91.68,3.53,49.98,38.89,7.56,0.58,0.0,21.7,74.2,4.1,1.72,109,0.0555,5.6,33,stable_mid
m_1794,62552,691190,8.0,99,41.18,12.2,0.296,25,32,39,49,63,74,90.45,4.83,44.56,36.36,7.43,0.74,0.0,17.6,80.5,1.9,1.62,9,0.0085,5.6,45,stable_mid
m_1795,61829,689990,7.99,100,37.14,14.6,0.393,18,26,35,46,63,82,90.9,4.46,47.0,33.6,6.27,0.34,0.0,35.2,61.7,3.1,1.8,305,0.0362,6.3,59,stable_mid
m_1796,63553,691190,8.0,98,45.18,12.03,0.266,28,36,44,53,67,78,89.08,7.92,47.17,38.08,8.31,0.59,0.0,7.8,88.8,3.4,1.52,13,-0.0076,5.6,29,stable_mid
m_1797,61285,691190,8.0,102,45.77,12.71,0.278,29,36,44,53,71,82,90.18,4.01,46.08,40.41,8.73,0.83,0.0,6.4,88.3,5.4,1.61,1,0.0512,5.7,54,stable_mid
m_1798,61176,691190,8.0,102,4.17,0.89,0.214,3,4,4,5,6,6,85.49,0.98,22.28,18.02,1.05,0.96,67.0,33.0,0.0,0.0,1.5,0,0.0095,5.7,63,idle_pure
m_1799,62872,691180,8.0,99,40.08,13.97,0.349,21,29,38,49,66,79,88.55,5.35,41.2,32.43,10.46,0.61,0.0,25.4,71.0,3.6,1.74,117,0.0182,5.4,54,stable_mid
m_1800,62296,691190,8.0,100,41.52,11.39,0.274,25,33,40,49,61,73,91.94,3.04,44.62,35.79,7.3,0.78,0.0,14.5,84.1,1.4,1.52,0,0.0534,5.6,43,stable_mid
m_1801,61476,689990,7.99,101,40.76,11.86,0.291,25,32,39,48,62,78,91.25,3.45,36.77,29.64,6.8,0.72,0.0,16.5,81.2,2.3,1.59,40,0.0064,5.6,63,stable_mid
m_1802,61277,691190,8.0,102,0.32,0.47,1.45,0,0,0,1,1,1,13.61,0.49,0.03,0.04,0.0,0.0,100.0,0.0,0.0,0.0,1.0,0,0.0049,5.6,63,bursty
m_1803,60547,683100,7.91,102,32.34,13.11,0.406,15,22,30,40,56,73,90.14,4.24,39.3,29.98,5.2,0.49,0.0,47.9,50.8,1.3,1.87,70,-0.0063,7.7,48,stable_mid
m_1804,63654,688540,7.97,97,39.12,13.24,0.338,21,29,37,47,63,79,91.69,3.64,44.42,35.94,7.72,0.56,0.0,26.6,70.8,2.6,1.7,43,0.0149,5.8,32,stable_mid
m_1805,59313,683850,7.91,104,46.31,11.43,0.247,30,38,45,54,67,76,91.39,3.5,50.42,42.97,3.98,0.33,0.0,4.5,92.1,3.4,1.49,10,0.0118,7.9,63,stable_mid
m_1806,59966,691180,8.0,104,36.53,12.23,0.335,20,27,35,44,59,72,91.54,3.33,43.26,32.28,6.94,0.48,0.0,32.0,66.8,1.3,1.69,7,0.0142,7.1,54,stable_mid
m_1808,60238,667360,7.72,100,9.71,21.76,2.24,0,0,0,0,57,91,17.61,32.29,0.27,0.21,0.77,0.0,79.6,4.3,12.0,4.1,57.0,1,0.2693,5.7,37,bursty
m_1809,62393,691190,8.0,100,32.97,12.96,0.393,15,23,31,41,56,71,84.38,13.76,40.98,30.64,6.04,0.44,0.0,44.7,54.2,1.1,1.81,9,0.0101,5.8,63,stable_mid
m_1810,61466,691190,8.0,101,35.64,13.32,0.374,17,26,34,43,60,78,91.8,3.06,42.16,33.59,6.83,0.74,0.0,36.1,61.7,2.2,1.76,133,0.0198,5.7,72,stable_mid
m_1811,59879,687110,7.95,103,44.16,14.86,0.337,25,33,42,52,73,89,91.98,3.38,42.48,34.56,9.47,0.66,0.0,15.0,79.1,5.9,1.74,13,0.0897,5.6,72,stable_mid
m_1812,61602,691190,8.0,101,35.76,13.36,0.374,18,26,34,43,60,79,91.47,3.44,42.29,32.87,5.95,0.83,0.0,36.5,61.4,2.1,1.76,187,0.0086,6.2,64,stable_mid
m_1813,62780,681490,7.89,98,48.61,12.41,0.255,30,39,47,58,70,78,90.76,4.22,46.42,38.14,7.25,0.42,0.0,4.2,90.1,5.7,1.49,67,0.0155,5.5,27,stable_mid
m_1814,61411,685210,7.93,100,40.11,17.4,0.434,19,27,36,49,81,88,91.67,3.44,35.48,25.16,6.45,0.42,0.0,31.7,60.0,8.3,2.25,51,-0.0138,5.7,54,stable_mid
m_1815,60697,691190,8.0,102,44.47,11.49,0.258,28,36,44,52,65,77,91.31,4.14,49.94,41.86,7.68,0.97,0.0,8.6,88.8,2.6,1.48,44,-0.0078,5.5,63,stable_mid
m_1816,63733,687910,7.96,97,34.94,13.01,0.372,18,25,33,42,59,78,90.37,4.12,40.9,30.01,5.63,0.3,0.0,38.9,59.4,1.7,1.79,160,0.0189,5.7,36,stable_mid
m_1817,61331,691190,8.0,101,33.33,12.91,0.387,16,24,31,41,58,69,90.81,3.55,36.49,24.95,5.36,0.74,0.0,43.6,55.4,1.0,1.87,6,0.0145,5.6,46,stable_mid
m_1818,59598,691180,8.0,104,38.71,14.21,0.367,20,29,37,46,63,91,91.26,3.52,44.34,36.15,7.75,0.56,0.0,27.7,68.9,3.3,1.7,11,0.0646,7.6,65,stable_mid
m_1819,62377,689030,7.97,99,43.45,12.14,0.279,26,34,42,51,65,77,91.1,3.77,45.88,38.79,8.59,0.77,0.0,10.8,86.4,2.8,1.55,72,-0.0202,5.6,45,stable_mid
m_1820,60003,691190,8.0,104,40.25,11.82,0.294,24,32,39,47,62,75,90.88,3.74,44.51,34.55,4.32,0.67,0.0,18.1,80.2,1.7,1.59,0,0.0093,5.4,55,stable_mid
m_1821,61566,691190,8.0,101,41.9,16.15,0.385,22,30,38,50,77,92,89.18,4.72,49.9,38.19,8.18,0.47,0.0,22.7,70.5,6.8,2.03,63,0.0635,5.8,54,stable_mid
m_1822,63043,691190,8.0,99,43.93,13.1,0.298,26,34,42,53,68,78,91.89,2.94,52.66,45.97,9.1,0.68,0.0,13.4,82.6,3.9,1.62,151,0.0269,6.8,48,stable_mid
m_1823,63255,691190,8.0,98,41.52,12.32,0.297,25,32,40,49,64,77,91.78,3.16,53.45,41.94,7.58,0.59,0.0,16.1,81.3,2.6,1.6,12,0.0176,5.6,31,stable_mid
m_1824,63475,691190,8.0,98,44.4,12.56,0.283,27,35,43,53,67,76,90.34,4.64,43.01,35.35,10.95,0.7,0.0,10.3,86.2,3.5,1.56,4,0.0162,5.5,35,stable_mid
m_1825,62378,691190,8.0,100,30.97,11.72,0.378,15,22,29,38,52,67,90.1,4.1,39.73,29.54,9.72,0.57,0.0,51.1,48.1,0.8,1.79,4,0.0018,5.7,45,stable_mid
m_1826,63001,685840,7.94,98,45.59,11.49,0.252,29,37,44,53,66,77,85.81,6.64,43.4,34.07,10.95,0.71,0.0,5.5,91.7,2.8,1.5,0,-0.0137,5.6,36,stable_mid
m_1827,61400,691190,8.0,101,38.24,12.97,0.339,21,29,36,46,62,79,91.21,3.65,42.88,34.47,6.85,0.59,0.0,27.6,70.0,2.4,1.72,54,0.0136,7.4,45,stable_mid
m_1828,61267,683100,7.91,100,41.53,15.52,0.374,22,30,39,50,72,90,90.92,4.14,45.14,36.37,8.15,0.49,0.0,22.4,72.1,5.5,1.85,21,0.0647,6.2,45,stable_mid
m_1829,60538,674830,7.81,100,39.97,13.33,0.333,22,30,38,48,64,82,91.01,5.1,45.93,36.65,6.23,0.66,0.0,23.1,73.7,3.1,1.68,236,0.0033,5.4,54,stable_mid
m_1830,61048,691190,8.0,102,45.69,12.79,0.28,27,36,44,55,67,78,91.07,3.63,45.68,40.74,8.51,0.7,0.0,8.9,87.6,3.5,1.52,99,0.0245,5.5,75,stable_mid
m_1831,60506,691190,8.0,103,42.27,13.3,0.315,25,32,40,49,67,88,92.05,3.02,45.28,37.04,8.45,0.79,0.0,15.4,80.5,4.1,1.68,12,0.0685,6.2,54,stable_mid
m_1832,62692,684790,7.93,98,46.67,13.37,0.286,28,37,45,54,71,86,88.41,6.24,46.08,38.14,8.1,0.7,0.0,6.8,87.7,5.5,1.58,0,0.0459,5.5,36,stable_mid
m_1833,59987,689990,7.99,104,36.98,14.2,0.384,18,26,35,45,64,79,88.7,5.34,41.28,29.8,11.01,0.8,0.0,35.1,61.9,3.0,1.83,33,-0.0165,5.7,63,stable_mid
m_1834,63706,686110,7.94,97,4.08,0.75,0.184,3,4,4,5,5,6,88.19,0.95,21.01,16.56,1.05,0.03,73.6,26.4,0.0,0.0,1.25,0,0.0051,5.6,18,idle_pure
m_1835,62245,691190,8.0,100,41.39,12.79,0.309,23,31,40,50,64,76,91.27,3.54,47.03,38.76,7.17,0.74,0.0,19.7,78.2,2.0,1.6,8,-0.0077,5.6,47,stable_mid
m_1836,62715,687390,7.96,99,39.91,13.52,0.339,22,30,38,48,65,81,90.36,4.0,39.97,29.98,6.93,0.74,0.0,23.9,72.9,3.2,1.71,167,0.0062,5.9,18,stable_mid
m_1837,64213,691190,8.0,97,45.12,13.0,0.288,26,35,44,54,69,77,92.02,3.09,44.34,37.12,8.93,0.61,0.0,11.0,84.6,4.3,1.57,79,0.0175,5.7,36,stable_mid
m_1838,62623,691070,8.0,99,41.1,12.89,0.314,23,31,39,50,64,77,88.81,5.17,46.08,40.32,10.12,1.22,0.0,20.5,77.1,2.4,1.64,4,-0.031,5.7,48,stable_mid
m_1839,60338,689990,7.99,103,37.78,12.25,0.324,21,29,36,45,60,76,91.64,3.38,45.29,35.52,6.93,0.53,0.0,27.2,71.2,1.7,1.67,27,-0.0036,5.6,54,stable_mid
m_1840,63227,691190,8.0,98,46.51,11.09,0.239,30,38,45,54,66,75,90.83,3.66,44.92,38.3,8.64,0.97,0.0,4.5,92.8,2.7,1.47,57,0.0194,5.8,26,stable_mid
m_1841,61648,691190,8.0,101,34.47,13.48,0.391,16,24,32,43,59,75,81.33,16.82,10.15,7.03,7.11,0.57,0.0,41.2,57.1,1.6,1.84,35,0.0352,6.7,28,stable_mid
m_1842,63440,691190,8.0,98,46.55,13.03,0.28,30,37,44,54,73,83,91.15,3.44,46.85,41.62,7.59,0.71,0.0,4.9,88.8,6.3,1.66,100,0.0587,5.5,36,stable_mid
m_1843,59974,686410,7.94,103,46.77,11.26,0.241,30,38,46,55,66,75,91.66,3.07,47.64,40.64,12.23,0.42,0.0,4.8,92.8,2.4,1.43,44,-0.0093,5.6,67,stable_mid
m_1844,58925,691190,8.0,106,44.9,12.04,0.268,26,36,44,53,65,75,90.92,3.89,47.9,41.98,7.48,0.92,0.0,9.8,87.9,2.3,1.48,10,-0.0025,5.6,65,stable_mid
m_1845,64191,691190,8.0,97,36.67,13.94,0.38,19,27,35,44,61,89,90.01,4.38,42.48,32.82,9.54,0.55,0.0,33.5,63.7,2.8,1.74,0,0.0333,6.4,18,stable_mid
m_1846,60659,691190,8.0,103,12.42,3.08,0.248,7,9,13,15,16,18,53.92,2.05,10.89,15.43,2.93,0.74,0.0,100.0,0.0,0.0,1.23,0,0.0099,5.6,56,stable_low
m_1847,61425,691190,8.0,101,40.55,12.51,0.308,24,31,39,48,64,77,91.87,3.15,46.99,35.0,7.24,0.8,0.0,19.4,78.3,2.4,1.64,57,0.0156,5.6,45,stable_mid
m_1848,60824,691190,8.0,101,35.09,16.27,0.464,15,24,32,42,65,93,90.88,3.68,42.35,31.97,5.23,0.59,0.0,40.9,54.6,4.5,2.03,1,0.0488,6.1,42,stable_mid
m_1849,63295,691190,8.0,98,31.62,12.67,0.401,15,22,29,39,55,70,89.06,5.14,37.47,27.36,5.42,0.64,0.0,50.7,48.3,1.1,1.9,9,-0.0109,5.4,28,stable_mid
m_1850,62681,691190,8.0,99,42.27,11.78,0.279,25,33,41,50,63,73,92.08,3.2,42.47,36.13,10.28,0.93,0.0,14.4,83.8,1.8,1.54,58,0.018,5.5,48,stable_mid
m_1851,61423,691180,8.0,101,37.97,13.73,0.362,19,28,36,46,63,80,90.66,4.09,51.85,37.77,7.43,0.62,0.0,30.8,66.5,2.7,1.75,90,0.0425,5.7,67,stable_mid
m_1852,61563,691180,8.0,101,31.78,12.72,0.4,15,22,30,39,55,69,89.51,4.77,39.23,27.72,5.44,0.54,0.0,48.6,50.4,1.0,1.83,10,-0.0094,6.8,69,stable_mid
m_1853,63646,691190,8.0,98,42.28,11.88,0.281,26,33,41,50,64,76,91.66,3.46,43.06,35.49,8.64,0.9,0.0,13.0,84.6,2.4,1.56,48,0.008,5.6,54,stable_mid
m_1854,60264,691190,8.0,103,43.2,13.14,0.304,24,33,42,52,67,78,91.43,3.48,44.8,36.63,6.96,0.96,0.0,15.2,81.4,3.4,1.6,147,0.0125,8.4,54,stable_mid
m_1855,60092,687460,7.96,103,42.39,14.02,0.331,24,32,40,51,68,82,88.14,5.95,42.37,32.04,8.81,0.44,0.0,19.0,76.5,4.5,1.7,84,0.0143,6.0,73,stable_mid
m_1856,60934,691190,8.0,102,48.52,13.61,0.281,30,38,47,57,74,86,91.73,3.36,38.55,31.86,16.42,0.74,0.0,4.5,88.4,7.0,1.57,0,0.0424,9.0,53,stable_mid
m_1857,61372,687290,7.95,101,38.75,13.55,0.35,21,28,37,47,64,78,89.86,4.43,22.83,17.21,6.55,0.35,0.0,28.5,68.7,2.7,1.73,66,0.0047,7.4,53,stable_mid
m_1858,61556,689950,7.99,101,37.7,12.95,0.344,21,28,36,45,62,76,90.36,5.3,36.38,25.84,6.76,0.64,0.0,30.1,67.7,2.1,1.72,11,0.0611,5.6,37,stable_mid
m_1859,63160,687470,7.96,98,37.76,15.23,0.403,19,27,35,46,65,94,90.78,4.13,45.12,34.6,7.57,0.55,0.0,34.0,62.5,3.6,1.86,53,0.0476,5.5,29,stable_mid
m_1860,60770,691190,8.0,102,40.25,12.84,0.319,22,30,39,48,63,78,85.32,11.73,17.21,14.08,8.39,0.52,0.0,22.2,75.5,2.3,1.62,10,-0.0415,5.6,63,stable_mid
m_1861,59764,691180,8.0,104,6.19,1.08,0.174,5,5,6,7,8,9,84.53,0.52,21.97,17.61,1.27,0.05,4.2,95.8,0.0,0.0,1.33,0,0.0061,5.5,76,stable_low
m_1862,59980,691190,8.0,104,48.2,10.83,0.225,32,40,47,56,67,77,91.12,3.91,44.39,36.42,11.03,0.63,0.0,2.5,94.6,2.9,1.43,6,0.0068,5.6,96,stable_mid
m_1863,64286,691190,8.0,97,41.7,13.46,0.323,24,32,39,50,67,81,90.25,4.24,51.06,43.04,9.08,0.48,0.0,18.6,77.7,3.6,1.72,110,-0.0202,5.6,28,stable_mid
m_1864,61931,683690,7.91,99,44.09,12.35,0.28,27,35,42,52,67,79,91.02,3.63,46.46,37.27,7.6,0.57,0.0,9.8,86.7,3.5,1.6,32,-0.007,5.7,51,stable_mid
m_1865,62344,691190,8.0,100,45.67,12.46,0.273,29,37,44,53,68,86,90.38,5.08,49.26,42.04,8.9,0.89,0.0,6.6,89.3,4.1,1.55,14,0.0381,8.3,45,stable_mid
m_1866,62650,690680,7.99,99,34.71,16.68,0.481,14,23,32,42,64,94,90.59,4.06,38.53,27.05,5.78,0.63,0.0,43.6,52.2,4.2,2.0,17,0.072,5.5,36,stable_mid
m_1867,64006,691190,8.0,97,47.04,11.03,0.234,31,39,46,55,66,74,91.14,3.84,46.21,39.54,8.75,0.81,0.0,3.1,94.3,2.6,1.43,0,0.0104,6.4,18,stable_mid
m_1868,58769,691190,8.0,106,39.47,13.72,0.348,21,29,37,48,65,80,90.81,3.94,70.82,33.65,6.79,0.3,0.0,25.9,71.0,3.1,1.76,36,0.015,5.8,75,stable_mid
m_1869,60962,691190,8.0,102,41.57,14.4,0.346,23,31,39,50,69,82,87.41,7.81,53.7,40.87,9.01,0.68,0.0,22.0,73.0,5.0,1.77,192,-0.0265,5.6,54,stable_mid
m_1870,61931,691190,8.0,100,43.48,11.42,0.263,27,35,42,51,63,76,90.55,4.11,45.78,39.49,9.73,0.78,0.0,9.6,88.4,2.0,1.5,15,0.0139,6.4,46,stable_mid
m_1871,60239,685810,7.94,102,33.72,12.76,0.378,17,24,32,41,57,71,90.95,3.57,42.31,30.49,3.3,0.39,0.0,42.7,56.1,1.2,1.78,1,0.0251,5.7,51,stable_mid
m_1872,61651,689990,7.99,101,39.58,12.69,0.321,22,30,38,48,62,77,89.89,5.96,41.36,34.15,7.13,0.64,0.0,22.9,75.1,2.0,1.63,21,0.0114,5.6,55,stable_mid
m_1873,63110,691190,8.0,99,38.5,13.04,0.339,21,29,36,46,63,77,89.29,5.63,46.43,35.43,6.03,0.64,0.0,27.7,70.0,2.3,1.75,12,-0.0412,5.8,27,stable_mid
m_1874,62337,682770,7.9,99,41.18,12.06,0.293,24,32,40,49,64,75,92.16,2.88,44.39,39.54,11.72,0.69,0.0,17.4,80.6,2.0,1.6,26,0.0004,5.6,44,stable_mid
m_1875,60659,691190,8.0,103,27.97,12.3,0.44,12,19,26,35,50,67,84.8,14.39,32.83,22.14,4.41,0.48,0.0,61.5,37.6,0.9,1.92,33,0.003,5.7,61,stable_mid
m_1876,63365,691180,8.0,98,39.82,12.38,0.311,23,31,38,47,62,77,91.31,3.54,36.29,26.66,7.49,0.5,0.0,21.2,76.6,2.1,1.63,76,0.0167,5.4,27,stable_mid
m_1877,61724,691070,8.0,101,38.8,12.71,0.328,22,29,37,47,62,76,90.28,4.92,42.11,33.5,6.33,0.65,0.0,26.5,71.5,2.0,1.68,5,0.0209,5.6,44,stable_mid
m_1878,59533,680400,7.88,103,39.8,14.33,0.36,21,29,37,48,66,83,88.72,7.08,42.17,32.88,7.03,0.64,0.0,27.2,69.1,3.7,1.78,99,-0.0045,5.7,90,stable_mid
m_1879,61904,691190,8.0,100,37.68,12.54,0.333,20,29,36,45,60,78,91.39,3.5,46.62,35.98,6.89,0.57,0.0,27.4,70.6,1.9,1.67,37,-0.0269,5.6,36,stable_mid
m_1880,62887,689110,7.98,99,33.03,15.03,0.455,16,22,30,40,60,91,90.28,4.08,40.49,28.73,5.76,0.43,0.0,49.1,47.5,3.4,2.0,15,0.0268,5.6,46,stable_mid
m_1881,62596,689110,7.98,99,41.76,15.37,0.368,23,31,38,49,76,89,90.53,5.04,45.35,37.83,9.88,0.6,0.0,20.8,72.5,6.7,2.0,78,0.0551,5.4,42,stable_mid
m_1882,61767,691190,8.0,101,34.35,12.79,0.372,17,25,33,42,57,71,89.59,7.93,44.02,33.05,5.16,0.67,0.0,39.2,59.7,1.1,1.73,6,0.0179,5.6,67,stable_mid
m_1883,60979,686520,7.95,101,39.9,13.95,0.35,21,29,38,49,65,80,88.16,5.49,48.76,39.2,9.5,0.65,0.0,26.3,70.4,3.2,1.71,48,-0.0031,5.8,48,stable_mid
m_1884,60940,686990,7.95,101,43.5,12.51,0.288,26,34,42,52,66,77,92.09,3.19,45.17,38.58,11.85,0.87,0.0,12.5,84.6,2.9,1.57,51,0.0123,5.6,63,stable_mid
m_1885,61813,691190,8.0,101,34.23,13.72,0.401,15,24,32,43,59,75,88.79,5.36,43.33,31.88,6.57,0.83,0.0,41.1,57.3,1.5,1.84,58,0.004,5.5,64,stable_mid
m_1886,61331,685090,7.93,101,32.19,15.8,0.491,14,21,29,39,59,94,90.56,3.91,40.21,28.16,5.26,0.59,0.0,51.4,45.2,3.5,2.03,14,0.0399,5.8,54,stable_mid
m_1887,61053,691190,8.0,102,47.36,13.03,0.275,29,38,46,55,71,84,91.94,3.27,44.87,39.7,9.66,0.63,0.0,5.3,89.2,5.5,1.54,6,0.0565,5.6,64,stable_mid
m_1888,59246,691190,8.0,105,45.5,13.47,0.296,28,36,43,53,72,85,89.19,4.78,39.3,29.09,9.01,0.59,0.0,7.6,86.6,5.8,1.67,3,0.0636,11.7,54,stable_mid
m_1889,63070,691190,8.0,99,29.18,13.48,0.462,11,20,27,36,54,76,90.93,3.47,24.42,17.36,5.31,0.33,0.0,58.5,40.0,1.5,2.0,182,-0.0131,5.6,29,stable_mid
m_1890,62175,689930,7.99,100,40.62,12.75,0.314,23,31,39,49,63,77,91.5,3.63,47.65,37.22,7.15,0.79,0.0,20.6,77.2,2.2,1.62,61,0.0199,5.6,62,stable_mid
m_1891,61682,689080,7.98,101,41.82,12.45,0.298,25,32,40,50,64,77,87.42,7.73,51.51,39.89,8.15,0.68,0.0,15.9,81.5,2.5,1.6,12,0.0061,5.6,54,stable_mid
m_1892,60508,688900,7.97,102,3.03,0.5,0.164,2,3,3,3,4,4,78.64,0.99,17.09,12.03,1.01,0.0,99.4,0.6,0.0,0.0,1.33,0,0.0031,5.9,63,idle_pure
m_1893,61601,691190,8.0,101,48.6,13.0,0.268,30,39,47,57,73,85,90.72,3.72,46.59,38.62,8.94,0.58,0.0,3.9,89.7,6.3,1.55,8,0.0627,7.0,54,stable_mid
m_1894,62313,691190,8.0,100,34.88,13.64,0.391,17,25,32,43,60,78,89.89,4.59,43.72,33.3,5.7,0.45,0.0,40.7,57.4,2.0,1.88,72,-0.0097,6.9,63,stable_mid
m_1895,51995,607620,7.03,105,9.1,17.64,1.938,0,0,0,0,48,60,19.63,33.75,0.27,0.2,1.03,0.0,77.5,3.8,18.5,0.2,48.0,0,0.2798,14.2,28,bursty
m_1896,62965,691190,8.0,99,51.5,11.3,0.219,34,43,51,59,72,80,90.56,3.47,49.2,44.05,7.57,0.79,0.0,1.1,92.8,6.1,1.41,0,0.0379,5.7,54,stable_high
m_1897,63176,689980,7.99,98,44.01,19.4,0.441,21,30,39,52,85,89,83.08,16.91,7.67,5.9,7.88,0.57,0.0,24.7,60.8,14.5,2.18,80,0.0149,5.4,42,stable_mid
m_1898,59769,671250,7.77,101,40.23,12.14,0.302,23,31,39,48,62,76,91.23,3.67,40.21,32.31,8.03,0.84,0.0,20.5,77.5,2.0,1.59,52,0.0269,5.6,73,stable_mid
m_1899,62123,673490,7.8,98,42.53,12.18,0.286,25,33,41,50,64,77,91.58,3.65,41.61,34.12,9.47,0.66,0.0,13.7,83.8,2.5,1.56,76,0.0013,5.6,36,stable_mid
m_1900,60893,686100,7.94,101,42.66,12.64,0.296,25,33,41,51,65,77,88.92,5.56,39.24,30.28,8.6,0.94,0.0,14.5,82.6,2.9,1.59,54,-0.0046,5.7,55,stable_mid
m_1901,61458,689420,7.98,101,39.19,14.27,0.364,17,30,38,49,64,75,88.65,6.63,34.83,25.23,6.06,0.35,0.4,24.3,72.8,2.6,1.68,7,0.1008,5.6,54,stable_mid
m_1902,59876,687460,7.96,103,39.88,12.19,0.306,23,31,38,48,62,74,91.21,3.63,41.51,33.15,7.66,0.56,0.0,21.5,76.7,1.8,1.63,0,0.006,5.5,69,stable_mid
m_1903,62723,689980,7.99,99,46.76,11.61,0.248,30,38,45,55,67,77,88.22,5.24,39.2,29.24,9.22,0.72,0.0,3.7,92.7,3.6,1.49,17,0.0249,5.6,36,stable_mid
m_1904,61831,690120,7.99,100,41.81,12.75,0.305,24,32,40,50,64,78,91.7,3.22,27.78,26.1,7.86,0.65,0.0,18.3,79.2,2.4,1.6,59,-0.0082,5.9,63,stable_mid
m_1905,61155,689930,7.99,102,33.52,12.31,0.367,17,24,32,41,56,71,90.78,3.78,42.64,31.27,4.52,0.41,0.0,42.9,56.0,1.1,1.75,8,0.0092,6.3,63,stable_mid
m_1906,61873,691070,8.0,101,40.41,12.24,0.303,24,31,39,48,62,77,91.2,3.79,48.27,42.59,8.45,0.68,0.0,20.3,77.8,2.0,1.59,1,0.0069,5.6,55,stable_mid
m_1907,62564,691190,8.0,99,40.8,12.59,0.308,24,31,39,48,64,78,85.94,7.89,45.42,37.42,7.24,0.73,0.0,18.9,78.5,2.7,1.64,41,0.0391,5.7,48,stable_mid
m_1908,60492,688900,7.97,102,37.99,12.23,0.322,22,29,36,45,61,75,91.86,3.12,44.33,33.15,6.6,0.48,0.0,26.1,72.2,1.7,1.69,53,0.0181,8.8,71,stable_mid
m_1909,61142,687470,7.96,101,41.08,14.43,0.351,22,31,38,49,68,90,90.3,4.26,48.18,39.52,6.38,0.55,0.0,21.6,73.9,4.5,1.79,92,0.0262,7.5,65,stable_mid
m_1910,62177,691190,8.0,100,47.13,11.19,0.237,30,39,46,55,67,76,88.21,5.76,45.64,37.84,8.99,0.47,0.0,3.8,93.3,2.8,1.46,16,0.0202,5.5,54,stable_mid
m_1911,61860,691190,8.0,101,40.13,12.06,0.301,23,31,39,47,62,75,91.8,3.28,41.36,31.41,6.38,0.53,0.0,19.8,78.4,1.8,1.59,50,0.001,5.6,54,stable_mid
m_1912,64153,691190,8.0,97,31.04,12.61,0.406,14,22,29,38,55,71,90.24,4.01,39.44,28.27,5.79,0.45,0.0,51.4,47.5,1.1,1.9,2,0.0047,5.6,36,stable_mid
m_1913,60568,686520,7.95,102,39.24,14.08,0.359,20,30,37,47,64,89,86.83,9.08,49.13,38.99,6.07,0.52,0.0,24.9,71.7,3.3,1.73,80,0.0192,6.7,45,stable_mid
m_1914,63952,691190,8.0,97,7.01,2.63,0.375,4,5,6,7,14,15,83.57,0.77,25.74,20.91,5.48,0.03,7.0,93.0,0.0,0.0,2.33,0,0.0039,6.0,16,stable_low
m_1915,61521,680090,7.87,99,5.45,1.04,0.191,4,5,5,6,7,8,87.67,0.69,22.65,18.74,1.05,0.01,16.5,83.5,0.0,0.0,1.4,0,0.0091,5.6,50,stable_low
m_1916,60897,691190,8.0,102,27.68,12.9,0.466,10,18,26,35,51,69,90.93,3.35,40.0,28.84,5.17,0.45,0.0,61.8,37.3,1.0,1.96,10,-0.0331,5.6,64,stable_mid
m_1917,61471,689970,7.99,101,39.19,11.93,0.304,23,30,37,46,61,74,91.58,3.51,45.02,34.14,6.46,0.59,0.0,21.8,76.6,1.6,1.65,0,-0.0124,6.2,64,stable_mid
m_1918,63873,691190,8.0,97,48.78,11.77,0.241,31,40,48,57,69,77,91.57,3.34,46.94,38.6,59.34,0.22,0.0,3.7,91.9,4.4,1.44,11,-0.0137,5.4,27,stable_mid
m_1919,62410,691190,8.0,100,31.29,12.9,0.412,15,22,29,39,55,72,89.36,4.43,36.73,27.33,5.67,0.73,0.0,51.8,46.9,1.3,1.9,27,0.0098,5.4,36,stable_mid
m_1920,59913,687910,7.96,103,31.26,12.88,0.412,15,22,29,39,55,74,87.27,7.16,44.18,35.88,5.33,0.56,0.0,51.3,47.4,1.3,1.9,75,-0.0209,5.5,72,stable_mid
m_1921,59241,690510,7.99,105,40.0,12.81,0.32,23,30,38,48,63,79,90.91,3.98,47.9,36.21,8.67,0.49,0.0,22.5,75.1,2.5,1.66,48,0.0239,5.6,54,stable_mid
m_1922,61117,689990,7.99,102,44.84,14.65,0.327,24,34,43,54,75,80,91.9,3.32,46.48,39.63,8.38,0.81,0.0,14.8,76.6,8.6,1.74,2,0.0067,5.7,52,stable_mid
m_1923,60966,688520,7.97,102,42.32,12.37,0.292,26,33,40,50,65,80,91.03,4.08,52.05,39.71,7.88,0.43,0.0,13.6,83.1,3.3,1.62,72,0.0147,5.7,54,stable_mid
m_1924,61788,676850,7.83,99,44.93,12.14,0.27,27,36,44,54,65,76,90.21,4.11,48.87,41.6,4.02,0.57,0.0,9.1,88.5,2.5,1.48,7,0.0263,5.6,45,stable_mid
m_1925,61956,678470,7.85,98,47.1,12.22,0.259,29,38,46,56,69,77,90.56,4.26,46.73,40.65,10.36,0.9,0.0,5.1,90.3,4.6,1.5,11,0.0041,5.8,36,stable_mid
m_1926,61800,691190,8.0,101,34.71,13.2,0.38,17,25,33,42,59,75,88.88,4.95,37.04,28.64,6.71,0.54,0.0,38.7,59.7,1.6,1.79,20,0.0127,5.5,54,stable_mid
m_1927,63074,691190,8.0,99,39.35,13.27,0.337,22,29,37,48,64,77,91.34,3.69,41.42,31.49,6.85,0.42,0.0,26.2,71.3,2.5,1.73,4,0.025,5.6,45,stable_mid
m_1928,60764,690680,7.99,102,41.81,12.05,0.288,25,33,40,50,64,75,89.05,5.38,44.63,34.53,7.37,0.72,0.0,15.5,82.4,2.1,1.6,2,0.0236,5.6,72,stable_mid
m_1929,61013,677700,7.84,100,35.64,13.88,0.39,17,26,33,44,61,80,90.03,4.45,42.12,32.09,6.72,0.51,0.0,37.4,60.4,2.2,1.85,77,0.0047,5.6,63,stable_mid
m_1930,62410,691190,8.0,100,31.35,12.87,0.411,14,22,29,39,56,70,90.49,3.87,37.43,25.95,4.65,0.58,0.0,51.6,47.3,1.1,1.93,7,0.0212,5.6,54,stable_mid
m_1931,61168,688870,7.97,101,49.45,11.92,0.241,32,40,48,58,70,79,89.81,4.49,50.62,41.8,10.05,0.86,0.0,2.1,92.2,5.7,1.46,2,0.0103,5.6,61,stable_mid
